stock_code,description,units_sold,net_revenue,orders,customers,avg_unit_price,first_sold_date,last_sold_date
22423,REGENCY CAKESTAND 3 TIER,26478,314045.02,3918,1314,12.49,2010-03-15,2011-12-09
85123A,WHITE HANGING HEART T-LIGHT HOLDER,94203,248337.61,5365,1490,2.74,2009-12-01,2011-12-09
85099B,JUMBO BAG RED RETROSPOT,96757,178400.52,3989,978,1.87,2009-12-01,2011-12-09
47566,PARTY BUNTING,28200,147079.73,2674,894,5.26,2009-12-01,2011-12-09
84879,ASSORTED COLOUR BIRD ORNAMENT,80082,128550.42,2807,1010,1.61,2009-12-01,2011-12-09
22086,PAPER CHAIN KIT 50'S CHRISTMAS,35084,116298.59,2018,896,3.36,2009-12-01,2011-12-09
79321,CHILLI LIGHTS,15841,79905.13,1135,304,5.08,2009-12-01,2011-12-09
22197,SMALL POPCORN HOLDER,88499,78903.62,2322,601,0.9,2009-12-01,2011-12-09
22386,JUMBO BAG PINK POLKADOT,39437,75457.64,2245,601,1.94,2010-01-29,2011-12-09
84347,ROTATING SILVER ANGELS T-LIGHT HLDR,31409,70969.95,756,300,2.27,2009-12-01,2011-12-09
20725,LUNCH BAG RED RETROSPOT,40317,69722.54,3056,845,1.76,2009-12-01,2011-12-09
85099F,JUMBO BAG STRAWBERRY,36860,67473.53,1830,549,1.84,2009-12-01,2011-12-08
23084,RABBIT NIGHT LIGHT,30739,66661.63,994,450,2.18,2011-05-10,2011-12-09
48138,DOORMAT UNION FLAG,10077,66650.90,1664,678,6.65,2009-12-15,2011-12-09
20685,DOORMAT RED RETROSPOT,9783,65784.94,1725,626,6.79,2009-12-01,2011-12-09
21137,BLACK RECORD COVER FRAME,18739,65107.00,634,198,3.48,2009-12-01,2011-12-09
21931,JUMBO STORAGE BAG SUKI,29182,60826.92,2329,546,2.11,2009-12-01,2011-12-09
22502,PICNIC BASKET WICKER SMALL,3766,60443.88,924,335,16.17,2010-05-23,2011-09-25
21621,VINTAGE UNION JACK BUNTING,6900,59742.04,1292,583,8.74,2009-12-01,2011-12-06
21843,RED RETROSPOT CAKE STAND,6128,59648.05,1527,599,10.59,2009-12-01,2011-12-09
85099C,JUMBO  BAG BAROQUE BLACK WHITE,30640,58486.73,1868,506,1.93,2009-12-01,2011-12-09
22114,HOT WATER BOTTLE TEA AND SYMPATHY,11677,58393.94,1583,626,5.07,2009-12-01,2011-12-09
22910,PAPER CHAIN KIT VINTAGE CHRISTMAS,18634,57467.10,1427,701,3.15,2010-09-19,2011-12-09
22112,CHOCOLATE HOT WATER BOTTLE,11065,57294.46,1721,631,5.24,2009-12-01,2011-12-09
15056N,EDWARDIAN PARASOL NATURAL,11286,57134.90,1033,347,5.14,2009-12-01,2011-12-09
22411,JUMBO SHOPPER VINTAGE RED PAISLEY,27281,56527.19,2192,658,2.1,2010-01-29,2011-12-09
82484,WOOD BLACK BOARD ANT WHITE FINISH,9831,56420.73,1176,451,5.77,2009-12-08,2011-12-09
22470,HEART OF WICKER LARGE,17773,52477.43,1952,827,3.01,2010-04-22,2011-12-08
20914,SET/5 RED RETROSPOT LID GLASS BOWLS,18670,51439.76,2030,647,2.81,2009-12-01,2011-12-09
21212,PACK OF 72 RETROSPOT CAKE CASES,94884,51275.49,3118,1115,0.55,2009-12-01,2011-12-09
22178,VICTORIAN GLASS HANGING T-LIGHT,40081,51119.88,1816,593,1.31,2009-12-01,2011-12-09
22139,RETROSPOT TEA SET CERAMIC 11 PC,10609,50828.51,2093,941,4.98,2009-12-01,2011-12-09
21181,PLEASE ONE PERSON METAL SIGN,24732,49891.24,1810,598,2.03,2009-12-01,2011-12-09
21733,RED HANGING HEART T-LIGHT HOLDER,17575,49244.24,1760,744,2.86,2009-12-01,2011-12-08
21929,JUMBO BAG PINK VINTAGE PAISLEY,25608,49168.02,1619,504,1.94,2009-12-01,2011-12-09
22090,PAPER BUNTING RETROSPOT,16698,49141.75,1703,631,3.02,2009-12-01,2011-12-08
22189,CREAM HEART CARD HOLDER,16186,49132.21,1299,536,3.05,2009-12-01,2011-12-08
22111,SCOTTIE DOG HOT WATER BOTTLE,9776,48835.29,1689,717,5.09,2009-12-01,2011-12-09
84946,ANTIQUE SILVER TEA GLASS ETCHED,36696,48707.37,1769,641,1.34,2009-12-01,2011-12-09
48194,DOORMAT HEARTS,7726,48554.39,1349,516,6.31,2009-12-01,2011-12-08
22469,HEART OF WICKER SMALL,27908,48510.46,2151,886,1.75,2010-04-22,2011-12-09
21232,STRAWBERRY CERAMIC TRINKET BOX,37997,48350.48,2435,689,1.3,2009-12-01,2011-12-09
22457,NATURAL SLATE HEART CHALKBOARD,15373,46972.28,2046,874,3.08,2010-03-04,2011-12-09
21731,RED TOADSTOOL LED NIGHT LIGHT,28910,46857.94,1537,415,1.67,2009-12-01,2011-12-09
48187,DOORMAT NEW ENGLAND,7314,46328.94,1282,525,6.34,2009-12-01,2011-12-09
21754,HOME BUILDING BLOCK WORD,7595,46285.34,2066,682,6.12,2009-12-01,2011-12-09
15056BL,EDWARDIAN PARASOL BLACK,9504,46196.10,857,321,4.97,2009-12-01,2011-12-09
21523,DOORMAT FANCY FONT HOME SWEET HOME,6916,46036.17,1122,357,6.66,2009-12-01,2011-12-09
21928,JUMBO BAG SCANDINAVIAN PAISLEY,24268,45665.94,1542,450,1.9,2009-12-01,2011-12-09
22355,CHARLOTTE BAG SUKI DESIGN,31956,45234.87,1742,393,1.42,2009-12-01,2011-12-09
21623,VINTAGE UNION JACK MEMOBOARD,6165,44902.98,530,311,7.36,2010-01-24,2011-12-08
22326,ROUND SNACK BOXES SET OF4 WOODLAND,15446,44089.59,1391,439,2.87,2010-01-07,2011-12-09
20727,LUNCH BAG  BLACK SKULL.,26678,43876.32,2351,705,1.71,2009-12-01,2011-12-09
22383,LUNCH BAG SUKI  DESIGN,25058,42968.55,2398,664,1.73,2010-01-22,2011-12-09
84029E,RED WOOLLY HOTTIE WHITE HEART.,10628,42666.54,1145,500,4.05,2009-12-01,2011-12-09
23298,SPOTTY BUNTING,8466,42665.37,1146,573,5.1,2011-05-04,2011-12-09
82494L,WOODEN FRAME ANTIQUE WHITE,15301,42485.31,1973,631,2.86,2009-12-01,2011-12-08
22138,BAKING SET 9 PIECE RETROSPOT,9366,41829.06,1914,1137,4.9,2009-12-01,2011-12-09
21915,RED  HARMONICA IN BOX,36289,41673.54,1025,467,1.18,2009-12-04,2011-12-07
48185,DOORMAT FAIRY CAKE,6822,41045.16,983,317,6.7,2009-12-01,2011-12-08
23203,JUMBO BAG VINTAGE DOILY,20485,40953.94,1231,505,2.05,2011-05-06,2011-12-09
82482,WOODEN PICTURE FRAME WHITE FINISH,16914,40769.45,2006,601,2.47,2009-12-01,2011-12-09
20728,LUNCH BAG CARS BLUE,24596,40592.30,2067,702,1.72,2009-12-01,2011-12-09
20713,JUMBO BAG OWLS,20814,40218.07,1314,371,1.95,2009-12-01,2011-12-09
21175,GIN + TONIC DIET METAL SIGN,20676,40065.90,1659,553,2.12,2009-12-01,2011-12-09
84997D,PINK 3 PIECE MINI DOTS CUTLERY SET,10653,39668.89,1085,431,3.74,2009-12-01,2011-12-09
22083,PAPER CHAIN KIT RETROSPOT,13716,39015.22,1401,589,2.95,2009-12-01,2011-12-09
84078A,SET/4 WHITE RETRO STORAGE CUBES,1128,38657.31,328,151,38.87,2009-12-02,2011-12-08
22629,SPACEBOY LUNCH BOX,20807,37829.65,1368,456,1.82,2010-07-01,2011-12-09
71477,COLOUR GLASS. STAR T-LIGHT HOLDER,15089,37516.63,809,302,2.96,2009-12-01,2011-12-08
22720,SET OF 3 CAKE TINS PANTRY DESIGN,7483,37378.79,1385,640,5.09,2010-12-13,2011-12-09
22960,JAM MAKING SET WITH JARS,9019,37367.32,1159,583,4.26,2010-11-28,2011-12-09
85066,CREAM SWEETHEART MINI CHEST,3091,37364.58,929,471,12.49,2009-12-01,2011-12-09
82486,WOOD S/3 CABINET ANT WHITE FINISH,4728,37197.18,1274,365,8.05,2009-12-01,2011-12-09
21166,COOK WITH WINE METAL SIGN,19932,37171.63,1425,475,1.91,2009-12-01,2011-12-09
20712,JUMBO BAG WOODLAND ANIMALS,17710,37051.76,1415,387,2.12,2009-12-01,2011-12-09
20726,LUNCH BAG WOODLAND,22118,37008.79,1926,585,1.74,2009-12-01,2011-12-09
22699,ROSES REGENCY TEACUP AND SAUCER,13070,36954.25,1424,524,2.93,2010-08-11,2011-12-09
21485,RETROSPOT HEART HOT WATER BOTTLE,7593,36900.47,1385,657,4.88,2009-12-01,2011-12-09
23284,DOORMAT KEEP CALM AND COME IN,5487,36532.39,728,378,6.95,2011-04-27,2011-12-09
22727,ALARM CLOCK BAKELIKE RED,9234,36228.77,1363,473,3.96,2010-09-24,2011-12-09
21524,DOORMAT SPOTTY HOME SWEET HOME,5255,35899.05,1150,474,6.84,2009-12-01,2011-12-08
20724,RED RETROSPOT CHARLOTTE BAG,32197,34937.38,2035,524,1.09,2009-12-01,2011-12-09
21755,LOVE BUILDING BLOCK WORD,5643,34550.42,1696,661,6.17,2009-12-01,2011-12-09
22379,RECYCLING BAG RETROSPOT,15765,34511.89,1570,423,2.2,2010-01-25,2011-12-09
22328,ROUND SNACK BOXES SET OF 4 FRUITS,12959,34357.86,1159,401,2.79,2010-01-07,2011-12-09
84997B,RED 3 PIECE MINI DOTS CUTLERY SET,9257,34105.24,1019,433,3.73,2009-12-01,2011-12-09
22382,LUNCH BAG SPACEBOY DESIGN,20248,33684.72,2153,790,1.68,2010-01-22,2011-12-08
22384,LUNCH BAG PINK POLKADOT,20783,33653.94,2106,681,1.64,2010-01-25,2011-12-09
22666,RECIPE BOX PANTRY YELLOW DESIGN,10706,33027.07,1657,701,3.15,2010-07-09,2011-12-09
22630,DOLLY GIRL LUNCH BOX,18058,32849.83,1333,423,1.85,2010-07-01,2011-12-09
84997C,BLUE 3 PIECE MINI DOTS CUTLERY SET,8798,32420.88,951,426,3.72,2009-12-01,2011-12-09
22726,ALARM CLOCK BAKELIKE GREEN,7671,32365.57,1273,404,4.25,2010-09-24,2011-12-09
15036,ASSORTED COLOURS SILK FAN,44272,32323.00,991,303,0.74,2009-12-01,2011-12-09
22385,JUMBO BAG SPACEBOY DESIGN,17057,31708.06,1248,412,1.9,2010-01-29,2011-12-08
22077,6 RIBBONS RUSTIC CHARM,17238,31320.06,1751,685,1.83,2009-12-01,2011-12-09
85152,HAND OVER THE CHOCOLATE   SIGN,16373,31292.19,1460,486,1.92,2009-12-01,2011-12-09
22865,HAND WARMER OWL DESIGN,14537,31151.69,1212,566,2.16,2010-09-10,2011-12-09
48184,DOORMAT ENGLISH ROSE,4715,31056.56,851,374,6.61,2009-12-01,2011-12-08
23245,SET OF 3 REGENCY CAKE TINS,6345,30697.05,873,472,4.9,2011-06-08,2011-12-09
85014B,RED RETROSPOT UMBRELLA,6155,30671.48,900,437,5.0,2009-12-01,2011-12-09
21479,WHITE SKULL HOT WATER BOTTLE,6219,30402.62,930,410,5.0,2009-12-01,2011-12-09
22697,GREEN REGENCY TEACUP AND SAUCER,9795,29918.25,1353,480,3.11,2010-08-11,2011-12-09
20679,EDWARDIAN PARASOL RED,6149,29913.87,715,271,4.88,2009-12-01,2011-12-09
84029G,KNITTED UNION FLAG HOT WATER BOTTLE,6830,29314.17,1009,386,4.32,2009-12-01,2011-12-09
21217,RED RETROSPOT ROUND CAKE TINS,2904,29284.74,928,423,10.25,2009-12-01,2011-12-09
22501,PICNIC BASKET WICKER LARGE,2612,29180.91,762,346,11.62,2010-05-21,2011-11-06
23199,JUMBO BAG APPLES,14908,29141.44,978,344,2.04,2011-04-11,2011-12-09
47590B,PINK HAPPY BIRTHDAY BUNTING,5738,29070.81,872,428,5.12,2009-12-07,2011-12-09
22659,LUNCH BOX I LOVE LONDON,15942,28988.86,1075,294,1.85,2010-03-14,2011-12-09
22158,3 HEARTS HANGING DECORATION RUSTIC,8985,28958.38,718,374,3.25,2009-12-03,2011-12-08
22622,BOX OF VINTAGE ALPHABET BLOCKS,2945,28890.76,571,346,10.0,2010-05-07,2011-12-09
48188,DOORMAT WELCOME PUPPIES,4872,28553.75,698,309,5.88,2009-12-01,2011-12-06
23355,HOT WATER BOTTLE KEEP CALM,5816,28301.20,782,474,4.94,2011-08-22,2011-12-09
22188,BLACK HEART CARD HOLDER,10353,28092.28,566,292,2.72,2009-12-14,2011-12-08
84978,HANGING HEART JAR T-LIGHT HOLDER,21689,28058.24,1425,525,1.31,2009-12-04,2011-12-09
22866,HAND WARMER SCOTTY DOG DESIGN,12778,28007.37,1083,530,2.21,2010-09-10,2011-12-09
21977,PACK OF 60 PINK PAISLEY CAKE CASES,56061,27964.43,1993,767,0.5,2009-12-01,2011-12-09
82583,HOT BATHS METAL SIGN,12877,27777.90,1176,323,2.17,2009-12-01,2011-12-09
22492,MINI PAINT SET VINTAGE,43546,27634.94,732,363,0.64,2010-05-06,2011-12-08
20719,WOODLAND CHARLOTTE BAG,24479,27491.60,1573,365,1.13,2009-12-01,2011-12-09
22467,GUMBALL COAT RACK,11868,27393.93,1095,398,2.36,2010-03-04,2011-12-09
21930,JUMBO STORAGE BAG SKULLS,13390,27356.59,1321,386,2.04,2009-12-01,2011-12-09
82483,WOOD 2 DRAWER CABINET WHITE FINISH,4878,27319.52,1123,361,5.95,2009-12-01,2011-12-08
72741,GRAND CHOCOLATECANDLE,19712,27150.16,920,510,1.38,2009-12-01,2011-12-09
22624,IVORY KITCHEN SCALES,3152,27068.53,1219,579,8.66,2010-05-04,2011-12-09
84991,60 TEATIME FAIRY CAKE CASES,54028,26853.26,2127,822,0.5,2009-12-01,2011-12-09
23201,JUMBO BAG ALPHABET,13366,26774.81,906,396,2.08,2011-04-11,2011-12-09
20750,RED RETROSPOT MINI CASES,3688,26722.03,909,471,7.28,2009-12-01,2011-12-09
22734,SET OF 6 RIBBONS VINTAGE CHRISTMAS,9772,26677.05,756,444,2.74,2010-09-16,2011-12-09
71459,HANGING JAM JAR T-LIGHT HOLDER,32989,26481.51,1017,445,0.81,2009-12-02,2011-12-09
22961,JAM MAKING SET PRINTED,17252,26443.83,1200,558,1.56,2010-07-23,2011-12-09
22752,SET 7 BABUSHKA NESTING BOXES,3459,26378.25,692,323,8.14,2010-08-06,2011-12-08
22867,HAND WARMER BIRD DESIGN,11872,25945.43,1054,521,2.2,2010-09-10,2011-12-09
48111,DOORMAT 3 SMILEY CATS,4248,25867.60,720,244,6.11,2009-12-01,2011-12-09
20971,PINK BLUE FELT CRAFT TRINKET BOX,22260,25841.65,1148,490,1.28,2009-12-01,2011-12-09
82600,NO SINGING METAL SIGN,12675,25652.39,1201,385,2.03,2009-12-01,2011-12-09
20711,JUMBO BAG TOYS,12643,25648.82,1052,326,2.03,2009-12-01,2011-12-01
22507,MEMO BOARD RETROSPOT  DESIGN,5455,25485.36,900,445,4.69,2010-03-11,2011-12-09
22551,PLASTERS IN TIN SPACEBOY,15441,25477.72,1299,616,1.68,2010-03-25,2011-12-09
22835,HOT WATER BOTTLE I AM SO POORLY,5302,25338.04,1011,451,5.11,2010-09-12,2011-12-09
21080,SET/20 RED RETROSPOT PAPER NAPKINS,31076,24983.26,2123,798,0.82,2009-12-01,2011-12-08
22149,FELTCRAFT 6 FLOWER FRIENDS,12674,24974.57,1382,684,2.07,2009-12-01,2011-11-10
22087,PAPER BUNTING WHITE LACE,8475,24923.70,847,314,3.0,2009-12-01,2011-12-09
37503,TEA TIME CAKE STAND IN GIFT BOX,2465,24912.88,522,256,10.32,2009-12-01,2010-12-15
22084,PAPER CHAIN KIT EMPIRE,8803,24864.11,811,464,2.86,2009-12-02,2011-12-08
84755,COLOUR GLASS T-LIGHT HOLDER HANGING,40439,24789.78,1259,524,0.62,2009-12-01,2011-12-09
23173,REGENCY TEAPOT ROSES,2766,24442.73,416,248,8.99,2011-05-10,2011-12-09
22722,SET OF 6 SPICE TINS PANTRY DESIGN,5972,24318.26,835,394,4.1,2010-11-11,2011-12-09
84836,ZINC METAL HEART DECORATION,19847,24161.83,1408,662,1.22,2009-12-01,2011-12-08
84077,WORLD WAR 2 GLIDERS ASSTD DESIGNS,106139,24083.93,1019,482,0.23,2009-12-01,2011-12-09
22728,ALARM CLOCK BAKELIKE PINK,6215,24058.56,969,357,3.9,2010-09-24,2011-12-09
22698,PINK REGENCY TEACUP AND SAUCER,8193,23827.87,1033,402,2.98,2010-08-11,2011-12-09
21231,SWEETHEART CERAMIC TRINKET BOX,19428,23739.93,1482,500,1.24,2009-12-01,2011-12-08
21527,RED RETROSPOT TRADITIONAL TEAPOT,3345,23634.99,831,352,7.46,2009-12-01,2011-05-15
21955,DOORMAT UNION JACK GUNS AND ROSES,3911,23551.12,729,279,6.07,2009-12-01,2011-12-09
21481,FAWN BLUE HOT WATER BOTTLE,8174,23547.55,1050,439,3.13,2009-12-01,2011-12-09
21790,VINTAGE SNAP CARDS,27244,23343.50,1888,793,0.86,2009-12-01,2011-12-09
47590A,BLUE HAPPY BIRTHDAY BUNTING,4752,23286.21,689,355,5.09,2009-12-02,2011-12-06
23344,JUMBO BAG 50'S CHRISTMAS,10285,23285.11,716,391,2.31,2011-06-15,2011-12-09
22605,WOODEN CROQUET GARDEN SET,1827,23256.52,642,377,12.82,2010-04-08,2011-12-08
20972,PINK CREAM FELT CRAFT TRINKET BOX,20496,23231.92,1397,568,1.21,2009-12-01,2011-12-09
48173C,DOORMAT BLACK FLOCK,4077,23076.99,500,224,5.67,2009-12-01,2011-12-08
23243,SET OF TEA COFFEE SUGAR TINS PANTRY,4800,22943.87,470,275,4.89,2011-06-08,2011-12-09
22607,WOODEN ROUNDERS GARDEN SET,2533,22772.99,744,419,9.04,2010-04-08,2011-12-08
22625,RED KITCHEN SCALES,2627,22612.35,950,440,8.72,2010-05-04,2011-12-09
22554,PLASTERS IN TIN WOODLAND ANIMALS,13588,22610.57,1275,587,1.68,2010-03-25,2011-12-09
22171,3 HOOK PHOTO SHELF ANTIQUE WHITE,3141,22497.36,661,269,7.55,2009-12-01,2011-12-09
84406B,CREAM CUPID HEARTS COAT HANGER,7131,22417.03,841,318,3.24,2009-12-01,2011-12-05
21936,RED RETROSPOT PICNIC BAG,7805,22349.56,1046,396,2.91,2009-12-02,2011-12-09
21314,SMALL GLASS HEART TRINKET POT,11426,22344.59,1066,369,2.16,2009-12-01,2011-12-09
22556,PLASTERS IN TIN CIRCUS PARADE,13585,22157.53,1196,591,1.64,2010-03-25,2011-12-09
20749,ASSORTED COLOUR MINI CASES,3062,21995.86,766,426,7.22,2009-12-01,2011-12-09
22113,GREY HEART HOT WATER BOTTLE,5759,21904.13,996,488,3.82,2009-12-01,2011-12-09
22499,WOODEN UNION JACK BUNTING,3584,21784.87,774,452,6.09,2010-02-02,2011-12-07
85014A,BLACK/BLUE POLKADOT UMBRELLA,4623,21749.98,684,361,4.72,2009-12-01,2011-12-06
21791,VINTAGE HEADS AND TAILS CARD GAME,17604,21702.35,1313,641,1.3,2009-12-01,2011-12-09
84970S,HANGING HEART ZINC T-LIGHT HOLDER,26444,21689.06,1425,616,0.82,2009-12-01,2011-12-09
22585,PACK OF 6 BIRDY GIFT TAGS,17557,21534.39,1084,612,1.25,2010-03-10,2011-12-09
21210,SET OF 72 RETROSPOT PAPER  DOILIES,15118,21529.64,1161,508,1.44,2009-12-01,2011-12-08
23202,JUMBO BAG VINTAGE LEAF,10941,21367.97,879,377,1.99,2011-05-06,2011-12-09
23209,LUNCH BAG VINTAGE DOILY,13170,21353.02,1098,469,1.63,2011-05-08,2011-12-08
21213,PACK OF 72 SKULL CAKE CASES,40263,21341.81,1481,528,0.53,2009-12-01,2011-12-09
22969,HOMEMADE JAM SCENTED CANDLES,14461,21316.19,709,472,1.49,2010-11-21,2011-12-09
47566B,TEA TIME PARTY BUNTING,5801,21312.99,761,350,4.45,2009-12-01,2011-12-04
22941,CHRISTMAS LIGHTS 10 REINDEER,2615,21117.28,483,315,8.31,2010-10-21,2011-12-09
22456,NATURAL SLATE CHALKBOARD LARGE,4416,21081.70,835,385,4.89,2010-03-04,2011-12-09
23206,LUNCH BAG APPLE DESIGN,12147,20755.43,1036,401,1.72,2011-04-11,2011-12-09
48116,DOORMAT MULTICOLOUR STRIPE,3452,20688.48,496,186,6.0,2009-12-01,2011-12-08
21218,RED SPOTTY BISCUIT TIN,5256,20523.06,897,313,3.96,2009-12-01,2011-12-09
85048,15CM CHRISTMAS GLASS BALL 20 LIGHTS,2685,20505.78,517,309,7.9,2009-12-01,2011-12-09
22294,HEART FILIGREE DOVE  SMALL,16671,20495.63,861,414,1.24,2009-12-01,2011-12-08
22632,HAND WARMER RED RETROSPOT,10290,20468.83,779,438,2.0,2010-09-20,2011-12-09
22356,CHARLOTTE BAG PINK POLKADOT,20015,20441.16,1584,423,1.04,2009-12-01,2011-12-09
22693,GROW A FLYTRAP OR SUNFLOWER IN TIN,17875,20379.08,350,197,1.15,2010-08-05,2011-12-09
22424,ENAMEL BREAD BIN CREAM,1529,20316.44,739,310,13.66,2010-05-16,2011-12-09
21559,STRAWBERRY LUNCH BOX WITH CUTLERY,8227,20259.28,1221,396,2.47,2009-12-01,2011-12-09
20723,STRAWBERRY CHARLOTTE BAG,18296,20243.27,1379,356,1.12,2009-12-01,2011-12-09
85150,LADIES & GENTLEMEN METAL SIGN,8361,20172.77,1110,369,2.42,2009-12-01,2011-12-09
37449,CERAMIC CAKE STAND + HANGING CAKES,2382,20099.15,477,205,9.38,2009-12-01,2011-12-07
21216,"SET 3 RETROSPOT TEA,COFFEE,SUGAR",3884,20057.25,802,269,5.19,2009-12-01,2011-12-09
21258,VICTORIAN SEWING BOX LARGE,1505,20026.41,526,186,14.21,2009-12-01,2011-12-09
21622,VINTAGE UNION JACK CUSHION COVER,3699,19724.09,626,329,5.39,2009-12-01,2011-12-07
21174,POTTERING IN THE SHED METAL SIGN,9696,19586.01,1135,402,2.02,2009-12-01,2011-12-09
22381,TOY TIDY PINK POLKADOT,9265,19556.79,1100,349,2.12,2010-01-24,2011-12-09
22568,FELTCRAFT CUSHION OWL,5479,19519.81,875,389,3.7,2010-03-10,2011-12-07
48129,DOORMAT TOPIARY,3127,19449.76,543,251,6.27,2009-12-01,2011-12-08
22570,FELTCRAFT CUSHION RABBIT,5631,19436.77,807,351,3.71,2010-03-10,2011-11-18
22617,BAKING SET SPACEBOY DESIGN,4251,19399.44,942,600,4.83,2010-03-14,2011-12-09
22413,METAL SIGN TAKE IT OR LEAVE IT,6976,19387.69,881,446,2.83,2010-01-29,2011-12-08
22558,CLOTHES PEGS RETROSPOT PACK 24,13809,19382.46,1202,541,1.41,2010-04-14,2011-12-09
84997A,GREEN 3 PIECE MINI DOTS CUTLERY SET,5185,19302.00,589,278,3.74,2009-12-01,2011-12-09
22900,SET 2 TEA TOWELS I LOVE LONDON,6156,19281.44,723,252,3.22,2010-09-24,2011-12-09
21908,CHOCOLATE THIS WAY METAL SIGN,9678,19058.78,974,382,1.98,2009-12-01,2011-12-09
22952,60 CAKE CASES VINTAGE CHRISTMAS,32988,18998.85,1144,570,0.58,2010-09-17,2011-12-09
22427,ENAMEL FLOWER JUG CREAM,3210,18981.78,798,460,6.0,2010-05-14,2011-11-28
22569,FELTCRAFT CUSHION BUTTERFLY,5521,18933.80,784,360,3.64,2010-03-10,2011-10-25
22561,WOODEN SCHOOL COLOURING SET,11642,18912.57,904,556,1.68,2010-03-25,2011-12-09
21108,FAIRY CAKE FLANNEL ASSORTED COLOUR,12962,18792.90,613,325,1.96,2009-12-01,2011-12-09
22169,FAMILY ALBUM WHITE PICTURE FRAME,2275,18766.40,701,276,8.57,2009-12-01,2011-12-08
84947,ANTIQUE SILVER TEA GLASS ENGRAVED,15810,18699.63,680,312,1.19,2009-12-02,2011-12-09
71053,WHITE METAL LANTERN,4769,18658.25,727,293,3.96,2009-12-01,2011-12-09
22555,PLASTERS IN TIN STRONGMAN,11549,18614.32,967,521,1.62,2010-03-25,2011-12-09
22041,"RECORD FRAME 7"" SINGLE SIZE",7540,18546.92,555,101,2.47,2009-12-01,2011-12-09
21340,CLASSIC METAL BIRDCAGE PLANT HOLDER,1758,18524.03,419,249,10.92,2009-12-02,2011-12-07
21121,SET/10 RED POLKADOT PARTY CANDLES,15215,18230.20,873,466,1.21,2009-12-01,2011-12-09
84949,SILVER HANGING T-LIGHT HOLDER,11945,18222.00,693,330,1.59,2009-12-01,2011-12-08
21035,SET/2 RED RETROSPOT TEA TOWELS,5994,18074.13,929,327,3.11,2009-12-01,2011-12-09
22061,LARGE CAKE STAND  HANGING STRAWBERY,2171,18061.02,520,219,8.81,2009-12-02,2011-12-09
21484,CHICK GREY HOT WATER BOTTLE,4584,18013.19,864,367,3.96,2009-12-01,2011-12-09
22505,MEMO BOARD COTTAGE DESIGN,3773,17940.58,744,397,4.78,2010-03-10,2011-12-09
21430,SET/3 RED GINGHAM ROSE STORAGE BOX,4621,17822.19,814,323,3.9,2009-12-01,2011-12-09
22560,TRADITIONAL MODELLING CLAY,14836,17670.51,742,420,1.2,2010-03-25,2011-12-09
22352,LUNCH BOX WITH CUTLERY RETROSPOT,7090,17665.41,1117,366,2.51,2009-12-01,2011-12-09
84945,MULTI COLOUR SILVER T-LIGHT HOLDER,21605,17604.98,653,344,0.82,2009-12-04,2011-12-09
21914,BLUE HARMONICA IN BOX,12957,17575.36,963,446,1.37,2009-12-01,2011-12-09
22847,BREAD BIN DINER STYLE IVORY,1157,17558.19,482,264,15.86,2010-10-14,2011-12-08
22633,HAND WARMER UNION JACK,8541,17494.77,858,473,2.06,2010-10-07,2011-12-09
47591D,PINK FAIRY CAKE CHILDRENS APRON,9390,17418.89,1140,526,1.86,2009-12-01,2011-12-08
84467,ENGLISH ROSE DESIGN QUILTED THROW,816,17397.76,83,40,21.42,2009-12-06,2010-07-27
20718,RED RETROSPOT SHOPPER BAG,13353,17385.61,1213,428,1.31,2009-12-01,2011-12-09
22297,HEART IVORY TRELLIS SMALL,13715,17358.87,969,391,1.29,2009-12-01,2011-12-08
22557,PLASTERS IN TIN VINTAGE PAISLEY,10369,17289.10,1126,580,1.68,2010-03-25,2011-12-09
84970L,SINGLE HEART ZINC T-LIGHT HOLDER,17400,17142.84,1080,463,0.99,2009-12-01,2011-12-09
21136,PAINTED METAL PEARS ASSORTED,10496,17122.08,739,449,1.66,2009-12-01,2011-12-08
84992,72 SWEETHEART FAIRY CAKE CASES,34797,17084.52,1460,614,0.5,2009-12-01,2011-12-08
22366,DOORMAT AIRMAIL,2540,17032.33,568,252,6.79,2010-01-04,2011-12-08
21889,WOODEN BOX OF DOMINOES,12805,16901.91,1123,595,1.34,2009-12-01,2011-12-09
21156,RETROSPOT CHILDRENS APRON,9137,16859.93,930,472,1.86,2009-12-01,2011-12-08
23240,SET OF 4 KNICK KNACK TINS DOILY,4177,16793.47,536,323,4.07,2011-06-07,2011-12-09
22147,FELTCRAFT BUTTERFLY HEARTS,12828,16750.78,1132,582,1.39,2009-12-01,2011-12-01
22652,TRAVEL SEWING KIT,9910,16701.65,830,440,1.69,2010-07-18,2011-11-24
22654,DELUXE SEWING KIT,2534,16664.87,597,300,6.7,2010-07-19,2011-12-09
21535,RED RETROSPOT SMALL MILK JUG,6776,16613.95,1111,461,2.48,2009-12-01,2011-12-08
22273,FELTCRAFT DOLL MOLLY,7355,16588.19,810,423,2.74,2009-12-01,2011-12-09
21164,HOME SWEET HOME METAL SIGN,5981,16561.51,721,356,2.78,2009-12-01,2011-12-08
22993,SET OF 4 PANTRY JELLY MOULDS,12649,16393.48,1073,431,1.3,2011-02-16,2011-12-09
22776,SWEETHEART CAKESTAND 3 TIER,1708,16300.11,691,420,10.26,2010-10-17,2011-12-09
22837,HOT WATER BOTTLE BABUSHKA,3534,16297.53,450,221,4.66,2010-10-06,2011-09-25
21533,RETRO SPOT LARGE MILK JUG,3343,16239.87,954,425,4.97,2009-12-01,2011-12-09
72760B,VINTAGE CREAM 3 BASKET CAKE STAND,1699,16238.68,494,301,9.66,2009-12-01,2011-12-09
23301,GARDENERS KNEELING PAD KEEP CALM,8807,16158.45,913,405,1.85,2011-05-15,2011-12-09
22662,LUNCH BAG DOLLY GIRL DESIGN,9951,16101.41,994,426,1.63,2010-07-19,2011-12-09
22296,HEART IVORY TRELLIS LARGE,9719,16014.36,833,428,1.65,2009-12-01,2011-12-08
22759,SET OF 3 NOTEBOOKS IN PARCEL,9380,15823.66,795,472,1.69,2010-08-08,2011-11-30
22193,RED DINER WALL CLOCK,1910,15798.38,617,265,8.44,2009-12-01,2011-12-09
22690,DOORMAT HOME SWEET HOME BLUE,2530,15788.05,437,278,6.26,2010-06-28,2011-12-08
21155,RED RETROSPOT PEG BAG,6665,15780.40,969,364,2.45,2009-12-01,2011-12-09
22487,WHITE WOOD GARDEN PLANT LADDER,1632,15738.10,898,611,10.03,2010-03-05,2011-12-08
23313,VINTAGE CHRISTMAS BUNTING,2990,15734.31,401,254,5.28,2011-07-12,2011-12-09
22367,CHILDRENS APRON SPACEBOY DESIGN,8059,15679.22,1156,593,1.96,2010-01-10,2011-12-09
84375,SET OF 20 KIDS COOKIE CUTTERS,7575,15632.28,796,389,2.08,2009-12-01,2011-12-09
22619,SET OF 6 SOLDIER SKITTLES,4008,15582.59,708,421,3.9,2010-05-07,2011-12-09
35004C,SET OF 3 COLOURED  FLYING DUCKS,3035,15447.58,355,112,5.23,2009-12-02,2011-03-07
21891,TRADITIONAL WOODEN SKIPPING ROPE,12142,15429.68,835,483,1.28,2009-12-01,2011-12-08
22749,FELTCRAFT PRINCESS CHARLOTTE DOLL,3759,15350.60,685,383,4.08,2010-09-08,2011-12-09
22692,DOORMAT WELCOME TO OUR HOME,2135,15300.90,606,293,7.48,2010-06-28,2011-12-08
84378,SET OF 3 HEART COOKIE CUTTERS,11637,15272.38,1248,601,1.32,2009-12-01,2011-12-09
22365,DOORMAT RESPECTABLE HOUSE,2329,15267.14,443,193,6.56,2010-01-04,2011-12-08
21844,RED RETROSPOT MUG,5374,15188.24,494,252,2.85,2009-12-01,2011-12-06
21975,PACK OF 60 DINOSAUR CAKE CASES,31332,15187.36,1303,543,0.49,2009-12-01,2011-12-08
22940,FELTCRAFT CHRISTMAS FAIRY,3491,15162.06,586,392,4.38,2010-09-06,2011-12-09
21165,BEWARE OF THE CAT METAL SIGN,9360,15084.79,966,321,1.62,2009-12-01,2011-12-07
22170,PICTURE FRAME WOOD TRIPLE PORTRAIT,2385,15063.37,575,279,6.56,2009-12-02,2011-12-09
22634,CHILDS BREAKFAST SET SPACEBOY,1688,15040.25,499,322,9.45,2010-05-20,2011-12-09
22173,METAL 4 HOOK HANGER FRENCH CHATEAU,5026,15012.18,997,383,3.07,2009-12-01,2011-12-09
35970,ZINC FOLKART SLEIGH BELLS,8375,14949.72,692,415,1.8,2010-01-19,2011-12-09
22909,SET OF 20 VINTAGE CHRISTMAS NAPKINS,17144,14941.60,1086,578,0.89,2010-09-16,2011-12-09
82582,AREA PATROLLED METAL SIGN,7479,14869.60,796,258,2.02,2009-12-01,2011-12-09
21094,SET/6 RED SPOTTY PAPER PLATES,19633,14838.79,984,328,0.78,2009-12-01,2011-12-08
21877,HOME SWEET HOME MUG,14054,14777.93,755,323,1.14,2009-12-01,2011-12-09
21122,SET/10 PINK POLKADOT PARTY CANDLES,12209,14753.53,807,441,1.22,2009-12-01,2011-12-09
22635,CHILDS BREAKFAST SET DOLLY GIRL,1660,14681.56,485,325,9.52,2010-05-20,2011-12-07
22946,WOODEN ADVENT CALENDAR CREAM,976,14670.27,275,152,15.43,2010-09-16,2011-12-08
22730,ALARM CLOCK BAKELIKE IVORY,3702,14649.77,746,289,4.02,2010-09-24,2011-12-09
21770,OPEN CLOSED METAL SIGN,2991,14594.90,651,423,4.95,2009-12-01,2011-12-08
17003,BROCADE RING PURSE,70369,14550.64,456,215,0.21,2009-12-01,2011-12-08
22485,SET OF 2 WOODEN MARKET CRATES,1101,14512.09,419,280,13.33,2010-03-05,2011-12-09
22606,WOODEN SKITTLES GARDEN SET,1069,14451.24,374,269,13.92,2010-04-08,2011-12-08
84050,PINK HEART SHAPE EGG FRYING PAN,9853,14417.70,715,308,1.47,2009-12-01,2011-11-01
21912,VINTAGE SNAKES & LADDERS,3734,14366.33,828,447,3.92,2009-12-01,2011-12-09
21672,WHITE SPOT RED CERAMIC DRAWER KNOB,11120,14329.83,815,278,1.3,2009-12-01,2011-12-09
20748,KENSINGTON COFFEE SET,1600,14266.98,183,86,8.92,2009-12-01,2011-11-28
21169,YOU'RE CONFUSING ME METAL SIGN,8856,14208.04,772,278,1.61,2009-12-08,2011-12-09
22179,SET 10 LIGHTS NIGHT OWL,2023,14200.76,566,201,7.13,2009-12-01,2011-12-09
23200,JUMBO BAG PEARS,7067,13945.33,595,262,2.01,2011-05-06,2011-12-09
22627,MINT KITCHEN SCALES,1600,13891.09,653,322,8.76,2010-05-04,2011-12-09
85232B,SET/3 RUSSIAN DOLL STACKING TINS,3061,13829.78,539,208,5.01,2009-12-01,2011-02-11
84380,SET OF 3 BUTTERFLY COOKIE CUTTERS,10405,13824.95,1114,490,1.35,2009-12-01,2011-12-09
21668,RED STRIPE CERAMIC DRAWER KNOB,10357,13805.75,825,255,1.34,2009-12-01,2011-12-09
22295,HEART FILIGREE DOVE LARGE,8411,13794.34,706,381,1.65,2009-12-01,2011-12-08
21257,VICTORIAN SEWING BOX MEDIUM,1549,13763.18,532,206,9.02,2009-12-01,2011-12-09
22444,GROW YOUR OWN PLANT IN A CAN,10132,13714.10,453,249,1.37,2010-03-23,2011-07-21
21669,BLUE STRIPE CERAMIC DRAWER KNOB,10578,13691.86,805,262,1.31,2009-12-01,2011-12-09
22333,RETROSPOT PARTY BAG + STICKER SET,10030,13691.75,697,333,1.56,2009-12-01,2011-12-07
21259,VICTORIAN SEWING BOX SMALL,2293,13688.27,655,300,6.04,2009-12-01,2011-12-09
22621,TRADITIONAL KNITTING NANCY,8726,13670.27,875,507,1.58,2010-05-06,2011-12-09
23077,DOUGHNUT LIP GLOSS,10395,13620.77,344,217,1.32,2011-03-24,2011-12-09
22191,IVORY DINER WALL CLOCK,1967,13512.20,620,335,8.24,2009-12-01,2011-12-08
21888,BINGO SET,3520,13498.42,825,444,3.94,2009-12-01,2011-12-05
22109,FULL ENGLISH BREAKFAST PLATE,3338,13478.85,642,205,4.12,2009-12-01,2011-12-09
23343,JUMBO BAG VINTAGE CHRISTMAS,6078,13467.03,476,286,2.3,2011-06-13,2011-12-09
21390,FILIGRIS HEART WITH BUTTERFLY,10937,13459.22,588,280,1.24,2009-12-02,2011-12-08
47556B,TEA TIME TEA TOWELS,5201,13288.42,449,209,2.63,2009-12-01,2011-04-18
23356,LOVE HOT WATER BOTTLE,2359,13280.77,476,316,5.65,2011-08-22,2011-12-09
23328,SET 6 SCHOOL MILK BOTTLES IN CRATE,2841,13239.85,405,195,4.67,2011-08-08,2011-12-09
22150,3 STRIPEY MICE FELTCRAFT,7815,13221.75,938,505,1.85,2009-12-01,2011-12-09
35400,WOODEN BOX ADVENT CALENDAR,1435,13219.65,419,241,9.76,2009-12-01,2011-11-23
21539,RED RETROSPOT BUTTER DISH,2723,13217.33,709,290,4.98,2009-12-01,2011-11-14
15044A,PINK PAPER PARASOL,4964,13202.80,250,116,2.66,2009-12-07,2011-12-05
22667,RECIPE BOX RETROSPOT,4845,13192.85,848,406,2.8,2010-07-09,2011-12-09
21673,WHITE SPOT BLUE CERAMIC DRAWER KNOB,10050,13128.44,763,263,1.32,2009-12-01,2011-12-09
22271,FELTCRAFT DOLL ROSIE,4866,13082.53,787,400,2.86,2009-12-01,2011-11-25
22636,CHILDS BREAKFAST SET CIRCUS PARADE,1618,13061.33,489,312,8.3,2010-05-20,2011-12-08
21098,CHRISTMAS TOILET ROLL,8537,13017.54,596,269,1.55,2009-12-01,2011-12-09
21380,WOODEN HAPPY BIRTHDAY GARLAND,5031,12991.62,651,325,2.9,2009-12-03,2011-12-02
22207,FRYING PAN UNION FLAG,3103,12973.82,480,189,4.29,2009-12-01,2011-12-09
23108,SET OF 10 LED DOLLY LIGHTS,2219,12972.92,372,271,5.99,2011-05-11,2011-12-08
20676,RED RETROSPOT BOWL,10475,12948.89,966,372,1.25,2009-12-01,2011-12-08
21935,SUKI  SHOULDER BAG,7127,12907.06,921,234,1.84,2009-12-01,2011-12-09
22088,PAPER BUNTING COLOURED LACE,4399,12878.83,619,266,2.97,2009-12-01,2011-07-06
22584,PACK OF 6 PANNETONE GIFT BOXES,5222,12861.93,589,417,2.54,2010-03-10,2011-12-08
22553,PLASTERS IN TIN SKULLS,7794,12854.75,1090,507,1.67,2010-03-25,2011-12-09
22236,CAKE STAND 3 TIER MAGIC GARDEN,1127,12844.27,421,251,12.39,2009-12-10,2011-11-23
84988,SET OF 72 PINK HEART PAPER DOILIES,8305,12821.97,1019,379,1.55,2009-12-01,2011-12-08
22846,BREAD BIN DINER STYLE RED,825,12814.22,346,189,16.08,2010-10-14,2011-12-08
22580,ADVENT CALENDAR GINGHAM SACK,2322,12809.28,495,275,5.66,2010-07-20,2011-12-09
22804,CANDLEHOLDER PINK HANGING HEART,5261,12781.00,670,351,2.68,2010-09-23,2011-12-08
21871,SAVE THE PLANET MUG,11492,12762.70,779,299,1.19,2009-12-01,2011-12-09
21704,BAG 250g SWIRLY MARBLES,17175,12723.09,568,287,0.77,2009-12-01,2011-12-09
22766,PHOTO FRAME CORNICE,4367,12678.40,640,343,2.95,2010-10-10,2011-12-08
23207,LUNCH BAG ALPHABET DESIGN,7830,12665.95,740,377,1.7,2011-04-11,2011-12-09
21906,PHARMACIE FIRST AID TIN,1786,12616.21,424,214,7.21,2009-12-06,2011-12-09
22464,HANGING METAL HEART LANTERN,7847,12606.41,784,397,1.65,2010-03-04,2011-12-09
22646,CERAMIC STRAWBERRY CAKE MONEY BANK,8913,12499.71,880,404,1.42,2010-05-14,2011-12-09
22947,WOODEN ADVENT CALENDAR RED,1011,12482.88,209,124,12.57,2010-09-16,2011-11-30
62018,SOMBRERO,9567,12450.85,127,70,1.3,2009-12-02,2011-12-06
22616,PACK OF 12 LONDON TISSUES,39147,12438.08,825,319,0.32,2010-05-06,2011-12-09
22198,LARGE POPCORN HOLDER,7331,12412.31,646,240,1.74,2009-12-01,2011-05-01
22303,COFFEE MUG APPLES DESIGN,5439,12365.18,540,266,2.34,2009-12-01,2011-12-09
75049L,LARGE CIRCULAR MIRROR MOBILE,13968,12345.05,344,106,0.94,2009-12-02,2011-12-07
22144,CHRISTMAS CRAFT LITTLE FRIENDS,5134,12283.77,704,392,2.41,2009-12-01,2011-12-09
22631,CIRCUS PARADE LUNCH BOX,6272,12171.65,663,271,1.95,2010-03-14,2011-12-09
22082,RIBBON REEL STRIPES DESIGN,7267,12140.90,957,512,1.68,2009-12-01,2011-12-07
21124,SET/10 BLUE SPOTTY PARTY CANDLES,10029,12111.54,629,406,1.21,2009-12-01,2011-12-09
21671,RED SPOT CERAMIC DRAWER KNOB,9488,12102.01,727,265,1.3,2009-12-01,2011-12-09
22623,BOX OF VINTAGE JIGSAW BLOCKS,2312,12077.23,541,334,5.38,2010-05-06,2011-12-07
23174,REGENCY SUGAR BOWL GREEN,3055,11997.23,322,190,4.04,2011-05-10,2011-12-08
21670,BLUE SPOT CERAMIC DRAWER KNOB,8845,11974.40,767,260,1.37,2009-12-01,2011-12-09
22301,COFFEE MUG CAT + BIRD DESIGN,5009,11932.78,643,273,2.42,2009-12-01,2011-12-09
84212,"ASSORTED FLOWER COLOUR ""LEIS""",24794,11914.69,277,140,0.48,2009-12-06,2011-12-06
21937,STRAWBERRY   PICNIC BAG,4100,11869.72,657,286,2.94,2009-12-02,2011-12-04
22192,BLUE DINER WALL CLOCK,1426,11852.35,543,260,8.49,2009-12-01,2011-12-08
21242,RED RETROSPOT PLATE,7085,11846.75,657,289,1.68,2009-12-01,2011-12-09
84987,SET OF 36 TEATIME PAPER DOILIES,8138,11766.45,812,406,1.46,2009-12-01,2011-12-05
22729,ALARM CLOCK BAKELIKE ORANGE,2999,11733.11,612,236,3.96,2010-09-24,2011-12-04
22243,5 HOOK HANGER RED MAGIC TOADSTOOL,7678,11718.35,388,181,1.54,2009-12-13,2011-11-30
22488,NATURAL SLATE RECTANGLE CHALKBOARD,6905,11707.21,808,426,1.71,2010-03-05,2011-12-09
22750,FELTCRAFT PRINCESS LOLA DOLL,3125,11660.10,647,362,3.74,2010-09-06,2011-12-08
79323W,WHITE CHERRY LIGHTS,3004,11627.62,349,174,6.01,2009-12-01,2011-01-19
47567B,TEA TIME KITCHEN APRON,2166,11607.22,348,179,5.39,2009-12-10,2011-12-05
21428,SET3 BOOK BOX GREEN GINGHAM FLOWER,2883,11596.93,465,228,4.08,2009-12-01,2011-12-06
20969,RED FLORAL FELTCRAFT SHOULDER BAG,3237,11574.61,613,285,3.73,2009-12-01,2011-12-08
23300,GARDENERS KNEELING PAD CUP OF TEA,6809,11554.39,758,351,1.73,2011-05-15,2011-12-09
21326,AGED GLASS SILVER T-LIGHT HOLDER,17770,11527.56,643,307,0.65,2009-12-01,2011-12-09
22791,T-LIGHT GLASS FLUTED ANTIQUE,9458,11519.69,434,226,1.24,2010-10-22,2011-12-09
22943,CHRISTMAS LIGHTS 10 VINTAGE BAUBLES,2381,11506.39,356,215,4.91,2010-10-21,2011-12-09
21787,RAIN PONCHO RETROSPOT,15135,11506.08,469,221,0.79,2010-03-25,2011-12-09
85042,ANTIQUE LILY FAIRY LIGHTS,2685,11477.16,292,142,4.56,2009-12-01,2011-01-06
22508,DOORSTOP RETROSPOT HEART,2880,11464.45,697,400,4.01,2010-03-11,2011-12-08
21154,RED RETROSPOT OVEN GLOVE,8095,11454.20,903,327,1.44,2009-12-01,2011-12-09
22838,3 TIER CAKE TIN RED AND CREAM,922,11419.11,271,184,14.34,2010-10-14,2011-12-09
22663,JUMBO BAG DOLLY GIRL DESIGN,5764,11398.99,688,268,1.99,2010-07-19,2011-12-09
22740,POLKADOT PEN,13345,11395.31,300,163,0.85,2010-09-30,2011-09-26
21260,FIRST AID TIN,3512,11367.18,534,303,3.29,2009-12-01,2011-12-08
23581,JUMBO BAG PAISLEY PARK,5020,11357.07,338,230,2.31,2011-10-25,2011-12-09
22844,VINTAGE CREAM DOG FOOD CONTAINER,1227,11356.98,498,229,9.45,2010-10-17,2011-12-09
22637,PIGGY BANK RETROSPOT,4478,11320.92,598,329,2.57,2010-05-20,2011-11-27
22151,PLACE SETTING WHITE HEART,27562,11276.73,716,361,0.42,2009-12-01,2011-12-09
21172,PARTY METAL SIGN,7685,11271.31,971,420,1.48,2009-12-01,2011-12-09
21429,RED GINGHAM ROSE JEWELLERY BOX,6359,11221.95,997,418,1.78,2009-12-01,2011-12-08
22468,BABUSHKA LIGHTS STRING OF 10,1736,11190.30,413,196,6.65,2010-03-08,2011-12-08
22649,STRAWBERRY FAIRY CAKE TEAPOT,2302,11188.88,486,200,5.01,2010-05-14,2011-12-05
15056P,EDWARDIAN PARASOL PINK,2473,11137.87,344,186,4.94,2009-12-01,2011-12-08
22988,SOLDIERS EGG CUP,9363,11105.67,446,207,1.2,2010-11-23,2011-12-09
22417,PACK OF 60 SPACEBOY CAKE CASES,21451,11097.20,1103,521,0.52,2010-01-31,2011-12-08
22795,SWEETHEART RECIPE BOOK STAND,1597,11056.86,498,227,7.0,2010-10-17,2011-12-09
22620,4 TRADITIONAL SPINNING TOPS,8181,11053.05,841,449,1.35,2010-05-09,2011-12-09
21922,UNION STRIPE WITH FRINGE  HAMMOCK,1443,11008.53,388,204,7.76,2010-04-11,2011-12-08
20975,12 PENCILS SMALL TUBE RED RETROSPOT,18099,10990.36,902,460,0.65,2009-12-01,2011-12-08
72351B,SET/6 PINK  BUTTERFLY T-LIGHTS,5785,10963.29,499,208,1.93,2009-12-03,2011-12-07
22834,HAND WARMER BABUSHKA DESIGN,6900,10956.38,597,300,1.64,2010-09-12,2011-12-09
22968,ROSE COTTAGE KEEPSAKE BOX,1127,10936.27,306,182,9.92,2010-10-22,2011-12-08
47599A,PINK PARTY BAGS,5967,10933.21,369,202,1.87,2009-12-04,2011-12-02
21868,POTTING SHED TEA MUG,9075,10913.25,881,377,1.23,2009-12-01,2011-12-05
20828,GLITTER BUTTERFLY CLIPS,4423,10863.98,607,261,2.47,2009-12-01,2011-12-08
22130,PARTY CONE CHRISTMAS DECORATION,9737,10854.51,424,298,1.13,2009-12-01,2011-12-08
21907,I'M ON HOLIDAY METAL SIGN,5163,10822.12,771,381,2.1,2010-01-29,2011-12-07
21498,RED RETROSPOT WRAP,26726,10809.92,802,454,0.41,2009-12-01,2011-12-08
37370,RETRO COFFEE MUGS ASSORTED,7145,10763.87,492,184,1.51,2009-12-01,2011-11-22
22668,PINK BABY BUNTING,3587,10720.40,579,296,3.04,2010-07-07,2011-12-08
22768,FAMILY PHOTO FRAME CORNICE,1158,10689.52,354,243,9.56,2010-10-10,2011-12-09
22950,36 DOILIES VINTAGE CHRISTMAS,8333,10678.99,352,256,1.37,2010-09-19,2011-11-07
22812,PACK 3 BOXES CHRISTMAS PANNETONE,4879,10642.78,462,270,2.2,2010-09-15,2011-12-05
22694,WICKER STAR,4893,10610.60,858,484,2.24,2010-07-29,2011-12-09
21558,SKULL LUNCH BOX WITH CUTLERY,4207,10577.71,768,267,2.57,2009-12-01,2011-12-09
22274,FELTCRAFT DOLL EMILY,3773,10570.97,656,344,2.85,2009-12-01,2011-12-08
22655,VINTAGE RED KITCHEN CABINET,76,10524.50,53,45,169.01,2010-07-12,2011-11-01
21624,VINTAGE UNION JACK DOORSTOP,1771,10512.40,403,281,6.01,2009-12-01,2011-12-08
22348,TEA BAG PLATE RED RETROSPOT,12453,10498.12,961,344,0.85,2009-12-01,2011-12-09
82001S,VINYL RECORD FRAME SILVER,2926,10490.87,230,86,3.6,2009-12-01,2011-12-08
22595,GINGHAM HEART DECORATION,12535,10440.64,796,481,0.84,2010-07-16,2011-12-08
21890,S/6 WOODEN SKITTLES IN COTTON BAG,3489,10421.40,547,335,3.0,2009-12-01,2011-12-09
21974,SET OF 36 PAISLEY FLOWER DOILIES,7046,10420.70,808,355,1.51,2009-12-02,2011-12-08
22349,DOG BOWL CHASING BALL DESIGN,2571,10419.55,366,226,4.1,2009-12-01,2011-12-05
22302,COFFEE MUG PEARS  DESIGN,4926,10398.10,396,212,2.13,2009-12-01,2011-12-09
21982,PACK OF 12 SUKI TISSUES,32086,10385.05,718,335,0.32,2009-12-07,2011-12-09
21833,CAMOUFLAGE LED TORCH,6239,10384.17,444,210,1.71,2009-12-01,2011-12-09
20754,RETROSPOT RED WASHING UP GLOVES,5094,10378.52,852,363,2.05,2009-12-01,2011-11-20
22064,PINK DOUGHNUT TRINKET POT,6606,10371.41,693,213,1.6,2009-12-01,2011-12-09
21086,SET/6 RED SPOTTY PAPER CUPS,16658,10359.17,843,311,0.65,2009-12-01,2011-12-06
23208,LUNCH BAG VINTAGE LEAF DESIGN,6308,10332.06,668,305,1.66,2011-04-12,2011-12-09
22174,PHOTO CUBE,5122,10295.13,557,178,2.03,2009-12-01,2011-12-09
22418,10 COLOUR SPACEBOY PEN,12314,10240.93,586,332,0.85,2010-05-06,2011-12-09
22089,PAPER BUNTING VINTAGE PAISLEY,3506,10129.45,552,290,2.94,2009-12-01,2011-12-05
22120,WELCOME  WOODEN BLOCK LETTERS,1018,10126.59,367,196,10.13,2009-12-01,2011-12-05
22748,POPPY'S PLAYHOUSE KITCHEN,4142,10125.70,742,410,2.45,2010-09-24,2011-12-09
22966,GINGERBREAD MAN COOKIE CUTTER,8219,10125.01,732,422,1.23,2010-11-09,2011-12-09
22380,TOY TIDY SPACEBOY,4964,10123.16,688,300,2.06,2010-01-22,2011-12-09
22725,ALARM CLOCK BAKELIKE CHOCOLATE,2518,10111.17,549,217,4.1,2010-09-24,2011-12-09
22771,CLEAR DRAWER KNOB ACRYLIC EDWARDIAN,7489,10109.58,512,201,1.35,2010-10-17,2011-12-08
22970,LONDON BUS COFFEE MUG,4334,10107.00,317,180,2.34,2010-12-15,2011-12-08
21033,JUMBO BAG CHARLIE AND LOLA TOYS,4590,10100.82,573,163,2.21,2009-12-01,2011-09-08
21892,TRADITIONAL WOODEN CATCH CUP GAME,7826,10083.78,818,447,1.3,2009-12-01,2011-12-09
21531,RED RETROSPOT SUGAR JAM BOWL,4073,10081.57,776,324,2.5,2009-12-01,2011-12-08
23170,REGENCY TEA PLATE ROSES,6857,10050.95,445,224,1.62,2011-05-10,2011-12-09
20682,RED RETROSPOT CHILDRENS UMBRELLA,3068,9992.56,589,296,3.32,2009-12-01,2011-12-08
23582,VINTAGE DOILY JUMBO BAG RED,4802,9983.73,259,186,2.13,2011-10-25,2011-12-08
21756,BATH BUILDING BLOCK WORD,1612,9908.95,581,327,6.17,2009-12-01,2011-12-08
23171,REGENCY TEA PLATE GREEN,6247,9905.74,381,195,1.61,2011-05-10,2011-12-09
23076,ICE CREAM SUNDAE LIP GLOSS,8076,9900.76,277,202,1.23,2011-03-24,2011-12-09
22131,FOOD CONTAINER SET 3 LOVE HEART,5243,9885.79,692,276,1.89,2009-12-01,2011-12-08
22327,ROUND SNACK BOXES SET OF 4 SKULLS,3065,9879.05,646,256,3.24,2010-01-10,2011-12-09
22904,CALENDAR PAPER CUT DESIGN,3467,9869.15,463,269,3.1,2010-09-19,2011-11-17
84792,ENCHANTED BIRD COATHANGER 5 HOOK,2297,9849.06,519,248,4.41,2009-12-01,2011-12-08
84880,WHITE WIRE EGG HOLDER,1729,9816.09,375,185,5.72,2009-12-03,2011-12-07
20979,36 PENCILS TUBE RED RETROSPOT,8156,9808.63,709,310,1.26,2009-12-01,2011-12-09
22645,CERAMIC HEART FAIRY CAKE MONEY BANK,5560,9799.18,741,341,1.79,2010-05-14,2011-12-09
22840,ROUND CAKE TIN VINTAGE RED,1323,9794.10,402,281,7.58,2010-10-13,2011-12-08
22466,FAIRY TALE COTTAGE NIGHTLIGHT,5312,9786.23,394,199,1.86,2010-03-05,2011-12-09
21488,RED WHITE SCARF  HOT WATER BOTTLE,2384,9784.58,359,216,4.1,2009-12-01,2011-03-01
20677,PINK POLKADOT BOWL,7774,9780.75,760,268,1.26,2009-12-01,2011-12-08
79323P,PINK CHERRY LIGHTS,2281,9766.58,265,132,6.04,2009-12-01,2011-02-11
22745,POPPY'S PLAYHOUSE BEDROOM,3976,9737.34,703,377,2.46,2010-09-24,2011-12-09
22300,COFFEE MUG DOG + BALL DESIGN,4116,9730.75,526,254,2.4,2009-12-01,2011-12-09
22549,PICTURE DOMINOES,6521,9716.96,711,403,1.49,2010-03-25,2011-12-09
22429,ENAMEL MEASURING JUG CREAM,2280,9665.54,625,364,4.32,2010-03-18,2011-12-09
22180,RETROSPOT LAMP,975,9620.18,410,226,10.36,2009-12-01,2011-11-07
47570B,TEA TIME TABLE CLOTH,973,9600.97,224,129,9.89,2009-12-01,2011-03-29
21749,LARGE RED RETROSPOT WINDMILL,5657,9599.08,286,153,1.94,2009-12-09,2011-11-29
79000,MOROCCAN TEA GLASS,11973,9588.01,436,195,0.82,2009-12-01,2011-09-12
21781,MA CAMPAGNE CUTLERY BOX,655,9525.12,363,150,15.46,2009-12-01,2011-07-10
82552,WASHROOM METAL SIGN,6955,9518.41,794,346,1.37,2009-12-02,2011-12-09
35961,FOLKART ZINC HEART CHRISTMAS DEC,11430,9513.93,637,262,0.83,2009-12-01,2011-12-08
16014,SMALL CHINESE STYLE SCISSOR,29355,9513.10,93,46,0.32,2009-12-03,2011-12-09
22665,RECIPE BOX BLUE SKETCHBOOK DESIGN,2955,9459.89,703,326,3.25,2010-07-11,2011-11-25
20970,PINK FLORAL FELTCRAFT SHOULDER BAG,2490,9376.04,574,278,3.77,2009-12-01,2011-12-09
21716,BOYS VINTAGE TIN SEASIDE BUCKET,3709,9371.57,496,241,2.53,2009-12-13,2011-12-09
23175,REGENCY MILK JUG PINK,3160,9361.65,329,206,3.03,2011-05-10,2011-12-09
21385,IVORY HANGING DECORATION  HEART,10832,9353.84,690,320,0.86,2009-12-01,2011-12-08
22978,PANTRY ROLLING PIN,2464,9292.37,238,153,3.88,2011-02-17,2011-12-08
21243,PINK  POLKADOT PLATE,5636,9260.66,503,210,1.65,2009-12-01,2011-12-08
84692,BOX OF 24 COCKTAIL PARASOLS,19085,9249.74,1122,348,0.49,2009-12-02,2011-12-09
22992,REVOLVER WOODEN RULER,5233,9180.59,348,217,1.98,2011-02-17,2011-12-09
22219,LOVEBIRD HANGING DECORATION WHITE,9771,9176.59,1149,384,0.95,2009-12-01,2011-12-09
20747,PICCADILLY TEA SET,683,9169.52,108,48,13.51,2009-12-01,2010-05-21
22357,KINGS CHOICE BISCUIT TIN,2073,9154.41,462,259,4.51,2010-01-07,2011-12-09
21745,GAOLERS KEYS DECORATIVE GARDEN,2699,9130.24,486,236,3.41,2009-12-01,2011-12-07
22741,FUNKY DIVA PEN,10652,9129.68,292,132,0.86,2010-09-30,2011-12-09
22121,NOEL WOODEN BLOCK LETTERS,1481,9120.01,438,303,6.19,2009-12-01,2011-12-09
22195,LARGE HEART MEASURING SPOONS,5127,9115.89,811,325,1.78,2009-12-01,2011-12-09
22767,TRIPLE PHOTO FRAME CORNICE,1004,9080.23,295,197,9.44,2010-10-10,2011-12-08
22072,RED RETROSPOT TEA CUP AND SAUCER,2405,9047.26,511,200,3.84,2009-12-01,2011-12-09
21933,PINK VINTAGE PAISLEY PICNIC BAG,4116,9029.58,625,294,2.21,2009-12-02,2011-12-08
23080,RED METAL BOX TOP SECRET,1074,9026.87,257,148,8.49,2011-05-11,2011-12-09
21041,RED RETROSPOT OVEN GLOVE DOUBLE,2666,9010.94,525,191,3.39,2009-12-01,2011-11-23
84030E,ENGLISH ROSE HOT WATER BOTTLE,2122,8986.90,485,254,4.26,2009-12-03,2011-12-08
22244,3 HOOK HANGER MAGIC GARDEN,4760,8984.96,431,169,1.91,2009-12-09,2011-10-28
23319,BOX OF 6 MINI 50'S CRACKERS,3720,8974.56,403,300,2.48,2011-07-07,2011-12-09
21777,RECIPE BOX WITH METAL HEART,1126,8956.26,367,169,8.06,2009-12-01,2010-12-09
21985,PACK OF 12 HEARTS DESIGN TISSUES,25523,8940.79,919,493,0.35,2009-12-01,2011-12-08
22989,SET 2 PANTRY DESIGN TEA TOWELS,2811,8921.27,372,241,3.2,2011-02-03,2011-12-09
21658,GLASS  BEURRE DISH,2225,8920.45,519,166,4.17,2009-12-01,2011-10-13
21715,GIRLS VINTAGE TIN SEASIDE BUCKET,3553,8917.49,487,255,2.53,2009-12-13,2011-12-08
22141,CHRISTMAS CRAFT TREE TOP ANGEL,3663,8861.61,572,313,2.43,2009-12-01,2011-12-09
22371,AIRLINE BAG VINTAGE TOKYO 78,1828,8859.92,684,285,4.89,2010-02-12,2011-12-09
23439,HAND WARMER RED LOVE HEART,3986,8855.51,397,268,2.22,2011-08-24,2011-12-09
22942,CHRISTMAS LIGHTS 10 SANTAS,1221,8853.56,246,176,7.75,2010-10-21,2011-12-09
23318,BOX OF 6 MINI VINTAGE CRACKERS,3809,8793.70,376,270,2.41,2011-07-04,2011-12-09
22839,3 TIER CAKE TIN GREEN AND CREAM,579,8749.12,260,142,15.49,2010-10-14,2011-12-08
23322,LARGE WHITE HEART OF WICKER,3069,8708.36,562,350,2.89,2011-06-12,2011-12-09
84839,SWEETHEART KEY CABINET,1523,8668.45,393,219,5.74,2009-12-01,2011-04-11
22895,SET OF 2 TEA TOWELS APPLE AND PEARS,2847,8630.79,411,232,3.04,2010-09-24,2011-12-09
21042,RED SPOTTY APRON,1473,8611.51,399,200,5.92,2009-12-01,2011-12-08
21980,PACK OF 12 RED RETROSPOT TISSUES,31337,8594.46,676,406,0.28,2009-12-01,2011-12-09
21735,TWO DOOR CURIO CABINET,853,8577.25,262,139,13.03,2009-12-01,2011-09-16
23534,WALL ART STOP FOR TEA,1387,8567.25,260,159,6.21,2011-10-02,2011-12-09
22212,FOUR HOOK  WHITE LOVEBIRDS,4024,8558.30,828,323,2.15,2009-12-01,2011-12-09
22110,BIRD HOUSE HOT WATER BOTTLE,2609,8553.56,512,217,3.28,2009-12-01,2011-12-09
21186,WHITE DOVE HONEYCOMB PAPER GARLAND,5272,8517.67,369,187,1.62,2009-12-01,2010-12-14
84032A,CHARLIE+LOLA PINK HOT WATER BOTTLE,3234,8512.00,662,227,2.67,2009-12-01,2011-12-09
23078,ICE CREAM PEN LIP GLOSS,6831,8493.34,257,159,1.25,2011-03-24,2011-12-07
23493,VINTAGE DOILY TRAVEL SEWING KIT,3964,8486.58,415,282,2.14,2011-09-22,2011-12-09
23082,SET 6 PAPER TABLE LANTERN HEARTS,2328,8455.60,297,205,3.68,2011-05-11,2011-12-09
21932,SCANDINAVIAN PAISLEY PICNIC BAG,3871,8440.31,649,315,2.2,2009-12-02,2011-12-09
23535,WALL ART BICYCLE SAFETY,1324,8434.29,215,135,6.37,2011-10-02,2011-12-09
22751,FELTCRAFT PRINCESS OLIVIA DOLL,2264,8423.47,466,269,3.73,2010-09-05,2011-12-09
85049E,SCANDINAVIAN REDS RIBBONS,6316,8418.47,830,434,1.34,2009-12-01,2011-12-09
48189,DOOR MAT FRIENDSHIP,1321,8402.78,274,152,6.41,2009-12-01,2011-04-26
22283,6 EGG HOUSE PAINTED WOOD,1032,8389.99,382,196,8.27,2009-12-01,2011-12-08
21135,VICTORIAN  METAL POSTCARD SPRING,5985,8384.44,405,251,1.43,2009-12-02,2011-12-08
22354,RETROSPOT PADDED SEAT CUSHION,2228,8383.67,280,157,3.79,2009-12-02,2011-12-06
22329,ROUND CONTAINER SET OF 5 RETROSPOT,5159,8382.60,610,261,1.63,2010-01-10,2011-12-09
23321,SMALL WHITE HEART OF WICKER,4716,8374.19,629,378,1.79,2011-06-09,2011-12-08
22078,RIBBON REEL LACE DESIGN,3984,8370.14,480,246,2.12,2009-12-02,2011-12-09
22079,RIBBON REEL HEARTS DESIGN,5028,8357.19,684,397,1.68,2009-12-01,2011-12-07
23256,CHILDRENS CUTLERY SPACEBOY,2113,8329.07,368,232,4.1,2011-04-07,2011-12-09
21411,GINGHAM HEART  DOORSTOP RED,2090,8318.94,624,358,4.0,2009-12-01,2011-12-09
22215,CAKE STAND WHITE TWO TIER LACE,1085,8299.93,359,245,8.12,2009-12-01,2011-12-09
22073,RED RETROSPOT STORAGE JAR,2124,8293.61,474,227,3.98,2009-12-01,2011-05-04
20974,12 PENCILS SMALL TUBE SKULL,13219,8288.74,822,370,0.66,2009-12-01,2011-12-09
21244,BLUE POLKADOT PLATE,5045,8240.20,445,207,1.64,2009-12-01,2011-12-06
22628,PICNIC BOXES SET OF 3 RETROSPOT,1744,8234.15,350,172,4.8,2010-07-01,2011-12-09
22358,KINGS CHOICE TEA CADDY,2651,8223.26,605,295,3.17,2010-01-06,2011-12-09
21934,SKULL SHOULDER BAG,4597,8174.57,725,164,1.8,2009-12-01,2011-12-09
21874,GIN AND TONIC MUG,6332,8172.71,617,211,1.3,2009-12-02,2011-12-09
22055,MINI CAKE STAND  HANGING STRAWBERY,4925,8096.24,724,252,1.66,2009-12-01,2011-12-08
82551,LAUNDRY 15C METAL SIGN,5641,8073.44,751,306,1.43,2009-12-01,2011-12-08
84508A,CAMOUFLAGE DESIGN TEDDY,3809,8069.58,108,51,2.12,2009-12-01,2011-09-21
85049A,TRADITIONAL CHRISTMAS RIBBONS,6151,8051.03,667,387,1.32,2009-12-01,2011-12-09
21238,RED RETROSPOT CUP,9477,8037.61,903,324,0.86,2009-12-01,2011-12-09
20829,GLITTER HANGING BUTTERFLY STRING,4820,8023.06,481,207,2.04,2009-12-01,2011-12-08
20675,BLUE POLKADOT BOWL,6465,8018.02,693,281,1.25,2009-12-01,2011-12-08
22689,DOORMAT MERRY CHRISTMAS RED,1092,8012.72,264,182,7.66,2010-06-28,2011-11-28
85067,CREAM SWEETHEART WALL CABINET,496,7999.54,175,110,16.54,2009-12-01,2011-01-13
22592,CARDHOLDER HOLLY WREATH METAL,1980,7949.34,304,207,4.02,2010-07-27,2011-12-09
21115,ROSE CARAVAN DOORSTOP,1247,7949.09,431,266,6.38,2009-12-01,2011-12-09
72807C,SET/3 VANILLA SCENTED CANDLE IN BOX,1983,7922.79,345,164,4.28,2009-12-01,2011-12-01
21116,OWL DOORSTOP,1355,7895.06,534,164,5.83,2009-12-01,2011-12-05
22350,ILLUSTRATED CAT BOWL,2840,7878.34,331,169,2.78,2009-12-01,2011-12-08
22353,LUNCH BOX WITH CUTLERY FAIRY CAKES,3039,7866.89,493,200,2.61,2009-12-01,2011-05-08
22275,WEEKEND BAG VINTAGE ROSE PAISLEY,946,7832.83,313,168,8.32,2009-12-01,2010-12-02
22738,RIBBON REEL SNOWY VILLAGE,4447,7805.57,498,274,1.8,2010-09-16,2011-12-09
21875,KINGS CHOICE MUG,6818,7800.55,414,218,1.16,2009-12-01,2011-12-09
21976,PACK OF 60 MUSHROOM CAKE CASES,14570,7762.12,950,404,0.53,2009-12-01,2011-12-09
23238,SET OF 4 KNICK KNACK TINS LONDON,1849,7706.01,274,150,4.2,2011-06-07,2011-12-09
21110,LARGE CAKE TOWEL PINK SPOTS,1640,7690.47,329,173,4.71,2009-12-01,2011-11-25
21588,RETROSPOT GIANT TUBE MATCHES,3351,7684.80,284,191,2.31,2009-12-01,2011-12-08
22504,CABIN BAG VINTAGE RETROSPOT,366,7662.78,115,55,21.82,2010-05-04,2011-12-05
22813,PACK 3 BOXES BIRD PANNETONE,3945,7661.88,373,222,1.94,2010-09-16,2011-12-09
23007,SPACEBOY BABY GIFT SET,498,7640.05,184,110,15.55,2011-03-09,2011-12-09
21769,VINTAGE POST OFFICE CABINET,123,7635.07,48,42,64.67,2009-12-03,2010-12-07
20717,STRAWBERRY SHOPPER BAG,6296,7630.23,757,283,1.23,2009-12-04,2011-12-09
21381,MINI WOODEN HAPPY BIRTHDAY GARLAND,5104,7618.29,532,234,1.68,2009-12-03,2011-12-06
84568,GIRLS ALPHABET IRON ON PATCHES,37066,7607.02,310,49,0.21,2009-12-01,2011-12-09
23204,CHARLOTTE BAG APPLES DESIGN,7976,7603.60,583,199,0.97,2011-04-11,2011-12-09
22165,"DIAMANTE HEART SHAPED WALL MIRROR,",976,7584.48,272,82,7.86,2009-12-01,2011-12-09
84968C,SET OF 16 VINTAGE PISTACHIO CUTLERY,637,7578.25,191,64,11.98,2009-12-01,2011-11-23
22528,GARDENERS KNEELING PAD,5824,7567.16,554,284,1.31,2010-03-26,2010-12-07
22809,SET OF 6 T-LIGHTS SANTA,2568,7532.72,379,259,2.98,2010-09-20,2011-12-09
84032B,CHARLIE + LOLA RED HOT WATER BOTTLE,3285,7530.35,601,288,2.34,2009-12-01,2011-12-09
21870,I CAN ONLY PLEASE ONE PERSON MUG,6083,7506.24,630,243,1.25,2009-12-01,2011-08-24
22784,LANTERN CREAM GAZEBO,1551,7478.14,369,234,4.98,2010-10-22,2011-12-08
85064,CREAM SWEETHEART LETTER RACK,1595,7472.86,279,172,4.7,2009-12-01,2011-04-11
22669,RED BABY BUNTING,2386,7471.69,438,263,3.19,2010-07-06,2011-12-08
22242,"HOOK, 5 HANGER , MAGIC TOADSTOOL",4756,7465.86,368,186,1.59,2009-12-10,2011-02-16
22224,WHITE LOVEBIRD LANTERN,2373,7463.04,401,234,3.17,2009-12-01,2011-12-09
22796,PHOTO FRAME 3 CLASSIC HANGING,806,7456.60,316,201,9.95,2010-10-10,2011-12-08
22489,PACK OF 12 TRADITIONAL CRAYONS,17916,7419.79,785,417,0.42,2010-03-02,2011-12-09
21746,SMALL RED RETROSPOT WINDMILL,5965,7395.84,488,234,1.25,2009-12-01,2011-11-29
22588,CARD HOLDER GINGHAM HEART,2849,7364.97,483,320,2.73,2010-07-16,2011-12-08
21737,SET 3 WICKER LOG BASKETS,398,7362.66,164,118,18.5,2009-12-01,2010-10-18
22890,NOVELTY BISCUITS CAKE STAND 3 TIER,800,7340.61,260,148,9.78,2010-10-14,2011-12-09
22550,HOLIDAY FUN LUDO,2058,7339.64,425,275,3.73,2010-03-25,2011-12-08
82580,BATHROOM METAL SIGN,13249,7329.03,1336,443,0.56,2009-12-01,2011-12-09
51008,AFGHAN SLIPPER SOCK PAIR,2604,7324.75,80,44,3.22,2009-12-02,2011-12-08
72351A,SET/6 TURQUOISE BUTTERFLY T-LIGHTS,3728,7301.65,399,174,1.98,2009-12-02,2011-12-08
21561,DINOSAUR LUNCH BOX WITH CUTLERY,2969,7296.26,522,260,2.46,2009-12-01,2011-12-08
23382,BOX OF 6 CHRISTMAS CAKE DECORATIONS,1875,7292.43,220,136,3.92,2011-10-13,2011-12-09
22282,12 EGG HOUSE PAINTED WOOD,561,7279.19,216,92,13.02,2009-12-01,2011-12-08
22029,SPACEBOY BIRTHDAY CARD,17602,7255.56,1101,429,0.41,2009-12-01,2011-12-09
21876,POTTERING MUG,5663,7238.85,623,239,1.3,2009-12-01,2011-12-09
21114,LAVENDER SCENTED FABRIC HEART,5666,7231.14,494,359,1.29,2009-12-01,2011-12-04
22493,PAINT YOUR OWN CANVAS SET,4738,7210.02,418,244,1.61,2010-05-07,2011-12-08
22414,DOORMAT NEIGHBOURHOOD WITCH,1187,7187.37,220,92,6.07,2010-01-10,2011-12-08
22798,ANTIQUE GLASS DRESSING TABLE POT,2367,7182.69,356,173,3.1,2010-10-22,2011-12-09
22739,RIBBON REEL CHRISTMAS SOCK BAUBLE,4021,7166.94,601,329,1.83,2010-09-16,2011-12-08
21361,LOVE LARGE WOOD LETTERS,556,7159.54,286,181,13.24,2009-12-07,2011-07-22
22945,CHRISTMAS METAL TAGS ASSORTED,7641,7154.92,338,244,0.96,2010-09-19,2011-12-08
85065,CREAM SWEETHEART TRAYS,620,7146.64,256,162,12.14,2009-12-02,2011-02-22
21981,PACK OF 12 WOODLAND TISSUES,26204,7119.77,553,282,0.27,2009-12-02,2011-12-09
22907,PACK OF 20 NAPKINS PANTRY DESIGN,8686,7111.95,829,445,0.84,2010-09-16,2011-12-09
21463,MIRRORED DISCO BALL,1349,7087.46,302,169,5.55,2009-12-01,2011-12-07
22577,WOODEN HEART CHRISTMAS SCANDINAVIAN,14023,7071.48,832,517,0.51,2010-07-18,2011-12-09
22465,HANGING METAL STAR LANTERN,4517,7066.59,461,270,1.61,2010-03-04,2011-12-09
22626,BLACK KITCHEN SCALES,837,7056.98,339,200,8.56,2010-04-30,2011-12-08
21625,VINTAGE UNION JACK APRON,984,7037.62,334,186,7.15,2009-12-01,2011-12-07
23083,SET 6 PAPER TABLE LANTERN STARS,1932,7036.73,246,161,3.75,2011-05-15,2011-12-09
23320,GIANT 50'S CHRISTMAS CRACKER,2661,7016.00,333,260,2.65,2011-07-05,2011-12-09
22360,GLASS JAR ENGLISH CONFECTIONERY,2503,7011.05,425,209,3.01,2009-12-13,2011-12-08
23543,WALL ART KEEP CALM,1236,7010.76,103,81,5.67,2011-10-03,2011-12-08
21984,PACK OF 12 PINK PAISLEY TISSUES,25351,6982.67,432,256,0.28,2009-12-02,2011-12-09
21497,FANCY FONTS BIRTHDAY WRAP,17500,6978.00,485,330,0.4,2009-12-01,2011-12-09
23236,STORAGE TIN VINTAGE DOILY,2493,6964.60,327,203,2.83,2011-06-08,2011-12-08
23293,SET OF 12 FAIRY CAKE BAKING CASES,8471,6962.98,552,323,0.83,2011-07-12,2011-12-09
23283,DOORMAT VINTAGE LEAF,994,6945.93,233,146,7.05,2011-04-27,2011-12-08
22498,WOODEN REGATTA BUNTING,1135,6933.74,381,211,6.11,2010-02-03,2011-12-09
21700,BIG DOUGHNUT FRIDGE MAGNETS,6335,6925.66,525,186,1.11,2009-12-01,2011-12-07
22656,VINTAGE BLUE KITCHEN CABINET,45,6921.50,37,30,206.44,2010-07-12,2011-10-12
22563,HAPPY STENCIL CRAFT,5942,6920.10,533,293,1.17,2010-03-24,2011-12-08
22567,20 DOLLY PEGS RETROSPOT,5561,6894.38,506,287,1.25,2010-03-26,2011-12-09
21903,MAN FLU METAL SIGN,3436,6875.77,407,230,2.01,2009-12-03,2011-12-08
37450,CERAMIC CAKE BOWL + HANGING CAKES,2444,6829.94,391,138,2.87,2009-12-01,2011-12-08
21563,RED HEART SHAPE LOVE BUCKET,2786,6823.66,362,180,2.47,2009-12-02,2011-12-09
23215,JINGLE BELL HEART ANTIQUE SILVER,3564,6823.60,210,162,1.97,2011-06-01,2011-12-09
23254,CHILDRENS CUTLERY DOLLY GIRL,1703,6820.11,299,204,4.05,2011-04-07,2011-12-09
22644,CERAMIC CHERRY CAKE MONEY BANK,4857,6815.43,610,304,1.46,2010-05-14,2011-12-09
23541,WALL ART CLASSIC PUDDINGS,872,6807.41,152,97,7.83,2011-10-02,2011-12-06
22377,BOTTLE BAG RETROSPOT,3618,6803.31,435,200,1.91,2010-01-26,2011-12-08
23103,JINGLE BELL HEART DECORATION,4072,6799.96,365,231,1.68,2011-05-11,2011-12-09
22378,WALL TIDY RETROSPOT,3749,6795.01,546,167,1.82,2010-01-25,2011-12-09
22938,CUPCAKE LACE PAPER SET 6,3687,6774.25,273,237,1.87,2010-09-20,2011-12-08
20973,12 PENCIL SMALL TUBE WOODLAND,9863,6769.40,658,309,0.69,2009-12-06,2011-12-09
23297,SET 40 HEART SHAPE PETIT FOUR CASES,4303,6749.33,161,123,1.58,2011-07-12,2011-11-22
22431,WATERING CAN BLUE ELEPHANT,3365,6736.42,620,269,2.01,2010-02-22,2011-12-08
37448,CERAMIC CAKE DESIGN SPOTTED MUG,4549,6729.35,528,198,1.5,2009-12-01,2011-12-08
21768,WALL MOUNTED VINTAGE ORGANISER,497,6728.39,163,95,13.59,2009-12-01,2010-11-15
21992,VINTAGE PAISLEY STATIONERY SET,3320,6727.10,656,242,2.03,2009-12-02,2011-11-15
22311,OFFICE MUG WARMER BLACK+SILVER,2116,6722.06,300,120,3.19,2009-12-01,2011-12-06
23229,VINTAGE DONKEY TAIL GAME,1869,6698.82,256,186,3.61,2011-06-14,2011-12-09
22432,WATERING CAN PINK BUNNY,3532,6695.32,517,266,1.91,2010-02-18,2011-12-08
22781,GUMBALL MAGAZINE RACK,867,6693.83,307,160,8.14,2010-10-17,2011-12-08
22845,VINTAGE CREAM CAT FOOD CONTAINER,999,6676.50,394,192,6.77,2010-10-15,2011-12-09
22746,POPPY'S PLAYHOUSE LIVINGROOM,2910,6674.05,564,319,2.3,2010-09-24,2011-12-08
37500,TEA TIME TEAPOT IN GIFT BOX,881,6667.49,263,147,7.7,2009-12-01,2011-12-09
85014D,PINK/BROWN DOTS RUFFLED UMBRELLA,1918,6664.45,90,73,3.47,2009-12-01,2010-03-29
23480,MINI LIGHTS WOODLAND MUSHROOMS,1798,6651.04,215,143,3.74,2011-10-19,2011-12-09
22187,GREEN CHRISTMAS TREE CARD HOLDER,2104,6629.25,364,230,3.24,2009-12-01,2011-12-09
21107,CREAM SLICE FLANNEL PINK SPOT,2302,6624.77,313,167,2.88,2009-12-02,2011-12-06
85068,CREAM SWEETHEART SHELF + HOOKS,960,6617.44,197,130,6.92,2009-12-01,2010-12-08
22661,CHARLOTTE BAG DOLLY GIRL DESIGN,8199,6607.11,631,246,0.81,2010-07-19,2011-12-08
22898,CHILDRENS APRON APPLES DESIGN,3168,6602.51,471,261,2.08,2010-09-26,2011-12-09
23008,DOLLY GIRL BABY GIFT SET,433,6600.96,133,99,15.52,2011-03-09,2011-12-08
23109,PACK OF SIX LED TEA LIGHTS,2386,6595.98,268,178,2.86,2011-05-11,2011-12-08
22430,ENAMEL WATERING CAN CREAM,1397,6589.43,356,230,4.84,2010-05-14,2011-12-08
85174,S/4 CACTI CANDLES,1459,6585.81,357,126,4.93,2009-12-01,2011-12-09
22221,CAKE STAND LOVEBIRD 2 TIER PINK,905,6582.93,156,108,7.41,2009-12-17,2011-12-08
22827,RUSTIC  SEVENTEEN DRAWER SIDEBOARD,46,6570.00,35,29,155.43,2010-10-21,2011-11-17
23247,BISCUIT TIN 50'S CHRISTMAS,2194,6562.71,309,231,3.05,2011-06-08,2011-12-09
22810,SET OF 6 T-LIGHTS SNOWMEN,2199,6559.53,328,213,3.06,2010-09-20,2011-12-05
22059,CERAMIC STRAWBERRY DESIGN MUG,4940,6542.18,458,183,1.34,2009-12-03,2011-12-09
22575,METAL MERRY CHRISTMAS WREATH,3113,6539.21,330,207,2.15,2010-07-18,2011-12-05
22526,WHEELBARROW FOR CHILDREN,544,6536.67,207,153,12.3,2010-03-26,2011-12-09
21592,RETROSPOT CIGAR BOX MATCHES,5876,6522.46,476,312,1.12,2009-12-01,2011-12-08
22779,WOODEN OWLS LIGHT GARLAND,1735,6520.85,193,112,3.82,2010-10-24,2011-12-08
21240,BLUE POLKADOT CUP,7581,6497.75,769,287,0.86,2009-12-01,2011-12-08
16156S,WRAP PINK FAIRY CAKES,16661,6497.30,419,271,0.39,2009-12-01,2011-12-08
21201,TROPICAL  HONEYCOMB PAPER GARLAND,2741,6484.01,235,109,2.38,2009-12-01,2011-12-09
47502,POLKADOT CUTLERY 24 PCS IN TRAY,640,6467.80,79,40,10.71,2009-12-08,2010-09-13
23311,VINTAGE CHRISTMAS STOCKING,2390,6449.95,344,246,2.71,2011-07-14,2011-12-09
35004B,SET OF 3 BLACK FLYING DUCKS,1474,6445.00,275,64,4.62,2009-12-01,2011-12-09
22080,RIBBON REEL SPOTS DESIGN,3887,6444.79,519,336,1.68,2009-12-01,2011-12-09
23553,LANDMARK FRAME CAMDEN TOWN,568,6444.65,68,50,11.35,2011-10-20,2011-12-08
21494,ROTATING LEAVES T-LIGHT HOLDER,3833,6444.00,501,147,1.68,2009-12-01,2011-12-09
21500,PINK POLKADOT WRAP,15950,6443.00,492,301,0.4,2009-12-01,2011-12-05
22596,CHRISTMAS STAR WISH LIST CHALKBOARD,6331,6437.08,438,309,1.02,2010-07-16,2011-12-09
23134,LARGE ZINC HEART WALL ORGANISER,1065,6431.11,38,29,6.04,2011-04-20,2011-09-18
23188,VINTAGE  2 METER FOLDING RULER,3471,6424.67,333,207,1.86,2011-06-14,2011-12-09
22142,CHRISTMAS CRAFT WHITE FAIRY,4300,6419.29,503,336,1.5,2009-12-01,2011-12-09
22991,GIRAFFE WOODEN RULER,3887,6418.99,274,185,1.96,2011-02-17,2011-12-09
22199,FRYING PAN RED RETROSPOT,1827,6413.60,405,158,4.09,2009-12-01,2011-12-09
23571,TRADITIONAL NAUGHTS & CROSSES,2841,6406.91,257,195,2.26,2011-10-21,2011-12-09
15060B,FAIRY CAKE DESIGN UMBRELLA,1414,6402.76,449,174,4.56,2009-12-03,2011-11-18
22220,CAKE STAND LOVEBIRD 2 TIER WHITE,745,6399.74,270,190,9.24,2009-12-02,2011-12-09
21239,PINK  POLKADOT CUP,7369,6394.32,751,266,0.87,2009-12-01,2011-12-09
21989,PACK OF 20 SKULL PAPER NAPKINS,8552,6381.26,654,264,0.79,2009-12-01,2011-12-09
22148,EASTER CRAFT 4 CHICKS,3237,6378.89,299,209,2.0,2009-12-02,2011-12-04
85175,CACTI T-LIGHT CANDLES,15566,6357.44,442,199,0.42,2009-12-01,2011-12-02
85062,PEARL CRYSTAL PUMPKIN T-LIGHT HLDR,3886,6349.01,342,172,1.64,2009-12-10,2011-12-07
23307,SET OF 60 PANTRY DESIGN CAKE CASES,12049,6323.49,629,366,0.53,2011-06-03,2011-12-09
47599B,BLUE PARTY BAGS,3492,6318.58,286,170,1.91,2010-01-11,2011-12-02
79067,CORONA MEXICAN TRAY,1615,6317.50,396,160,3.95,2009-12-01,2010-12-21
22783,SET 3 WICKER OVAL BASKETS W LIDS,482,6316.30,45,38,13.1,2010-10-26,2011-06-14
11001,ASSTD DESIGN RACING CAR PEN,4829,6315.26,251,118,1.53,2009-12-01,2011-12-06
84520B,PACK 20 ENGLISH ROSE PAPER NAPKINS,7390,6311.42,722,327,0.86,2009-12-01,2011-03-03
22063,CERAMIC BOWL WITH STRAWBERRY DESIGN,2303,6309.26,356,142,2.76,2009-12-01,2011-12-08
22578,WOODEN STAR CHRISTMAS SCANDINAVIAN,13302,6306.75,768,484,0.48,2010-07-18,2011-12-09
23169,CLASSIC GLASS COOKIE JAR,1556,6283.69,314,203,4.28,2011-05-12,2011-12-06
22979,PANTRY WASHING UP BRUSH,4090,6274.27,381,225,1.56,2011-03-02,2011-12-09
22460,EMBOSSED GLASS TEALIGHT HOLDER,4771,6251.75,376,206,1.32,2010-03-08,2011-12-09
84884A,ANT WHITE WIRE HEART SPIRAL,1708,6244.33,312,195,3.66,2009-12-01,2011-12-06
47559B,TEA TIME OVEN GLOVE,5116,6244.19,701,303,1.23,2009-12-08,2011-12-09
22065,CHRISTMAS PUDDING TRINKET POT,8640,6219.07,456,249,0.73,2009-12-01,2011-12-09
22185,SLATE TILE NATURAL HANGING,3896,6218.12,462,298,1.6,2009-12-01,2011-12-09
85047,WHITE BEADED GARLAND STRING 20LIGHT,1051,6213.63,236,137,6.34,2009-12-01,2011-01-27
22364,GLASS JAR DIGESTIVE BISCUITS,2054,6191.71,340,164,3.16,2010-03-15,2011-12-08
23172,REGENCY TEA PLATE PINK,3861,6190.11,305,160,1.64,2011-05-10,2011-12-09
21078,SET/20 STRAWBERRY PAPER NAPKINS,7211,6179.55,741,342,0.86,2009-12-02,2011-10-13
84968A,SET OF 16 VINTAGE ROSE CUTLERY,529,6147.78,204,66,12.36,2009-12-03,2011-12-04
22582,PACK OF 6 SWEETIE GIFT BOXES,2522,6141.17,295,225,2.51,2010-03-10,2011-12-08
22222,CAKE PLATE LOVEBIRD WHITE,1489,6136.09,403,203,4.14,2009-12-01,2011-12-08
22906,12 MESSAGE CARDS WITH ENVELOPES,3370,6126.18,445,274,1.84,2010-09-19,2011-12-09
84832,ZINC WILLIE WINKIE  CANDLE STICK,6794,6124.50,630,281,0.9,2009-12-01,2011-12-09
21714,CITRONELLA CANDLE GARDEN POT,4283,6112.29,522,230,1.44,2009-12-07,2011-12-09
23192,BUNDLE OF 3 ALPHABET EXERCISE BOOKS,3516,6109.29,345,224,1.74,2011-05-10,2011-12-08
22196,SMALL HEART MEASURING SPOONS,6586,6105.15,981,304,0.93,2009-12-01,2011-12-09
22780,LIGHT GARLAND BUTTERFILES PINK,1623,6061.34,179,110,3.8,2010-10-22,2011-12-08
10002,INFLATABLE POLITICAL GLOBE,8671,6058.71,362,164,0.8,2009-12-01,2011-04-18
22849,BREAD BIN DINER STYLE MINT,403,6036.53,162,101,15.6,2010-10-14,2011-10-20
22435,SET OF 9 HEART SHAPED BALLOONS,4915,6030.47,537,303,1.26,2010-04-08,2011-12-07
21584,RETROSPOT SMALL TUBE MATCHES,3769,6025.50,352,253,1.61,2009-12-01,2011-12-07
20751,FUNKY WASHING UP GLOVES ASSORTED,2839,6016.96,471,264,2.12,2009-12-01,2011-12-04
21918,SET 12 KIDS COLOUR  CHALK STICKS,14598,5995.08,788,369,0.41,2009-12-01,2011-12-09
21499,BLUE POLKADOT WRAP,15052,5977.34,460,302,0.4,2009-12-01,2011-12-08
22331,WOODLAND PARTY BAG + STICKER SET,3660,5965.37,437,225,1.64,2009-12-02,2011-12-09
22855,FINE WICKER HEART,4795,5964.24,427,271,1.25,2010-09-15,2011-08-30
23312,VINTAGE CHRISTMAS GIFT SACK,1423,5960.00,214,168,4.19,2011-07-17,2011-12-09
23296,SET OF 6 TEA TIME BAKING CASES,4979,5951.80,378,243,1.2,2011-07-12,2011-12-08
23052,RECYCLED ACAPULCO MAT TURQUOISE,654,5941.09,278,147,9.1,2011-03-04,2011-12-09
22045,SPACEBOY GIFT WRAP,14542,5937.54,473,290,0.41,2009-12-04,2011-12-08
21591,COSY HOUR CIGAR BOX MATCHES,3978,5935.58,365,264,1.51,2009-12-01,2011-12-09
23526,WALL ART DOG LICENCE,1012,5926.20,143,79,5.95,2011-10-03,2011-12-09
21586,KINGS CHOICE GIANT TUBE MATCHES,2583,5924.40,238,172,2.33,2009-12-01,2011-11-07
23118,PARISIENNE JEWELLERY DRAWER,813,5922.18,258,154,7.51,2011-05-10,2011-12-09
22848,BREAD BIN DINER STYLE PINK,381,5920.25,151,75,16.09,2010-10-14,2011-10-30
48197,DOOR MAT BIRD ON THE WIRE,898,5905.64,225,81,6.58,2009-12-01,2010-07-28
22772,PINK DRAWER KNOB ACRYLIC EDWARDIAN,4377,5896.17,314,105,1.35,2010-10-17,2011-12-08
21407,BROWN CHECK CAT DOORSTOP,1294,5874.83,453,231,4.55,2009-12-01,2011-11-22
22841,ROUND CAKE TIN VINTAGE GREEN,772,5851.47,306,219,7.78,2010-10-13,2011-12-08
22332,SKULLS PARTY BAG + STICKER SET,4158,5851.25,381,233,1.57,2009-12-03,2011-12-05
84509A,SET OF 4 ENGLISH ROSE PLACEMATS,1523,5849.04,404,180,3.87,2009-12-01,2011-12-08
22278,OVERNIGHT BAG VINTAGE ROSE PAISLEY,1016,5842.21,383,164,5.87,2009-12-02,2011-12-09
22241,GARLAND WOODEN HAPPY EASTER,4349,5840.11,474,242,1.35,2009-12-01,2011-11-23
22491,PACK OF 12 COLOURED PENCILS,7423,5815.72,390,264,0.8,2010-05-06,2011-12-09
22971,QUEENS GUARD COFFEE MUG,2431,5811.64,272,164,2.41,2010-12-16,2011-12-08
22167,OVAL WALL MIRROR DIAMANTE,690,5807.58,303,92,8.78,2009-12-01,2011-12-09
85038,6 CHOCOLATE LOVE HEART T-LIGHTS,2778,5803.58,382,191,2.09,2009-12-01,2011-12-09
22361,GLASS JAR DAISY FRESH COTTON WOOL,1845,5803.41,496,189,3.27,2010-03-15,2011-12-09
22660,DOORMAT I LOVE LONDON,881,5791.71,194,96,6.63,2010-06-28,2011-12-07
22687,DOORMAT CHRISTMAS VILLAGE,895,5784.67,149,97,6.46,2010-06-28,2011-12-08
79323LP,LIGHT PINK CHERRY LIGHTS,1433,5778.39,170,107,5.92,2009-12-01,2010-10-25
22737,RIBBON REEL CHRISTMAS PRESENT,3266,5774.43,493,300,1.79,2010-09-16,2011-12-08
21832,CHOCOLATE CALCULATOR,3338,5767.46,459,204,1.75,2009-12-01,2011-12-09
22618,COOKING SET RETROSPOT,718,5758.28,242,180,9.73,2010-03-14,2011-05-06
22899,CHILDREN'S APRON DOLLY GIRL,2773,5755.31,421,249,2.08,2010-09-26,2011-12-09
22200,FRYING PAN PINK POLKADOT,1296,5740.67,357,120,4.46,2009-12-01,2011-12-09
85132C,CHARLIE AND LOLA FIGURES TINS,2062,5739.54,302,144,2.82,2009-12-01,2011-09-02
22964,3 PIECE SPACEBOY COOKIE CUTTER SET,2761,5739.43,408,228,2.09,2010-11-21,2011-12-09
21667,GLASS CAKE COVER AND PLATE,354,5732.50,163,119,17.31,2009-12-03,2011-01-16
23154,SET OF 4 JAM JAR MAGNETS,2701,5716.00,235,141,2.16,2011-03-25,2011-12-07
22441,GROW YOUR OWN BASIL IN ENAMEL MUG,2644,5708.57,472,295,2.17,2010-03-23,2011-12-09
22826,LOVE SEAT ANTIQUE WHITE METAL,58,5692.50,41,33,107.07,2010-12-10,2011-12-02
22115,METAL SIGN EMPIRE TEA,2889,5692.15,500,244,1.97,2009-12-01,2011-12-08
85178,VICTORIAN SEWING KIT,5478,5686.67,313,177,1.1,2009-12-01,2011-12-09
21577,SAVE THE PLANET COTTON TOTE BAG,2556,5680.52,464,241,2.24,2009-12-01,2011-12-08
22951,60 CAKE CASES DOLLY GIRL DESIGN,10993,5669.57,634,345,0.53,2010-09-19,2011-12-09
84968B,S/16 VINTAGE IVORY CUTLERY,428,5668.66,135,51,13.27,2009-12-01,2011-04-06
21313,GLASS HEART T-LIGHT HOLDER,6711,5660.96,415,173,0.86,2009-12-01,2011-12-09
21452,TOADSTOOL MONEY BOX,1875,5607.28,408,228,3.06,2010-03-18,2011-12-08
22854,CREAM SWEETHEART EGG HOLDER,1160,5594.80,244,169,4.85,2010-09-16,2011-09-22
23205,CHARLOTTE BAG VINTAGE ALPHABET,5857,5586.13,467,201,0.98,2011-04-11,2011-12-09
21703,BAG 125g SWIRLY MARBLES,14577,5574.65,561,293,0.39,2009-12-02,2011-12-09
23531,WALL ART BIG LOVE,976,5538.26,112,77,5.67,2011-10-03,2011-12-08
22653,BUTTON BOX,3031,5532.41,381,156,1.85,2010-07-19,2011-12-09
21900,"KEY FOB , SHED",8323,5525.89,835,361,0.66,2009-12-01,2011-12-09
23133,LARGE IVORY HEART WALL ORGANISER,782,5517.15,155,94,7.07,2011-04-20,2011-12-08
22060,LARGE CAKE STAND HANGING HEARTS,733,5504.71,158,112,7.76,2009-12-04,2011-05-23
22119,PEACE WOODEN BLOCK LETTERS,896,5502.17,340,244,6.19,2009-12-01,2011-12-09
84971S,SMALL HEART FLOWERS HOOK,6489,5491.61,459,180,0.85,2009-12-02,2011-12-09
40016,CHINESE DRAGON PAPER LANTERNS,15435,5487.31,244,133,0.36,2009-12-01,2011-09-21
23583,LUNCH BAG PAISLEY PARK,3385,5480.83,325,233,1.62,2011-10-25,2011-12-09
23177,TREASURE ISLAND BOOK BOX,2532,5476.29,267,174,2.18,2011-03-02,2011-12-09
82599,FANNY'S REST STOPMETAL SIGN,2505,5472.68,506,185,2.19,2009-12-02,2011-05-08
21528,DAIRY MAID TRADITIONAL TEAPOT,899,5466.75,257,145,6.32,2009-12-01,2011-12-09
72802C,VANILLA SCENT CANDLE JEWELLED BOX,2184,5463.50,269,143,2.77,2009-12-01,2011-11-30
22534,MAGIC DRAWING SLATE SPACEBOY,12891,5456.41,583,353,0.43,2010-03-28,2011-12-08
23126,FELTCRAFT GIRL AMELIE KIT,1109,5452.84,291,198,4.99,2011-03-02,2011-12-09
21988,PACK OF 6 SKULL PAPER PLATES,7829,5451.46,416,209,0.74,2009-12-06,2011-12-06
22437,SET OF 9 BLACK SKULL BALLOONS,6514,5444.37,443,258,0.84,2010-04-07,2011-12-09
20983,12 PENCILS TALL TUBE RED RETROSPOT,6280,5442.73,641,359,0.87,2009-12-01,2011-12-09
23485,BOTANICAL GARDENS WALL CLOCK,262,5436.52,83,70,22.31,2011-10-20,2011-12-08
85061W,WHITE JEWELLED HEART DECORATION,6306,5430.24,469,201,0.86,2009-12-01,2011-12-08
16161P,WRAP ENGLISH ROSE,13198,5424.90,440,289,0.41,2009-12-01,2011-12-07
79029,GLASS HONEYPOT WASP CATCHER,2944,5424.47,343,201,1.86,2009-12-01,2010-08-15
72756,FAIRY CAKE CANDLES,4012,5422.23,129,114,1.36,2009-12-01,2010-06-15
23135,SMALL ZINC HEART WALL ORGANISER,1541,5416.18,45,31,3.51,2011-04-19,2011-12-08
20978,36 PENCILS TUBE SKULLS,4117,5416.07,557,253,1.32,2009-12-01,2011-12-09
22203,MILK PAN RED RETROSPOT,1402,5413.26,392,166,3.9,2009-12-01,2011-12-08
22483,RED GINGHAM TEDDY BEAR,1877,5390.36,349,223,2.9,2010-03-04,2011-12-08
23158,SET OF 5 LUCKY CAT MAGNETS,2633,5389.03,255,96,2.09,2011-03-25,2011-12-09
22085,PAPER CHAIN KIT SKULLS,2538,5382.12,230,141,2.71,2009-12-01,2011-12-09
84968D,SET OF 16 VINTAGE RED CUTLERY,472,5380.96,106,45,11.43,2009-12-08,2011-12-08
22602,CHRISTMAS RETROSPOT HEART WOOD,6383,5371.39,535,305,0.85,2010-07-16,2011-12-09
21730,GLASS STAR FROSTED T-LIGHT HOLDER,1115,5361.62,293,155,4.96,2009-12-01,2011-12-07
22763,KEY CABINET MA CAMPAGNE,662,5360.94,135,95,8.2,2010-10-10,2011-12-09
84937,KASHMIR FOLKART TUMBLERS,2542,5356.74,124,50,2.12,2009-12-01,2010-05-07
22156,HEART DECORATION WITH PEARLS,6156,5354.16,581,259,0.9,2009-12-01,2011-12-09
22443,GROW YOUR OWN HERBS SET OF 3,683,5353.68,264,193,7.9,2010-03-23,2011-08-05
22335,HEART DECORATION PAINTED ZINC,8666,5351.82,510,242,0.65,2009-12-01,2011-12-08
35832,WOOLLY HAT SOCK GLOVE ADVENT STRING,1737,5328.30,188,132,3.08,2009-12-01,2010-12-14
21432,SET OF 3 CASES WOODLAND DESIGN,942,5306.56,237,152,5.77,2009-12-01,2010-11-19
21491,SET OF THREE VINTAGE GIFT WRAPS,2878,5267.56,248,184,1.86,2009-12-01,2010-12-16
22175,PINK OWL SOFT TOY,1824,5254.71,363,161,2.89,2009-12-02,2011-12-09
22186,RED STAR CARD HOLDER,2004,5249.10,345,234,2.71,2009-12-01,2011-12-09
37495,FAIRY CAKE BIRTHDAY CANDLE SET,1560,5239.40,330,206,3.67,2009-12-04,2011-12-08
22070,SMALL RED RETROSPOT MUG IN BOX,1835,5226.70,320,217,3.11,2009-12-01,2011-12-09
37446,MINI CAKE STAND WITH HANGING CAKES,3691,5210.55,410,168,1.44,2009-12-01,2011-12-06
22117,METAL SIGN HER DINNER IS SERVED,1765,5204.78,230,142,2.95,2009-12-01,2011-12-06
21363,HOME SMALL WOOD LETTERS,984,5203.83,401,224,5.38,2010-01-05,2011-09-29
21993,FLORAL FOLK STATIONERY SET,2849,5201.88,577,208,1.83,2009-12-01,2011-12-09
22998,TRAVEL CARD WALLET KEEP CALM,12366,5188.48,534,217,0.43,2011-02-16,2011-12-09
21718,RED METAL BEACH SPADE,4030,5185.30,467,223,1.3,2009-12-14,2011-12-09
22896,PEG BAG APPLES DESIGN,2076,5184.65,367,187,2.52,2010-09-26,2011-12-09
22842,BISCUIT TIN VINTAGE RED,818,5174.38,237,183,6.49,2010-10-13,2011-12-05
22476,EMPIRE UNION JACK TV DINNER TRAY,1332,5169.11,269,145,3.92,2010-03-07,2011-12-09
21587,COSY HOUR GIANT TUBE MATCHES,2071,5157.75,260,207,2.5,2009-12-01,2011-10-18
22433,WATERING CAN GREEN DINOSAUR,2778,5157.03,422,211,1.87,2010-02-18,2011-12-08
22030,SWALLOWS GREETING CARD,12735,5147.44,685,353,0.41,2009-12-01,2011-12-08
22894,TABLECLOTH RED APPLES DESIGN,561,5143.78,192,125,9.2,2010-09-24,2011-12-09
23162,REGENCY TEA STRAINER,1412,5143.69,176,96,3.64,2011-04-27,2011-12-08
22801,ANTIQUE GLASS PEDESTAL BOWL,1300,5139.56,299,173,4.06,2010-10-22,2011-12-08
22412,METAL SIGN NEIGHBOURHOOD WITCH,2401,5136.62,402,166,2.14,2010-01-29,2011-11-10
22472,TV DINNER TRAY DOLLY GIRL,1099,5135.57,250,131,4.7,2010-03-08,2011-12-08
21872,GLAMOROUS  MUG,5092,5122.33,330,169,1.01,2009-12-02,2011-12-09
85132A,CHARLIE + LOLA BISCUITS TINS,1348,5118.32,250,98,3.82,2009-12-01,2011-05-24
23132,SMALL IVORY HEART WALL ORGANISER,1020,5115.60,152,115,5.04,2011-04-19,2011-12-08
22218,CAKE STAND LACE WHITE,1232,5114.91,264,143,4.36,2009-12-01,2010-12-15
21495,SKULLS AND CROSSBONES WRAP,12465,5108.80,376,201,0.41,2009-12-01,2011-12-08
22775,PURPLE DRAWERKNOB ACRYLIC EDWARDIAN,3633,5102.53,284,98,1.43,2010-10-17,2011-12-08
22168,ORGANISER WOOD ANTIQUE WHITE,659,5094.28,312,250,8.31,2009-12-08,2011-04-12
23263,SET OF 3 WOODEN HEART DECORATIONS,3863,5088.44,445,269,1.33,2011-06-02,2011-12-08
21471,STRAWBERRY RAFFIA FOOD COVER,1406,5080.63,319,165,3.62,2009-12-01,2011-12-09
22610,PENS ASSORTED FUNNY FACE,12680,5076.94,287,157,0.4,2010-02-25,2011-12-07
22374,AIRLINE BAG VINTAGE JET SET RED,1023,5076.49,430,226,4.99,2010-02-14,2011-12-09
23295,SET OF 12 MINI LOAF BAKING CASES,6134,5062.66,444,250,0.83,2011-07-12,2011-12-09
22571,ROCKING HORSE RED CHRISTMAS,5780,5055.07,511,294,0.89,2010-07-23,2011-12-09
21578,WOODLAND DESIGN  COTTON TOTE BAG,2205,5040.36,380,184,2.3,2009-12-01,2011-12-05
23397,FOOT STOOL HOME SWEET HOME,489,5037.95,217,139,10.42,2011-09-04,2011-12-08
23234,BISCUIT TIN VINTAGE CHRISTMAS,1722,5033.54,277,201,2.95,2011-06-14,2011-12-09
21544,SKULLS  WATER TRANSFER TATTOOS,6064,5031.81,503,229,0.83,2009-12-01,2011-12-09
22426,ENAMEL WASH BOWL CREAM,1333,5003.60,372,182,3.85,2010-04-08,2011-12-08
22732,3D VINTAGE CHRISTMAS STICKERS,3773,5001.84,337,195,1.33,2010-09-15,2011-12-07
84796B,BLUE SAVANNAH PICNIC HAMPER FOR 2,600,4999.79,180,28,8.33,2010-03-05,2011-11-08
23310,BUBBLEGUM RING ASSORTED,12050,4997.28,245,146,0.41,2011-06-09,2011-12-09
23165,LARGE CERAMIC TOP STORAGE JAR,3114,4986.56,280,167,1.65,2011-05-12,2011-12-09
21071,VINTAGE BILLBOARD DRINK ME MUG,4269,4984.65,472,163,1.17,2009-12-01,2011-10-31
21112,"SWISS ROLL TOWEL, PINK  SPOTS",2222,4976.96,189,104,2.47,2009-12-01,2011-12-05
20977,36 PENCILS TUBE WOODLAND,3792,4974.99,485,242,1.34,2009-12-01,2011-11-07
23198,PANTRY MAGNETIC  SHOPPING LIST,3342,4969.80,475,259,1.51,2011-06-22,2011-12-09
23494,VINTAGE DOILY DELUXE SEWING KIT,809,4967.26,205,145,6.62,2011-09-25,2011-12-09
23314,VINTAGE CHRISTMAS TABLECLOTH,407,4950.46,117,87,12.32,2011-07-15,2011-12-09
22957,SET 3 PAPER VINTAGE CHICK PAPER EGG,1775,4942.75,214,179,2.83,2011-01-14,2011-09-29
47568,ENGLISH ROSE DESIGN PEG BAG,2384,4938.05,410,179,2.09,2009-12-01,2010-10-13
23570,TRADITIONAL PICK UP STICKS GAME,2772,4931.87,276,203,1.78,2011-10-21,2011-12-09
46000S,POLYESTER FILLER PAD 40x40cm,3471,4931.45,380,240,1.45,2009-12-01,2011-12-08
22318,FIVE HEART HANGING DECORATION,1583,4924.98,389,204,3.15,2009-12-01,2011-12-05
23556,LANDMARK FRAME COVENT GARDEN,436,4924.51,53,46,11.32,2011-10-19,2011-12-08
21896,POTTING SHED TWINE,2387,4915.39,290,187,2.07,2009-12-01,2011-12-06
21713,CITRONELLA CANDLE FLOWERPOT,2733,4912.44,391,232,1.88,2009-12-08,2011-12-06
22604,SET OF 4 NAPKIN CHARMS CUTLERY,2017,4896.42,247,162,2.46,2010-07-23,2011-12-08
85184C,S/4 VALENTINE DECOUPAGE HEART BOX,2275,4891.71,345,186,2.15,2009-12-01,2011-12-08
21207,SKULL AND CROSSBONES  GARLAND,3601,4888.17,282,167,1.55,2009-12-03,2011-12-05
21706,FOLDING UMBRELLA RED/WHITE POLKADOT,1348,4877.71,254,134,3.73,2009-12-01,2011-12-07
23503,PLAYING CARDS KEEP CALM & CARRY ON,3643,4858.05,335,284,1.33,2011-09-22,2011-12-09
22509,SEWING BOX RETROSPOT DESIGN,387,4842.31,187,142,13.26,2010-03-10,2011-12-08
22276,WASH BAG VINTAGE ROSE PAISLEY,1889,4841.96,373,213,2.59,2009-12-01,2011-12-08
23010,CIRCUS PARADE BABY GIFT SET,315,4828.75,111,73,15.49,2011-03-09,2011-12-04
23554,LANDMARK FRAME OXFORD STREET,422,4805.53,57,49,11.39,2011-10-19,2011-12-08
23555,LANDMARK FRAME NOTTING HILL,421,4780.57,50,45,11.36,2011-10-19,2011-12-09
21986,PACK OF 12 PINK POLKADOT TISSUES,13476,4779.17,469,275,0.36,2009-12-01,2011-12-09
23351,ROLL WRAP 50'S CHRISTMAS,3535,4770.77,354,242,1.38,2011-08-04,2011-12-09
22688,DOORMAT PEACE ON EARTH BLUE,865,4756.70,93,77,5.5,2010-06-28,2011-12-08
23389,SPACEBOY MINI BACKPACK,1115,4743.19,237,159,4.26,2011-09-11,2011-12-09
21249,WOODLAND  HEIGHT CHART STICKERS,1661,4724.13,259,156,2.87,2009-12-01,2011-12-08
22593,CHRISTMAS GINGHAM STAR,5420,4720.22,415,247,0.89,2010-07-16,2011-12-09
22027,TEA PARTY BIRTHDAY CARD,11297,4719.37,845,335,0.43,2009-12-01,2011-12-09
22672,FRENCH BATHROOM SIGN BLUE METAL,2850,4708.06,370,227,1.66,2010-08-17,2011-12-08
23569,TRADTIONAL ALPHABET STAMP SET,954,4707.76,192,152,4.95,2011-10-21,2011-12-09
23286,BLUE VINTAGE SPOT BEAKER,5048,4705.97,222,125,0.94,2011-06-12,2011-12-08
22399,MAGNETS PACK OF 4 CHILDHOOD MEMORY,4040,4704.60,277,180,1.17,2010-03-26,2011-12-02
23558,LANDMARK FRAME LONDON BRIDGE,415,4703.87,52,43,11.33,2011-10-19,2011-12-08
23184,BULL DOG BOTTLE OPENER,874,4700.15,264,129,5.45,2011-03-06,2011-12-09
23157,SET OF 6 NATIVITY MAGNETS,2557,4699.06,163,111,2.01,2011-03-31,2011-12-05
22434,BALLOON PUMP WITH 10 BALLOONS,2547,4698.39,281,203,1.86,2010-04-07,2011-12-08
22128,PARTY CONES CANDY ASSORTED,3923,4689.59,195,143,1.21,2009-12-01,2011-12-06
22305,COFFEE MUG PINK PAISLEY DESIGN,2267,4683.48,144,87,2.08,2009-12-01,2011-12-07
22583,PACK OF 6 HANDBAG GIFT BOXES,1873,4682.90,349,250,2.65,2010-03-10,2011-12-08
22562,MONSTERS STENCIL CRAFT,3978,4682.30,393,251,1.18,2010-03-24,2011-12-08
22721,SET OF 3 CAKE TINS SKETCHBOOK,1020,4671.81,297,183,4.58,2010-12-14,2011-12-09
20963,APPLE BATH SPONGE,3459,4663.65,509,168,1.35,2009-12-01,2011-12-09
85049G,CHOCOLATE BOX RIBBONS,3829,4662.37,510,288,1.23,2009-12-01,2011-12-09
23159,SET OF 5 PANCAKE DAY MAGNETS,2293,4661.52,223,121,2.06,2011-03-25,2011-11-28
20681,PINK SPOTTY CHILDS UMBRELLA,1405,4657.40,341,184,3.39,2009-12-01,2011-04-04
21916,SET 12 RETRO WHITE CHALK STICKS,11011,4656.56,713,304,0.43,2009-12-01,2011-12-09
23241,TREASURE TIN GYMKHANA DESIGN,2165,4654.99,363,183,2.16,2011-06-08,2011-12-09
22304,COFFEE MUG BLUE PAISLEY DESIGN,2380,4645.01,167,98,1.97,2009-12-01,2011-12-09
15044B,BLUE PAPER PARASOL,1670,4641.18,189,97,2.78,2009-12-01,2011-09-28
22075,6 RIBBONS ELEGANT CHRISTMAS,3079,4640.89,358,201,1.51,2009-12-01,2011-12-09
21069,VINTAGE BILLBOARD TEA MUG,5099,4633.47,279,110,1.06,2009-12-01,2011-08-17
21534,DAIRY MAID LARGE MILK JUG,938,4625.09,342,199,5.08,2009-12-01,2011-12-07
22442,GROW YOUR OWN FLOWERS SET OF 3,866,4623.42,172,140,5.5,2010-03-23,2011-12-09
21328,BALLOONS  WRITING SET,2441,4612.63,643,257,1.89,2009-12-01,2011-12-09
22474,SPACEBOY TV DINNER TRAY,972,4610.53,254,144,4.88,2010-03-08,2011-12-09
82581,TOILET METAL SIGN,8399,4610.34,913,371,0.55,2009-12-01,2011-12-09
20961,STRAWBERRY BATH SPONGE,3530,4598.90,514,177,1.33,2009-12-01,2011-12-09
22956,36 FOIL HEART CAKE CASES,2494,4595.70,256,189,1.96,2010-11-04,2011-12-09
23176,ABC TREASURE BOOK BOX,2165,4591.83,226,159,2.17,2011-03-02,2011-12-08
23285,PINK VINTAGE SPOT BEAKER,4807,4570.71,191,108,0.95,2011-06-12,2011-12-09
21811,HANGING HEART WITH BELL,6340,4558.46,382,199,0.72,2009-12-01,2011-11-23
10135,COLOURING PENCILS BROWN TUBE,4226,4552.46,324,178,1.08,2009-12-01,2011-12-08
22601,CHRISTMAS RETROSPOT ANGEL WOOD,5250,4543.79,417,257,0.87,2010-07-18,2011-12-09
15044D,RED PAPER PARASOL,1596,4533.50,227,105,2.86,2009-12-01,2011-12-05
22691,DOORMAT WELCOME SUNRISE,758,4533.25,218,124,6.86,2010-06-28,2011-12-08
84270,ASSTD DESIGN BUBBLE GUM RING,22936,4530.90,476,249,0.21,2009-12-01,2010-12-06
72807B,SET/3 OCEAN SCENT CANDLE JEWEL BOX,1059,4526.87,225,112,4.39,2009-12-01,2011-11-24
22800,ANTIQUE TALL SWIRLGLASS TRINKET POT,1127,4526.40,268,149,4.07,2010-10-22,2011-12-09
22743,MAKE YOUR OWN FLOWERPOWER CARD KIT,1502,4524.80,351,199,3.02,2010-08-10,2011-12-08
22908,PACK OF 20 NAPKINS RED APPLES,5610,4518.05,485,266,0.81,2010-09-20,2011-12-09
21990,MODERN FLORAL STATIONERY SET,2453,4515.54,497,170,1.85,2009-12-01,2011-12-09
22107,PIZZA PLATE IN BOX,1240,4509.88,369,118,3.9,2009-12-01,2011-12-09
21506,"FANCY FONT BIRTHDAY CARD,",10878,4509.29,665,310,0.42,2009-12-01,2011-12-09
22564,ALPHABET STENCIL CRAFT,4570,4500.33,343,208,1.14,2010-03-24,2011-12-08
22736,RIBBON REEL MAKING SNOWMEN,2527,4500.33,408,232,1.8,2010-09-16,2011-12-09
23168,CLASSIC CAFE SUGAR DISPENSER,3291,4493.06,337,140,1.39,2011-05-12,2011-12-09
21564,PINK  HEART SHAPE LOVE BUCKET,1951,4492.85,294,134,2.32,2009-12-03,2011-12-09
22747,POPPY'S PLAYHOUSE BATHROOM,2035,4474.60,402,241,2.21,2010-09-24,2011-12-09
22451,SILK PURSE BABUSHKA RED,1339,4470.19,238,134,3.36,2010-03-17,2011-05-13
21109,"LARGE CAKE TOWEL, CHOCOLATE SPOTS",1173,4462.99,223,131,3.82,2009-12-04,2011-12-09
23309,SET OF 60 I LOVE LONDON CAKE CASES,8275,4460.65,407,178,0.54,2011-06-02,2011-12-09
84968E,SET OF 16 VINTAGE BLACK CUTLERY,387,4439.48,98,41,11.6,2009-12-02,2011-12-07
23530,WALL ART ONLY ONE PERSON,1056,4436.27,87,60,4.2,2011-10-03,2011-12-09
37447,CERAMIC CAKE DESIGN SPOTTED PLATE,2891,4431.69,364,141,1.57,2009-12-01,2011-12-08
23288,GREEN VINTAGE SPOT BEAKER,4625,4429.06,185,107,0.96,2011-06-12,2011-12-08
23275,SET OF 3 HANGING OWLS OLLIE BEAK,3720,4426.31,325,171,1.22,2011-06-02,2011-12-09
23404,HOME SWEET HOME BLACKBOARD,1011,4418.21,169,104,4.51,2011-09-05,2011-12-09
22574,HEART WOODEN CHRISTMAS DECORATION,5074,4409.33,415,253,0.91,2010-07-18,2011-12-09
22548,HEADS AND TAILS SPORTING FUN,3526,4404.31,428,293,1.25,2010-03-25,2011-11-13
22573,STAR WOODEN CHRISTMAS DECORATION,4907,4403.83,405,235,0.9,2010-07-18,2011-12-09
21967,PACK OF 12 SKULL TISSUES,15652,4401.44,479,250,0.28,2009-12-01,2011-12-09
23163,REGENCY SUGAR TONGS,1832,4400.82,209,95,2.46,2011-04-27,2011-12-08
22733,3D TRADITIONAL CHRISTMAS STICKERS,3441,4400.49,338,216,1.29,2010-09-17,2011-12-09
51014A,"FEATHER PEN,HOT PINK",6671,4390.75,376,161,0.68,2009-12-01,2011-12-09
21864,UNION JACK FLAG PASSPORT COVER,1853,4389.54,411,166,2.39,2009-12-01,2011-12-09
22760,"TRAY, BREAKFAST IN BED",356,4381.19,120,82,12.66,2010-10-10,2011-09-05
21064,BOOM BOX SPEAKER BOYS,884,4379.37,171,75,5.01,2009-12-01,2011-12-09
22594,CHRISTMAS GINGHAM TREE,4791,4376.48,412,232,0.91,2010-07-18,2011-12-09
85063,CREAM SWEETHEART MAGAZINE RACK,308,4366.04,180,104,17.62,2009-12-01,2011-04-04
22299,PIG KEYRING WITH LIGHT & SOUND,3912,4359.57,202,103,1.13,2009-12-03,2011-12-09
22291,"SPRING DEC , HANGING CHICK CREAM",3193,4343.33,264,141,1.38,2009-12-03,2011-11-25
22449,SILK PURSE BABUSHKA PINK,1323,4334.25,308,155,3.31,2010-03-17,2011-11-24
84031A,CHARLIE+LOLA RED HOT WATER BOTTLE,1098,4332.47,314,95,4.01,2009-12-01,2011-12-09
20674,GREEN POLKADOT BOWL,3412,4329.96,463,196,1.27,2009-12-01,2011-12-08
22227,HANGING HEART MIRROR DECORATION,6021,4322.72,643,195,0.72,2009-12-02,2011-12-09
15039,SANDALWOOD FAN,5101,4322.67,306,127,0.85,2009-12-03,2011-12-09
84997b,CHILDRENS CUTLERY RETROSPOT RED,514,4322.57,85,0,8.41,2010-06-24,2011-12-09
22611,VINTAGE UNION JACK SHOPPING BAG,907,4318.83,195,135,4.78,2010-03-28,2011-11-25
84279P,CHERRY BLOSSOM  DECORATIVE FLASK,1145,4313.11,299,169,3.91,2009-12-06,2011-12-01
23349,ROLL WRAP VINTAGE CHRISTMAS,3221,4312.60,337,214,1.35,2011-08-04,2011-12-09
21810,CHRISTMAS HANGING STAR WITH BELL,6959,4300.66,344,171,0.63,2009-12-02,2011-12-09
21913,VINTAGE SEASIDE JIGSAW PUZZLES,1129,4287.48,298,170,3.81,2009-12-01,2011-12-08
21012,ANTIQUE ALL GLASS CANDLESTICK,2297,4283.20,299,112,1.87,2009-12-01,2011-12-09
21878,PACK OF 6 SANDCASTLE FLAGS ASSORTED,5586,4281.67,403,225,0.82,2010-03-25,2011-12-08
79320,FLAMINGO LIGHTS,904,4280.28,150,67,4.82,2009-12-02,2011-01-05
21899,"KEY FOB , GARAGE DESIGN",6676,4278.92,622,313,0.65,2009-12-01,2011-12-08
85053,FRENCH ENAMEL CANDLEHOLDER,2032,4278.82,378,185,2.15,2009-12-01,2011-12-09
23050,RECYCLED ACAPULCO MAT GREEN,497,4278.30,205,116,8.62,2011-03-04,2011-12-09
21153,RED SPOTTY TABLECLOTH,393,4273.39,139,91,10.93,2009-12-01,2010-09-22
21056,DOCTOR'S BAG SOFT TOY,545,4267.43,195,119,9.1,2009-12-03,2011-12-08
23112,PARISIENNE CURIO CABINET,546,4267.23,241,134,8.25,2011-05-11,2011-12-09
20966,SANDWICH BATH SPONGE,3007,4263.99,420,137,1.42,2009-12-01,2011-08-24
21245,GREEN POLKADOT PLATE,2567,4261.60,304,146,1.66,2009-12-01,2011-12-07
84969,BOX OF 6 ASSORTED COLOUR TEASPOONS,969,4258.68,341,100,4.42,2009-12-02,2011-12-06
22723,SET OF 6 HERB TINS SKETCHBOOK,1164,4254.92,295,170,3.66,2010-12-13,2011-12-09
47580,TEA TIME DES TEA COSY,1662,4245.05,344,158,2.59,2009-12-02,2011-12-08
22530,MAGIC DRAWING SLATE DOLLY GIRL,10065,4236.93,468,285,0.42,2010-03-28,2011-12-08
21556,CERAMIC STRAWBERRY MONEY BOX,1607,4234.21,293,132,2.64,2009-12-01,2011-11-23
84598,BOYS ALPHABET IRON ON PATCHES,20775,4229.18,217,30,0.21,2009-12-01,2011-12-09
22285,"DECORATION HEN ON NEST, HANGING",2705,4228.21,261,165,1.57,2009-12-06,2011-12-05
23166,MEDIUM CERAMIC TOP STORAGE JAR,78033,4221.28,247,138,1.05,2011-01-18,2011-12-09
22202,MILK PAN PINK RETROSPOT,1074,4220.00,264,91,4.04,2009-12-02,2011-05-05
20982,12 PENCILS TALL TUBE SKULLS,4851,4219.15,576,316,0.87,2009-12-01,2011-12-09
22497,SET OF 2 TINS VINTAGE BATHROOM,929,4217.82,279,160,4.56,2010-01-31,2011-12-05
22425,ENAMEL COLANDER CREAM,854,4208.97,301,195,5.06,2010-05-16,2011-12-08
23237,SET OF 4 KNICK KNACK TINS LEAF,1053,4205.04,177,131,4.06,2011-06-08,2011-12-09
21614,SET OF 12 ROSE BOTANICAL T-LIGHTS,1627,4202.12,194,123,2.79,2009-12-02,2011-05-31
23089,GLASS BON BON JAR,2354,4190.13,225,101,1.79,2011-05-12,2011-12-09
21609,SET 12 LAVENDER  BOTANICAL T-LIGHTS,1499,4186.29,218,142,2.79,2009-12-02,2011-08-30
22600,CHRISTMAS RETROSPOT STAR WOOD,4860,4186.10,429,278,0.87,2010-07-16,2011-12-09
21707,FOLDING UMBRELLA BLACKBLUE POLKADOT,1005,4184.95,172,107,4.16,2009-12-01,2011-12-06
22892,SET OF SALT AND PEPPER TOADSTOOLS,3520,4182.12,295,162,1.23,2010-10-15,2011-11-22
22312,OFFICE MUG WARMER POLKADOT,1233,4172.40,269,104,3.45,2009-12-01,2011-12-08
22670,FRENCH WC SIGN BLUE METAL,4432,4170.01,425,218,1.24,2010-08-17,2011-12-09
23012,GLASS APOTHECARY BOTTLE PERFUME,1071,4165.51,246,151,3.92,2011-06-14,2011-12-09
22833,HALL CABINET WITH 3 DRAWERS,120,4163.54,13,9,34.7,2010-11-04,2011-02-03
20665,RED RETROSPOT PURSE,1335,4161.94,348,167,3.19,2009-12-01,2011-12-09
23144,ZINC T-LIGHT HOLDER STARS SMALL,5089,4161.31,274,180,0.82,2011-04-21,2011-12-09
21355,TOAST ITS - I LOVE YOU,3452,4158.05,341,213,1.22,2009-12-01,2011-12-09
21470,FLOWER VINE RAFFIA FOOD COVER,1102,4157.18,319,160,3.8,2009-12-01,2011-12-08
84950,ASSORTED COLOUR T-LIGHT HOLDER,6041,4154.77,274,156,0.7,2009-12-01,2011-12-08
72807A,SET/3 ROSE CANDLE IN JEWELLED BOX,924,4141.29,216,95,4.56,2009-12-01,2011-11-24
70006,LOVE HEART POCKET WARMER,4438,4137.12,290,141,0.93,2009-12-01,2011-12-08
22851,SET 20 NAPKINS FAIRY CAKES DESIGN,5167,4127.38,523,306,0.81,2010-08-19,2011-12-07
21068,VINTAGE BILLBOARD LOVE/HATE MUG,4066,4126.30,373,149,1.04,2009-12-01,2011-12-08
23306,SET OF 36 DOILIES PANTRY DESIGN,2808,4113.23,277,182,1.47,2011-06-05,2011-12-05
21143,ANTIQUE GLASS HEART DECORATION,2088,4112.10,182,128,1.99,2009-12-01,2011-08-22
23167,SMALL CERAMIC TOP STORAGE JAR,5847,4110.82,231,129,0.77,2011-05-11,2011-12-09
21590,KINGS CHOICE CIGAR BOX MATCHES,3448,4108.78,286,203,1.2,2009-12-01,2010-11-10
22071,SMALL WHITE RETROSPOT MUG IN BOX,1530,4107.13,256,200,2.85,2009-12-01,2011-12-09
21537,RED RETROSPOT PUDDING BOWL,1005,4091.71,256,174,4.32,2009-12-01,2011-12-07
23009,I LOVE LONDON BABY GIFT SET,263,4082.52,103,48,15.52,2011-03-09,2011-12-09
22744,MAKE YOUR OWN MONSOON CARD KIT,1515,4081.47,300,196,2.8,2010-08-10,2011-12-08
21472,LADYBIRD + BEE RAFFIA FOOD COVER,1056,4077.82,285,161,3.86,2009-12-01,2011-07-15
22926,IVORY GIANT GARDEN THERMOMETER,680,4061.06,216,152,6.1,2010-11-21,2011-05-10
21911,GARDEN METAL SIGN,2546,4061.05,344,200,1.6,2009-12-01,2011-04-15
23255,CHILDRENS CUTLERY CIRCUS PARADE,1014,4059.87,158,116,4.04,2011-04-10,2011-12-09
16161U,WRAP SUKI AND FRIENDS,10026,4053.42,318,203,0.41,2009-12-01,2011-12-02
21474,SWEETHEART CREAM STEEL FOLDIN BENCH,210,4049.85,94,69,19.95,2010-01-21,2010-09-12
84580,MOUSE TOY WITH PINK T-SHIRT,1057,4036.94,442,197,3.83,2009-12-01,2011-12-08
22807,SET OF 6 T-LIGHTS TOADSTOOLS,1375,4035.31,294,125,2.97,2010-09-20,2011-12-09
23193,BUFFALO BILL TREASURE BOOK BOX,1922,4034.28,175,109,2.12,2011-03-02,2011-12-09
23340,VINTAGE CHRISTMAS CAKE FRILL,2500,4034.08,151,112,1.61,2011-07-31,2011-12-09
22127,PARTY CONES CARNIVAL ASSORTED,3468,4030.80,155,128,1.2,2009-12-01,2011-03-23
84596B,SMALL DOLLY MIX DESIGN ORANGE BOWL,6221,4027.95,725,256,0.65,2009-12-01,2011-12-09
72349B,SET/6 PURPLE BUTTERFLY T-LIGHTS,1990,4024.79,287,123,2.04,2009-12-01,2011-12-09
22053,EMPIRE DESIGN ROSETTE,4551,4018.39,87,61,0.88,2009-12-03,2011-11-08
21717,EASTER TIN BUCKET,1554,4016.68,176,122,2.6,2009-12-02,2011-03-22
22639,SET OF 4 NAPKIN CHARMS HEARTS,1651,4005.82,275,192,2.44,2010-07-18,2011-12-08
20981,12 PENCILS TALL TUBE WOODLAND,4718,4002.01,513,290,0.86,2009-12-01,2011-12-09
23129,HEART SHAPED HOLLY WREATH,950,3995.35,172,138,4.21,2011-05-18,2011-12-05
23194,GYMKHANA TREASURE BOOK BOX,1835,3994.12,214,142,2.22,2011-03-02,2011-12-09
23081,GREEN METAL BOX ARMY SUPPLIES,483,3988.75,139,80,8.36,2011-05-10,2011-12-08
22284,HEN HOUSE DECORATION,2465,3974.84,300,157,1.63,2009-12-03,2011-12-05
22612,TEA COSY VINTAGE UNION JACK,1001,3969.99,109,83,3.98,2010-03-28,2010-09-28
85206A,CREAM FELT EASTER EGG BASKET,2327,3966.41,318,234,1.71,2009-12-01,2011-03-17
22245,"HOOK, 1 HANGER ,MAGIC GARDEN",4633,3962.50,413,166,0.86,2009-12-09,2011-09-01
21901,"KEY FOB , BACK DOOR",6158,3962.06,688,315,0.66,2009-12-01,2011-12-09
21349,IVY HEART WREATH,553,3956.73,171,113,7.25,2009-12-01,2011-11-01
23130,MISTLETOE HEART WREATH GREEN,962,3951.63,184,139,4.15,2011-05-01,2011-12-04
22445,PENCIL CASE LIFE IS BEAUTIFUL,1287,3948.86,275,147,3.07,2010-03-17,2011-12-08
23486,ANTIQUE HEART SHELF UNIT,275,3945.82,74,64,15.07,2011-10-20,2011-12-08
22359,GLASS JAR KINGS CHOICE,1278,3937.13,202,117,3.17,2010-03-16,2011-12-06
23557,LANDMARK FRAME BAKER STREET,350,3930.27,32,25,11.23,2011-10-19,2011-12-08
22731,3D CHRISTMAS STAMPS STICKERS,2958,3923.12,266,165,1.34,2010-09-16,2011-12-07
20967,GREY FLORAL FELTCRAFT SHOULDER BAG,1055,3922.34,296,187,3.79,2009-12-01,2011-10-26
22454,MEASURING TAPE BABUSHKA RED,1405,3892.33,179,115,2.8,2010-03-19,2011-11-16
22057,CERAMIC PLATE STRAWBERRY DESIGN,3060,3889.55,260,113,1.31,2009-12-03,2011-12-08
22790,"MIRROR, ARCHED GEORGIAN",200,3884.00,1,1,19.42,2010-10-14,2010-10-14
23552,BICYCLE PUNCTURE REPAIR KIT,1863,3881.91,116,93,2.08,2011-11-25,2011-12-09
22788,BROCANTE COAT RACK,476,3875.87,84,51,8.28,2010-10-17,2011-06-15
22314,OFFICE MUG WARMER CHOC+BLUE,1110,3872.68,249,101,3.5,2009-12-02,2011-12-09
23049,RECYCLED ACAPULCO MAT RED,456,3872.09,186,103,8.55,2011-03-04,2011-12-01
46000M,POLYESTER FILLER PAD 45x45cm,2517,3868.80,353,205,1.55,2009-12-01,2011-12-07
23110,PARISIENNE KEY CABINET,700,3853.93,255,157,5.92,2011-05-11,2011-12-09
21987,PACK OF 6 SKULL PAPER CUPS,6417,3850.01,385,209,0.62,2009-12-01,2011-12-09
22478,BIRDHOUSE GARDEN MARKER,2772,3845.91,317,176,1.39,2010-03-05,2011-12-09
22272,FELTCRAFT DOLL MARIA,1371,3845.39,300,207,2.81,2009-12-01,2011-05-22
21447,12 IVORY ROSE PEG PLACE SETTINGS,2776,3841.38,336,149,1.38,2009-12-03,2011-09-21
22341,LOVE GARLAND PAINTED ZINC,3467,3840.69,240,128,1.64,2009-12-02,2011-12-08
22959,WRAP CHRISTMAS VILLAGE,9738,3834.96,284,251,0.41,2010-09-06,2011-12-08
22118,JOY WOODEN BLOCK LETTERS,799,3832.17,271,195,4.81,2009-12-01,2011-12-09
22475,SKULL DESIGN TV DINNER TRAY,769,3827.10,256,115,5.02,2010-03-05,2011-12-08
23253,16 PIECE CUTLERY SET PANTRY DESIGN,258,3816.96,70,44,14.92,2011-04-18,2011-12-08
21192,WHITE BELL HONEYCOMB PAPER,2167,3816.04,216,96,1.79,2009-12-01,2011-11-27
23131,MISTLETOE HEART WREATH CREAM,942,3811.08,115,91,4.07,2011-04-26,2011-12-08
22797,CHEST OF DRAWERS GINGHAM HEART,242,3793.81,140,98,17.38,2010-10-17,2011-12-07
21067,VINTAGE RED TEATIME MUG,4763,3790.91,266,130,0.8,2009-12-01,2011-10-04
22458,CAST IRON HOOK GARDEN FORK,1523,3790.47,173,121,2.49,2010-03-04,2011-04-20
21812,GARLAND WITH HEARTS AND BELLS,805,3788.79,205,103,4.87,2009-12-01,2011-12-09
22777,GLASS CLOCHE LARGE,455,3788.67,100,67,8.44,2010-10-22,2011-07-21
21100,CHARLIE AND LOLA CHARLOTTE BAG,2540,3788.40,269,119,1.49,2009-12-01,2011-03-22
22980,PANTRY SCRUBBING BRUSH,2363,3785.96,291,198,1.65,2011-02-16,2011-12-09
23032,DRAWER KNOB CRACKLE GLAZE IVORY,2328,3777.78,199,117,1.66,2011-06-14,2011-12-01
21055,TOOL BOX SOFT TOY,386,3776.44,222,122,9.95,2009-12-01,2011-12-08
21034,REX CASH+CARRY JUMBO SHOPPER,4002,3775.30,1902,800,0.95,2009-12-01,2011-12-08
22125,UNION JACK HOT WATER BOTTLE,653,3774.24,183,117,6.26,2009-12-01,2011-11-23
22830,UTILTY CABINET WITH HOOKS,181,3760.71,18,14,20.78,2010-10-22,2011-01-16
22965,3 TRADITIONAl BISCUIT CUTTERS  SET,1842,3754.24,260,187,2.08,2010-11-21,2011-12-09
23542,WALL ART 70'S ALPHABET,506,3751.46,89,55,7.51,2011-10-03,2011-12-08
22843,BISCUIT TIN VINTAGE GREEN,595,3751.31,177,135,6.48,2010-10-15,2011-12-05
23299,FOOD COVER WITH BEADS SET 2,1012,3742.88,146,110,3.73,2011-05-04,2011-12-09
84016,FLAG OF ST GEORGE CAR FLAG,1004,3741.37,62,43,3.78,2009-12-07,2011-09-14
22292,HANGING CHICK  YELLOW DECORATION,2779,3738.94,222,145,1.36,2009-12-03,2011-11-25
84356,POMPOM CURTAIN,750,3729.34,133,58,5.03,2009-12-04,2011-12-09
21329,DINOSAURS  WRITING SET,2082,3727.66,555,253,1.81,2009-12-01,2011-12-09
21795,SET OF 3 BLUE STRIPE BASKET,441,3722.19,80,64,8.47,2009-12-01,2010-10-24
21846,PINK DIAMANTE PEN IN GIFT BOX,1601,3721.55,264,51,2.38,2009-12-02,2011-12-08
71038,WHITE HANGING BEADS CANDLE HOLDER,717,3718.40,144,85,5.28,2009-12-02,2011-11-28
22544,MINI JIGSAW SPACEBOY,9382,3718.30,341,196,0.4,2010-03-25,2011-12-09
85040B,SET/4 BLUE FLOWER CANDLES IN BOWL,2451,3716.13,252,132,1.56,2009-12-01,2011-04-11
22579,WOODEN TREE CHRISTMAS SCANDINAVIAN,7152,3715.68,553,347,0.53,2010-07-18,2011-11-28
85049C,ROMANTIC PINKS RIBBONS,2981,3715.04,500,303,1.26,2009-12-01,2011-12-09
22782,SET 3 WICKER STORAGE BASKETS,254,3712.30,84,75,14.62,2010-10-27,2011-12-07
22162,HEART GARLAND RUSTIC PADDED,1218,3702.50,260,92,3.07,2009-12-01,2011-11-24
35924,HANGING FAIRY CAKE DECORATION,2164,3701.72,188,65,1.87,2009-12-01,2011-12-08
23127,FELTCRAFT GIRL NICOLE KIT,736,3694.65,194,146,5.11,2011-03-02,2011-12-09
21627,ELEPHANT CARNIVAL POUFFE,195,3687.65,115,31,19.31,2009-12-04,2011-10-24
21648,ASSORTED TUTTI FRUTTI SMALL PURSE,2940,3682.08,231,96,1.35,2009-12-01,2011-12-09
23092,LARGE ANTIQUE WHITE PHOTO FRAME,523,3680.03,135,96,7.19,2011-05-16,2011-12-08
23182,TOILET SIGN OCCUPIED OR VACANT,3741,3676.59,433,140,0.99,2011-03-01,2011-12-09
20692,FLORAL ELEPHANT SOFT TOY,908,3674.26,139,75,4.06,2009-12-01,2010-09-08
22494,EMERGENCY FIRST AID TIN,2765,3667.17,468,200,1.35,2010-01-29,2011-12-08
21813,GARLAND WITH STARS AND BELLS,815,3657.46,184,76,4.62,2009-12-01,2011-12-09
22823,CHEST NATURAL WOOD 20 DRAWERS,32,3655.00,18,17,114.22,2010-10-26,2011-11-15
23013,GLASS APOTHECARY BOTTLE TONIC,924,3650.46,223,135,3.98,2011-06-14,2011-12-09
21845,DAIRY MAID STRIPE MUG,2521,3647.37,158,104,1.49,2009-12-09,2011-11-28
21246,RED RETROSPOT BIG BOWL,749,3646.03,209,99,4.92,2009-12-01,2011-09-04
22591,CARDHOLDER GINGHAM CHRISTMAS TREE,1347,3639.45,208,148,2.86,2010-07-16,2011-12-09
23497,CLASSIC CHROME BICYCLE BELL,2558,3638.62,195,150,1.43,2011-10-28,2011-12-09
21486,PINK HEART DOTS HOT WATER BOTTLE,1116,3634.92,294,127,3.26,2009-12-01,2010-12-07
20785,FUSCHIA RETRO BAR STOOL,102,3632.40,36,14,36.0,2010-01-22,2011-04-06
23191,BUNDLE OF 3 RETRO NOTE BOOKS,2201,3623.94,281,182,1.65,2011-05-10,2011-12-09
85114B,IVORY ENCHANTED FOREST PLACEMAT,2017,3614.75,223,99,1.79,2009-12-01,2011-12-08
23091,ZINC HERB GARDEN CONTAINER,580,3612.57,209,160,6.3,2011-05-11,2011-11-10
21351,CINAMMON & ORANGE WREATH,1099,3610.80,177,113,3.37,2009-12-01,2011-12-09
72802A,ROSE SCENT CANDLE IN JEWELLED BOX,914,3604.81,182,112,4.15,2009-12-02,2011-12-01
23294,SET OF 6 SNACK LOAF BAKING CASES,4392,3597.02,354,214,0.82,2011-07-12,2011-12-09
22778,GLASS CLOCHE SMALL,972,3593.69,194,107,3.96,2010-10-18,2011-11-24
21743,STAR PORTABLE TABLE LIGHT,1288,3593.03,182,117,2.92,2009-12-01,2011-09-13
22589,CARDHOLDER GINGHAM STAR,1317,3580.88,238,170,2.75,2010-07-16,2011-12-09
72802B,OCEAN SCENT CANDLE IN JEWELLED BOX,1559,3579.73,212,119,2.73,2009-12-01,2011-11-04
21509,COWBOYS AND INDIANS BIRTHDAY CARD,8696,3577.14,628,264,0.41,2009-12-03,2011-12-09
85232D,SET/3 DECOUPAGE STACKING TINS,701,3572.31,223,120,5.19,2009-12-01,2011-12-08
84968F,SET OF 16 VINTAGE SKY BLUE CUTLERY,298,3571.77,131,52,11.99,2009-12-01,2011-11-13
22962,JAM JAR WITH PINK LID,4366,3568.81,354,183,0.83,2010-11-28,2011-12-09
22398,MAGNETS PACK OF 4 SWALLOWS,4239,3567.48,430,273,0.87,2010-03-26,2011-12-09
85040A,S/4 PINK FLOWER CANDLES IN BOWL,2065,3567.29,400,193,1.76,2009-12-03,2011-12-09
21866,UNION JACK FLAG LUGGAGE TAG,2168,3560.25,453,190,1.66,2009-12-01,2011-12-08
22774,RED DRAWER KNOB ACRYLIC EDWARDIAN,2791,3556.25,184,75,1.29,2010-10-17,2011-12-07
23111,PARISIENNE SEWING BOX,312,3556.04,138,80,12.31,2011-05-11,2011-12-09
84558A,3D DOG PICTURE PLAYING CARDS,1259,3554.36,199,116,2.88,2009-12-01,2011-12-05
22704,WRAP RED APPLES,8678,3543.76,295,207,0.41,2010-05-27,2011-12-09
22603,CHRISTMAS RETROSPOT TREE WOOD,4143,3541.04,388,236,0.86,2010-07-16,2011-12-08
23332,IVORY WICKER HEART LARGE,2059,3539.41,287,207,1.72,2011-08-07,2011-12-09
22536,MAGIC DRAWING SLATE PURDEY,9091,3538.42,365,243,0.39,2010-03-28,2011-12-08
20784,RED RETRO BAR STOOL,101,3530.92,37,6,35.36,2009-12-01,2010-10-21
20886,BOX OF 9 PEBBLE CANDLES,1777,3528.52,308,163,1.99,2009-12-01,2011-11-07
22334,DINOSAUR PARTY BAG + STICKER SET,2230,3521.01,264,180,1.59,2009-12-03,2011-12-07
21054,NURSE'S BAG SOFT TOY,382,3520.10,182,119,9.26,2009-12-03,2011-11-14
22176,BLUE OWL SOFT TOY,1184,3516.18,258,125,2.99,2009-12-02,2011-10-31
21179,NO JUNK MAIL METAL SIGN,4284,3513.22,505,231,0.82,2009-12-01,2011-09-12
22531,MAGIC DRAWING SLATE CIRCUS PARADE,8136,3507.76,406,251,0.43,2010-03-31,2011-12-08
23189,SET OF 12 FORK CANDLES,1249,3504.62,141,89,2.81,2011-08-03,2011-12-08
22765,NEWSPAPER STAND,311,3493.35,53,36,11.28,2010-10-10,2010-12-09
22076,6 RIBBONS EMPIRE,2353,3490.19,375,197,1.48,2009-12-01,2011-12-09
23353,6 GIFT TAGS VINTAGE CHRISTMAS,4007,3490.13,327,227,0.88,2011-08-02,2011-12-09
21466,RED FLOWER CROCHET FOOD COVER,927,3479.79,275,147,3.75,2009-12-01,2011-12-08
21794,CLASSIC FRENCH STYLE BASKET NATURAL,713,3472.74,178,123,4.98,2010-01-27,2011-10-25
21784,SHOE SHINE BOX,290,3468.63,178,78,12.2,2009-12-01,2011-09-01
22166,WALL MIRROR RECTANGLE DIAMANTE PINK,440,3465.15,159,31,8.02,2009-12-01,2011-12-08
22902,TOTE BAG I LOVE LONDON,1716,3456.16,199,102,2.04,2010-09-26,2011-12-08
23085,ANTIQUE SILVER BAUBLE LAMP,376,3454.48,78,64,9.53,2011-05-16,2011-12-08
20786,BLACK RETRO BAR STOOL,99,3454.00,31,9,35.7,2010-01-22,2010-10-22
21507,"ELEPHANT, BIRTHDAY CARD,",8223,3445.33,584,267,0.42,2009-12-02,2011-12-09
85123a,WHITE HANGING HEART T-LIGHT HOLDER,516,3444.02,99,0,6.67,2010-06-08,2011-12-08
47505,MINATURE COLOURED GARDENING SET,737,3440.37,178,129,4.79,2009-12-01,2010-06-07
22939,APRON APPLE DELIGHT,700,3433.24,181,109,5.0,2010-09-26,2011-12-06
23388,WOODLAND MINI BACKPACK,821,3432.09,154,115,4.18,2011-09-11,2011-12-09
23426,METAL SIGN DROP YOUR PANTS,1275,3427.09,206,126,2.7,2011-09-05,2011-12-09
23536,WALL ART VILLAGE SHOW,626,3418.33,85,68,5.5,2011-10-03,2011-12-09
22172,METAL SHELF WITH RAIL,378,3417.82,185,124,9.13,2009-12-01,2010-09-29
23232,WRAP VINTAGE LEAF DESIGN,8526,3415.50,238,188,0.4,2011-01-17,2011-12-08
23350,ROLL WRAP VINTAGE SPOT,2712,3415.08,305,205,1.27,2011-08-04,2011-12-09
23065,LARGE DECO JEWELLERY STAND,273,3414.94,99,81,12.55,2011-04-15,2011-11-18
21469,POLKA DOT RAFFIA FOOD COVER,1165,3414.51,210,130,2.99,2009-12-01,2011-12-07
21191,LARGE WHITE HONEYCOMB PAPER BELL,1479,3408.61,201,96,2.3,2009-12-01,2011-12-08
22320,BIRDS MOBILE VINTAGE DESIGN,598,3408.17,180,130,5.93,2009-12-01,2011-12-08
21364,PEACE SMALL WOOD LETTERS,468,3394.22,167,118,7.28,2009-12-01,2011-10-13
22309,TEA COSY RED  STRIPE,1331,3392.78,266,117,2.6,2009-12-02,2011-12-09
22459,CAST IRON HOOK GARDEN TROWEL,1378,3389.74,172,124,2.46,2010-03-04,2011-04-27
84352,SILVER CHRISTMAS TREE BAUBLE STAND,206,3386.93,126,90,17.02,2009-12-01,2011-09-21
23014,GLASS APOTHECARY BOTTLE ELIXIR,856,3384.03,209,122,3.99,2011-06-14,2011-12-09
21039,RED SPOTTY SHOPPING BAG,1313,3382.85,228,141,2.61,2009-12-01,2011-12-06
21679,SKULLS  STICKERS,4871,3381.83,370,181,0.83,2009-12-01,2011-12-07
22440,BALLOON WATER BOMB PACK OF 35,8523,3380.93,292,187,0.4,2010-04-11,2011-12-06
37340,MULTICOLOUR SPRING FLOWER MUG,13665,3380.11,204,79,0.28,2009-12-01,2011-12-08
23354,6 GIFT TAGS 50'S CHRISTMAS,3740,3379.60,322,235,0.92,2011-08-02,2011-12-09
21327,SKULLS WRITING SET,1926,3378.51,495,212,1.75,2009-12-02,2011-12-09
23156,SET OF 5 MINI GROCERY MAGNETS,1665,3373.37,205,117,2.06,2011-03-25,2011-12-08
21902,"KEY FOB , FRONT  DOOR",5359,3370.98,474,250,0.64,2009-12-01,2011-12-09
22764,"RUSTIC WOODEN CABINET, GLASS DOORS",183,3368.69,25,23,18.92,2010-10-12,2011-03-25
84797A,PINK HAWAIIAN PICNIC HAMPER FOR 4,481,3361.25,44,21,6.99,2010-01-29,2010-06-04
22862,LOVE HEART NAPKIN BOX,758,3356.22,221,143,4.45,2010-09-16,2011-01-25
22477,WATERING CAN GARDEN MARKER,2414,3355.49,276,155,1.39,2010-03-05,2011-12-08
22822,CREAM WALL PLANTER HEART SHAPED,581,3355.45,183,139,5.8,2010-11-07,2011-12-08
22223,CAKE PLATE LOVEBIRD PINK,726,3354.71,175,89,4.63,2009-12-04,2011-12-06
18097C,WHITE TALL PORCELAIN T-LIGHT HOLDER,1763,3353.12,211,110,2.23,2009-12-01,2011-12-08
21211,SET OF 72 SKULL PAPER  DOILIES,2405,3348.24,237,139,1.4,2009-12-02,2011-11-28
21123,SET/10 IVORY POLKADOT PARTY CANDLES,2751,3333.06,252,125,1.23,2009-12-03,2011-12-09
23210,WHITE ROCKING HORSE HAND PAINTED,2849,3331.77,192,115,1.25,2011-06-02,2011-12-09
22452,MEASURING TAPE BABUSHKA PINK,1271,3319.75,255,112,2.64,2010-03-21,2011-12-06
22136,LOVE HEART SOCK HANGER,1989,3317.67,265,117,1.67,2009-12-01,2011-12-08
21917,SET 12 KIDS  WHITE CHALK STICKS,8010,3315.40,467,246,0.42,2009-12-01,2011-12-08
44230,SQUARE MIRROR CURTAIN,347,3303.71,53,25,9.75,2009-12-01,2010-10-10
37501,TEA TIME TEA SET IN GIFT BOX,481,3296.90,177,106,7.07,2009-12-01,2011-08-24
84813,SET OF 4 DIAMOND NAPKIN RINGS,422,3296.81,99,53,7.82,2009-12-01,2011-12-06
22122,SET OF 2 FANCY FONT TEA TOWELS,1095,3290.08,191,113,3.0,2009-12-01,2010-08-20
37410,BLACK AND WHITE PAISLEY FLOWER MUG,25707,3281.15,33,13,0.13,2009-12-01,2010-04-07
84472,PINK AND LILAC QUILTED THROW,87,3276.42,30,23,39.11,2009-12-01,2010-05-11
22428,ENAMEL FIRE BUCKET CREAM,459,3275.42,191,126,7.36,2010-04-08,2011-12-08
23308,SET OF 60 VINTAGE LEAF CAKE CASES,6139,3272.61,382,209,0.53,2011-06-05,2011-12-09
84828,JUNGLE POPSICLES ICE LOLLY HOLDERS,2503,3270.18,353,146,1.32,2009-12-02,2011-12-09
22944,CHRISTMAS METAL POSTCARD WITH BELLS,4870,3266.78,158,89,0.73,2010-09-19,2011-12-08
22047,EMPIRE GIFT WRAP,8250,3262.00,261,211,0.41,2009-12-02,2011-12-05
15058B,PINK POLKADOT GARDEN PARASOL,438,3258.52,156,65,7.6,2010-01-13,2011-11-17
22769,CHALKBOARD KITCHEN ORGANISER,174,3256.71,45,32,21.02,2010-10-10,2011-01-04
84975,HEART SHAPED MIRROR,1990,3251.19,212,115,1.64,2009-12-01,2010-12-08
20702,PINK PADDED MOBILE,782,3249.95,245,151,4.22,2009-12-03,2011-10-26
23053,RECYCLED ACAPULCO MAT PINK,364,3246.07,164,105,8.94,2011-03-04,2011-12-09
21467,CHERRY CROCHET FOOD COVER,1025,3245.00,254,145,3.18,2009-12-01,2011-12-09
22183,CAKE STAND VICTORIAN FILIGREE MED,586,3241.05,209,58,5.63,2009-12-01,2011-11-13
22419,LIPSTICK PEN RED,6847,3238.45,509,191,0.47,2010-05-07,2011-12-09
23239,SET OF 4 KNICK KNACK TINS POPPIES,842,3238.04,178,125,3.98,2011-06-08,2011-12-09
22794,SWEETHEART WIRE MAGAZINE RACK,389,3231.60,209,130,8.41,2010-10-17,2011-12-09
22792,FLUTED ANTIQUE CANDLE HOLDER,3489,3230.93,262,128,0.93,2010-10-22,2011-12-08
23395,BELLE JARDINIERE CUSHION COVER,748,3230.83,210,141,4.35,2011-09-04,2011-12-08
85220,SMALL FAIRY CAKE FRIDGE MAGNETS,12236,3229.35,5,4,0.56,2009-12-02,2010-02-17
84510A,SET OF 4 ENGLISH ROSE COASTERS,2402,3227.89,474,200,1.35,2009-12-01,2011-12-09
84849B,FAIRY SOAP SOAP HOLDER,1936,3222.17,293,123,1.68,2009-12-01,2011-07-20
20992,JAZZ HEARTS PURSE NOTEBOOK,6151,3220.40,433,222,0.52,2009-12-01,2011-12-08
84837,WHITE SWEETHEARTS CABINET 4 DRAWERS,251,3210.04,143,109,12.79,2009-12-01,2010-08-02
23051,RECYCLED ACAPULCO MAT BLUE,365,3206.99,162,95,8.83,2011-03-04,2011-12-09
22967,SET 3 SONG BIRD PAPER EGGS ASSORTED,1171,3206.51,138,122,2.79,2011-01-14,2011-12-07
21732,RED HANGING METAL STAR TLIGHT HLDR,925,3204.04,58,50,3.48,2009-12-01,2010-09-28
84031B,CHARLIE LOLA BLUE HOT WATER BOTTLE,839,3198.83,271,80,3.89,2009-12-01,2011-12-09
22281,EASTER TREE YELLOW BIRDS,511,3190.66,149,83,6.43,2009-12-01,2011-12-07
84596F,SMALL MARSHMALLOWS PINK BOWL,4720,3189.71,600,216,0.68,2009-12-01,2011-12-09
23035,DRAWER KNOB CERAMIC IVORY,2191,3186.94,191,110,1.46,2011-06-14,2011-12-08
23230,WRAP ALPHABET DESIGN,7976,3186.42,235,178,0.4,2011-01-13,2011-12-08
21829,DINOSAUR KEYRINGS ASSORTED,15035,3181.49,409,211,0.22,2009-12-01,2011-10-20
23342,MINT DINER WALL CLOCK,373,3167.91,163,105,8.52,2011-06-24,2011-12-07
21111,"SWISS ROLL TOWEL, CHOCOLATE  SPOTS",1379,3166.51,214,109,2.31,2009-12-01,2011-12-09
21557,SET OF 6 FUNKY BEAKERS,932,3166.44,302,71,3.4,2009-12-01,2011-12-09
22972,CHILDREN'S SPACEBOY MUG,1882,3163.64,243,147,1.71,2010-11-24,2011-12-08
22194,BLACK DINER WALL CLOCK,373,3161.10,160,100,8.61,2009-12-01,2011-08-11
18098C,PORCELAIN BUTTERFLY OIL BURNER,1223,3160.33,236,104,2.64,2009-12-01,2011-08-08
79164,BLACK WINE GLASS,3653,3159.41,91,43,0.87,2009-12-01,2011-11-07
21949,SET OF 6 STRAWBERRY CHOPSTICKS,2598,3156.68,269,91,1.22,2009-12-01,2011-12-09
22773,GREEN DRAWER KNOB ACRYLIC EDWARDIAN,2392,3156.11,227,95,1.33,2010-10-17,2011-12-07
82494l,WOODEN FRAME ANTIQUE WHITE,378,3155.93,86,0,8.35,2010-05-05,2011-12-08
22702,BLACK AND WHITE CAT BOWL,1589,3152.37,94,66,1.99,2010-06-23,2011-12-02
23323,WHITE WICKER STAR,1469,3140.48,294,210,2.14,2011-06-23,2011-12-09
21519,GIN & TONIC DIET GREETING CARD,7356,3134.81,553,181,0.43,2009-12-01,2011-12-08
21333,CLASSIC WHITE FRAME,1057,3133.07,222,150,3.02,2009-12-01,2011-04-05
21473,SWEETHEART CREAM STEEL TABLE RECT,157,3132.36,90,65,20.46,2009-12-13,2011-11-20
23393,HOME SWEET HOME CUSHION COVER,801,3129.16,229,165,4.0,2011-09-04,2011-12-08
22863,SOAP DISH BROCANTE,1107,3128.26,169,120,2.86,2010-09-23,2011-12-06
21628,TRIANGULAR POUFFE VINTAGE,164,3125.48,87,24,19.42,2009-12-02,2011-12-08
22700,BLACK AND WHITE DOG BOWL,1384,3124.10,98,79,2.28,2010-07-01,2011-10-07
82578,KITCHEN METAL SIGN,5595,3122.09,704,322,0.56,2009-12-01,2011-12-08
22347,PIZZA SLICE DISH,2716,3119.18,115,50,1.15,2009-12-01,2010-08-20
23346,SPACEBOY BEAKER,2628,3104.84,184,106,1.18,2011-07-24,2011-12-08
21705,BAG 500g SWIRLY MARBLES,2534,3104.21,225,142,1.24,2009-12-01,2011-12-09
84997d,CHILDRENS CUTLERY POLKADOT PINK,371,3097.38,82,0,8.35,2010-02-19,2011-12-09
22406,MONEY BOX KINGS CHOICE DESIGN,2487,3093.69,217,145,1.27,2010-03-26,2011-12-08
21272,SALLE DE BAIN HOOK,2348,3093.58,339,167,1.32,2009-12-01,2011-08-11
22310,IVORY KNITTED MUG COSY,1739,3092.69,223,64,1.79,2009-12-03,2011-12-08
22572,ROCKING HORSE GREEN CHRISTMAS,3439,3084.63,362,211,0.9,2010-07-22,2011-11-29
22129,PARTY CONES CANDY TREE DECORATION,3246,3079.82,174,97,0.95,2009-12-02,2011-12-09
84912B,GREEN ROSE WASHBAG,1125,3072.64,259,56,2.73,2009-12-01,2011-12-05
22473,TV DINNER TRAY VINTAGE PAISLEY,811,3070.92,209,120,3.79,2010-03-11,2011-12-08
22757,LARGE RED BABUSHKA NOTEBOOK,2696,3068.93,308,161,1.14,2010-08-08,2011-12-09
47504K,ENGLISH ROSE GARDEN SECATEURS,2654,3067.10,312,210,1.17,2009-12-01,2011-11-09
85227,SET OF 6 3D KIT CARDS FOR KIDS,3440,3060.94,442,225,0.9,2009-12-01,2011-12-09
21206,STRAWBERRY HONEYCOMB  GARLAND,2155,3049.75,238,117,1.42,2009-12-03,2011-11-23
20956,PORCELAIN T-LIGHT HOLDERS ASSORTED,2338,3046.32,236,117,1.32,2009-12-01,2011-12-06
22372,AIRLINE BAG VINTAGE WORLD CHAMPION,604,3039.48,287,163,5.09,2010-02-11,2011-12-09
21352,EUCALYPTUS & PINECONE  WREATH,880,3036.03,158,77,3.53,2009-12-01,2011-11-15
22754,SMALL RED BABUSHKA NOTEBOOK,3924,3034.66,492,237,0.78,2010-08-08,2011-12-09
23329,DECORATIVE WICKER HEART LARGE,1767,3033.24,233,168,1.72,2011-08-07,2011-12-08
15058A,BLUE POLKADOT GARDEN PARASOL,476,3032.98,148,76,6.63,2010-01-24,2011-11-23
22762,CUPBOARD 3 DRAWER MA CAMPAGNE,204,3031.72,133,91,16.06,2010-10-10,2011-12-07
22037,ROBOT BIRTHDAY CARD,7054,3030.66,634,270,0.43,2009-12-01,2011-12-09
23461,SWEETHEART BIRD HOUSE,847,3024.61,94,75,3.59,2011-09-29,2011-12-07
21408,SPOTTY PINK DUCK DOORSTOP,703,3024.06,240,114,4.33,2009-12-02,2011-12-09
23390,DOLLY GIRL MINI BACKPACK,747,3021.44,163,117,4.05,2011-09-11,2011-12-09
21820,GLITTER HEART GARLAND WITH BELLS,795,3019.89,180,112,3.94,2009-12-01,2011-12-05
21786,POLKADOT RAIN HAT,7471,3019.63,450,131,0.41,2009-12-01,2011-12-09
15044C,PURPLE PAPER PARASOL,967,3013.31,231,100,3.13,2009-12-01,2011-12-06
84279B,CHERRY BLOSSOM DECORATIVE FLASK,808,3013.17,215,140,3.81,2009-12-01,2011-06-17
21765,HANGING METAL BIRD BATH,371,3009.64,143,103,8.29,2009-12-06,2010-11-15
23231,WRAP DOILEY DESIGN,7277,3008.34,260,190,0.41,2011-01-12,2011-12-08
22208,WOOD STAMP SET THANK YOU,2366,3005.54,433,237,1.28,2009-12-01,2011-12-08
22095,LADS ONLY TISSUE BOX,2978,3003.15,284,125,1.05,2009-12-02,2011-12-09
84912A,PINK ROSE WASHBAG,1094,2996.44,231,59,2.74,2009-12-03,2011-09-22
22402,MAGNETS PACK OF 4 VINTAGE COLLAGE,3431,2995.28,250,158,0.88,2010-03-26,2011-12-08
20985,HEART CALCULATOR,2370,2993.56,291,162,1.29,2009-12-02,2011-12-09
22805,BLUE DRAWER KNOB ACRYLIC EDWARDIAN,2207,2992.57,231,89,1.36,2010-10-17,2011-12-09
21477,STRING OF 20 ROSE LIGHTS,273,2991.69,45,35,11.9,2009-12-01,2010-03-31
22963,JAM JAR WITH GREEN LID,3696,2988.55,319,170,0.83,2010-07-23,2011-12-09
22154,ANGEL DECORATION 3 BUTTONS,7114,2987.64,317,163,0.43,2009-12-01,2011-12-09
22755,SMALL PURPLE BABUSHKA NOTEBOOK,3776,2987.43,499,243,0.79,2010-08-06,2011-12-09
22067,CHOC TRUFFLE GOLD TRINKET POT,1855,2987.12,252,108,1.63,2009-12-02,2011-12-08
22712,CARD DOLLY GIRL,7295,2986.88,508,209,0.41,2010-05-28,2011-12-09
22461,SAVOY ART DECO CLOCK,410,2982.11,146,82,8.8,2010-03-07,2011-09-14
22132,RED LOVE HEART SHAPE CUP,3345,2979.61,388,154,0.89,2009-12-01,2011-12-08
21354,TOAST ITS - BEST MUM,2476,2979.46,217,123,1.2,2009-12-02,2011-12-01
23242,TREASURE TIN BUFFALO BILL,1470,2968.47,214,132,2.06,2011-06-08,2011-12-08
84997c,CHILDRENS CUTLERY POLKADOT BLUE,353,2958.87,75,0,8.38,2010-08-31,2011-12-09
22375,AIRLINE BAG VINTAGE JET SET BROWN,590,2958.69,284,135,5.03,2010-02-14,2011-12-08
22905,CALENDAR IN SEASON DESIGN,1077,2957.17,194,111,2.75,2010-09-19,2011-12-09
22891,TEA FOR ONE POLKADOT,644,2946.45,230,108,4.82,2010-10-15,2011-12-09
22925,BLUE GIANT GARDEN THERMOMETER,488,2941.92,191,130,6.13,2010-11-22,2011-10-28
22519,CHILDS GARDEN BRUSH PINK,1425,2939.37,258,142,2.08,2010-03-25,2011-06-07
22674,FRENCH TOILET SIGN BLUE METAL,2377,2938.83,297,182,1.24,2010-08-17,2011-12-08
21830,ASSORTED CREEPY CRAWLIES,7658,2937.92,256,151,0.42,2009-12-04,2011-11-23
79072,TEATIME CAKE TIN WITH HANDLE,284,2933.95,107,41,10.86,2009-12-01,2010-06-03
22816,CARD MOTORBIKE SANTA,6856,2930.77,436,258,0.43,2010-09-16,2011-12-09
22664,TOY TIDY DOLLY GIRL DESIGN,1429,2928.99,266,107,2.07,2010-07-22,2011-12-09
22277,COSMETIC BAG VINTAGE ROSE PAISLEY,1400,2923.29,250,147,2.09,2009-12-01,2011-12-09
85049D,BRIGHT BLUES RIBBONS,2330,2922.96,400,263,1.25,2009-12-01,2011-09-28
21948,SET OF 6 CAKE CHOPSTICKS,2293,2921.36,267,71,1.27,2009-12-01,2011-12-07
21214,SET OF 72 IVORY PAPER DOILIES,2006,2919.37,199,106,1.46,2009-12-01,2010-10-08
84944,SET OF 6 KASHMIR FOLKART BAUBLES,1135,2909.43,194,122,2.78,2009-12-01,2011-11-04
22325,MOBILE VINTAGE HEARTS,699,2902.39,224,129,4.49,2009-12-01,2011-11-29
23211,RED ROCKING HORSE HAND PAINTED,2329,2900.57,160,82,1.26,2011-06-02,2011-12-08
21626,VINTAGE UNION JACK PENNANT,1496,2900.07,204,136,2.02,2009-12-01,2011-11-21
22518,CHILDS GARDEN BRUSH BLUE,1398,2899.80,266,141,2.07,2010-03-25,2011-05-16
22955,36 FOIL STAR CAKE CASES,1448,2885.26,185,131,1.99,2010-11-04,2011-12-09
85184D,S/4 BLUE ROUND DECOUPAGE BOXES,8311,2881.86,66,48,0.55,2009-12-01,2010-09-28
22811,SET OF 6 T-LIGHTS CACTI,1021,2881.18,140,51,2.82,2010-09-21,2011-12-09
23290,SPACEBOY CHILDRENS BOWL,2430,2877.85,214,125,1.19,2011-06-13,2011-12-09
23345,DOLLY GIRL BEAKER,2451,2877.50,174,100,1.18,2011-07-24,2011-12-09
21709,FOLDING UMBRELLA CHOCOLATE POLKADOT,696,2876.72,117,69,4.13,2009-12-02,2011-12-04
22177,5 HOOK BLACKBOARD ORGANISER,325,2874.46,125,90,9.54,2009-12-01,2010-08-25
21465,PINK FLOWER CROCHET FOOD COVER,793,2868.14,187,117,3.63,2009-12-01,2011-12-01
22927,GREEN GIANT GARDEN THERMOMETER,468,2865.27,162,101,6.3,2010-11-21,2011-12-05
22480,RED TEA TOWEL CLASSIC DESIGN,2368,2863.06,263,197,1.21,2010-03-05,2011-08-28
20752,BLUE POLKADOT WASHING UP GLOVES,1500,2861.90,358,188,1.91,2009-12-01,2011-11-27
22581,WOOD STOCKING CHRISTMAS SCANDISPOT,3565,2850.93,380,208,0.8,2010-07-18,2011-12-09
23504,PLAYING CARDS JUBILEE UNION JACK,1927,2848.89,208,164,1.48,2011-09-22,2011-12-08
23427,STOOL HOME SWEET HOME,237,2837.68,114,87,12.07,2011-09-04,2011-12-08
22897,OVEN MITT APPLES DESIGN,1956,2833.85,298,190,1.48,2010-09-26,2011-12-08
22949,36 DOILIES DOLLY GIRL,2010,2832.09,177,130,1.42,2010-09-19,2011-12-06
22576,SWALLOW WOODEN CHRISTMAS DECORATION,3132,2829.98,330,191,0.91,2010-07-18,2011-12-09
21688,SILVER PLATE CANDLE BOWL SMALL,912,2827.95,142,97,3.12,2009-12-01,2011-11-30
22293,HANGING CHICK GREEN DECORATION,2034,2825.40,225,114,1.41,2009-12-02,2011-11-22
23196,VINTAGE LEAF MAGNETIC NOTEPAD,1872,2823.39,298,170,1.52,2011-06-23,2011-12-09
21821,GLITTER STAR GARLAND WITH BELLS,713,2817.85,153,86,4.02,2009-12-01,2011-12-05
22671,FRENCH LAUNDRY SIGN BLUE METAL,1688,2804.94,246,140,1.67,2010-08-17,2011-12-08
21508,VINTAGE KID DOLLY CARD,6716,2803.58,541,215,0.42,2009-12-01,2011-12-09
84909A,PINK PAISLEY QUILT,209,2797.55,30,24,13.39,2009-12-09,2010-03-24
22696,WICKER WREATH LARGE,1415,2790.83,288,203,1.97,2010-07-29,2011-12-07
84519A,TOMATO CHARLIE+LOLA COASTER SET,1200,2788.45,203,96,2.32,2009-12-01,2011-12-09
23212,HEART WREATH DECORATION WITH BELL,2296,2785.89,186,104,1.25,2011-06-02,2011-12-09
21796,SET OF 3 RED STRIPE BASKETS,324,2782.19,67,57,8.59,2009-12-01,2010-08-11
85199S,SMALL HANGING IVORY/RED WOOD BIRD,6022,2779.20,486,188,0.46,2009-12-01,2011-12-09
22983,CARD BILLBOARD FONT,6695,2774.79,551,264,0.42,2010-09-14,2011-12-09
21360,JOY LARGE WOOD LETTERS,441,2770.51,100,81,6.33,2009-12-01,2011-06-06
22710,WRAP I LOVE LONDON,7184,2768.78,173,112,0.39,2010-05-27,2011-12-06
22974,CHILDRENS DOLLY GIRL MUG,1636,2762.81,211,128,1.71,2010-11-24,2011-12-08
22450,SILK PURSE BABUSHKA BLUE,834,2761.43,180,117,3.36,2010-03-17,2011-11-28
23190,BUNDLE OF 3 SCHOOL EXERCISE BOOKS,1702,2758.60,202,145,1.62,2011-05-09,2011-12-09
22416,SET OF 36 DOILIES SPACEBOY DESIGN,1970,2754.66,176,122,1.4,2010-02-03,2011-12-04
21683,MEDIUM MEDINA STAMPED METAL BOWL,936,2754.52,152,96,2.95,2009-12-02,2011-12-05
22184,CAKE STAND VICTORIAN FILIGREE LARGE,389,2752.27,146,60,7.42,2009-12-02,2011-01-27
85015,SET OF 12  VINTAGE POSTCARD SET,2908,2750.00,254,133,0.95,2009-12-01,2011-12-08
21682,LARGE MEDINA STAMPED METAL BOWL,559,2747.79,152,116,4.95,2009-12-03,2011-12-04
85132B,CHARLIE AND LOLA TABLE TINS,919,2747.63,123,73,3.01,2009-12-06,2011-06-19
21728,METAL MEDINA LANTERN,298,2747.61,40,33,9.31,2009-12-03,2010-07-23
22217,T-LIGHT HOLDER HANGING LACE,2374,2744.81,214,152,1.19,2009-12-09,2011-12-09
84795C,OCEAN STRIPE HAMMOCK,325,2744.64,131,70,8.47,2009-12-02,2011-01-31
22315,200 RED + WHITE BENDY STRAWS,2136,2743.26,387,191,1.29,2009-12-01,2011-12-08
23341,PINK DINER WALL CLOCK,307,2741.35,121,75,8.93,2011-06-24,2011-12-08
22145,CHRISTMAS CRAFT HEART STOCKING,1306,2740.06,197,153,2.11,2009-12-01,2010-12-08
35001W,HAND OPEN SHAPE DECO.WHITE,883,2739.88,190,78,3.18,2009-12-01,2010-12-16
22482,BLUE TEA TOWEL CLASSIC DESIGN,2319,2739.43,214,154,1.18,2010-03-05,2011-07-05
23100,SILVER BELLS TABLE DECORATION,2166,2738.13,257,180,1.26,2011-05-11,2011-12-08
22597,MUSICAL ZINC HEART DECORATION,4613,2737.18,291,167,0.6,2010-07-25,2011-12-09
23396,LE JARDIN BOTANIQUE CUSHION COVER,654,2735.53,196,134,4.21,2011-09-04,2011-12-08
23147,SINGLE ANTIQUE ROSE HOOK IVORY,1868,2730.45,261,170,1.47,2011-04-21,2011-12-08
22525,CHILDRENS GARDEN GLOVES PINK,1946,2730.04,328,189,1.41,2010-03-25,2011-04-18
15058C,ICE CREAM DESIGN GARDEN PARASOL,470,2729.92,122,56,5.86,2010-01-24,2011-12-09
23266,SET OF 3 WOODEN STOCKING DECORATION,2053,2728.82,319,201,1.34,2011-06-09,2011-12-09
22651,GENTLEMAN SHIRT REPAIR KIT,3175,2720.86,270,112,0.86,2010-07-20,2011-12-09
22675,FRENCH KITCHEN SIGN BLUE METAL,2227,2719.95,270,179,1.24,2010-08-17,2011-12-08
22066,LOVE HEART TRINKET POT,3435,2718.51,273,185,0.79,2009-12-04,2011-12-06
23164,REGENCY CAKE SLICE,578,2713.70,92,70,4.7,2011-05-03,2011-12-08
21424,WOODLAND STORAGE BOX LARGE,955,2709.74,142,51,3.0,2009-12-01,2011-10-25
22161,HEART DECORATION RUSTIC HANGING,6726,2709.40,489,156,0.41,2009-12-07,2011-12-09
23489,VINTAGE BELLS GARLAND,913,2709.23,159,125,2.97,2011-10-20,2011-12-09
21324,HANGING MEDINA LANTERN SMALL,1014,2705.61,175,101,2.81,2009-12-03,2011-05-09
22914,BLUE COAT RACK PARIS FASHION,570,2695.91,170,117,4.77,2010-11-19,2011-12-09
22524,CHILDRENS GARDEN GLOVES BLUE,1925,2695.73,293,188,1.41,2010-03-25,2011-05-24
22081,RIBBON REEL FLORA + FAUNA,1559,2693.39,302,170,1.77,2009-12-01,2011-12-09
22479,DAISY GARDEN MARKER,1939,2691.19,214,129,1.39,2010-03-05,2011-12-08
23264,SET OF 3 WOODEN SLEIGH DECORATIONS,1963,2689.56,299,177,1.37,2011-06-09,2011-12-09
47480,HANGING PHOTO CLIP ROPE LADDER,1638,2689.23,150,62,1.66,2009-12-07,2011-12-09
21188,3D HEARTS  HONEYCOMB PAPER GARLAND,912,2681.69,128,69,3.04,2009-12-03,2011-08-03
85035C,ROSE 3 WICK MORRIS BOX CANDLE,1356,2681.10,197,129,1.99,2009-12-02,2011-11-27
23333,IVORY WICKER HEART MEDIUM,2089,2680.45,233,179,1.29,2011-08-08,2011-12-07
21744,SNOWFLAKE PORTABLE TABLE LIGHT,898,2679.46,217,131,3.0,2009-12-01,2011-11-24
23292,SPACEBOY CHILDRENS CUP,2181,2677.08,222,113,1.24,2011-06-13,2011-12-09
90057,DIAMANTE RING ASSORTED IN BOX.,1804,2675.88,37,29,1.48,2009-12-09,2011-12-08
22436,12 COLOURED PARTY BALLOONS,4215,2669.50,289,173,0.64,2010-04-07,2011-12-07
22495,SET OF 2 ROUND TINS CAMEMBERT,940,2664.62,237,165,2.85,2010-01-29,2011-12-09
21224,SET/4 SKULL BADGES,2171,2664.41,312,140,1.24,2009-12-03,2011-12-09
22650,CERAMIC PIRATE CHEST MONEY BANK,1786,2664.23,282,150,1.52,2010-05-14,2011-12-09
21788,KIDS RAIN MAC BLUE,3375,2663.24,206,141,0.81,2009-12-01,2011-12-06
22101,MIRROR MOSAIC VOTIVE HOLDER,1909,2661.81,116,44,1.46,2009-12-01,2011-12-08
22818,CARD CHRISTMAS VILLAGE,6290,2660.38,404,252,0.43,2010-09-16,2011-12-09
22028,PENNY FARTHING BIRTHDAY CARD,6344,2655.05,507,203,0.42,2009-12-01,2011-12-09
85049B,LUSH GREENS RIBBONS,2126,2653.30,338,224,1.25,2009-12-01,2011-01-26
23407,SET OF 2 TRAYS HOME SWEET HOME,265,2649.73,133,103,10.22,2011-09-04,2011-12-08
22155,STAR DECORATION RUSTIC,5925,2649.55,340,165,0.45,2009-12-01,2011-12-09
21693,SMALL HAMMERED SILVER CANDLEPOT,871,2648.62,120,84,3.04,2009-12-03,2011-12-06
21742,LARGE ROUND WICKER PLATTER,437,2647.28,193,156,6.06,2009-12-01,2011-12-08
21923,RED/CREAM STRIPE FRINGE HAMMOCK,337,2646.74,119,80,7.9,2009-12-03,2010-09-16
22930,BAKING MOULD HEART MILK CHOCOLATE,1108,2645.20,189,120,2.57,2010-12-08,2011-12-08
22152,PLACE SETTING WHITE STAR,6241,2637.66,241,154,0.42,2009-12-01,2011-12-05
22376,AIRLINE BAG VINTAGE JET SET WHITE,529,2632.18,246,145,4.98,2010-02-14,2011-12-08
22503,CABIN BAG VINTAGE PAISLEY,141,2631.32,54,29,22.54,2010-04-30,2011-11-27
22500,SET OF 2 TINS JARDIN DE PROVENCE,580,2627.51,198,155,4.56,2010-01-31,2011-12-09
21897,POTTING SHED CANDLE CITRONELLA,866,2626.61,106,86,3.05,2009-12-01,2011-04-27
21422,PORCELAIN ROSE SMALL,3160,2615.77,147,71,0.83,2009-12-03,2011-12-01
21204,DAISIES  HONEYCOMB GARLAND,1608,2611.74,205,109,1.67,2009-12-06,2011-12-07
22713,CARD I LOVE LONDON,6084,2607.72,368,148,0.43,2010-05-27,2011-12-09
85034B,3 WHITE CHOC MORRIS BOXED CANDLES,1183,2606.64,152,95,2.2,2009-12-01,2011-12-08
51014C,"FEATHER PEN,COAL BLACK",4268,2606.60,265,108,0.64,2009-12-01,2011-12-08
72800E,4 IVORY DINNER CANDLES SILVER FLOCK,1388,2604.34,286,139,1.88,2009-12-01,2011-12-09
85049F,BABY BOOM RIBBONS,2110,2602.75,314,206,1.25,2009-12-02,2011-09-26
85183B,CHARLIE & LOLA WASTEPAPER BIN FLORA,1725,2600.51,171,124,1.58,2009-12-01,2011-12-04
22046,TEA PARTY  WRAPPING PAPER,6375,2599.22,208,147,0.41,2009-12-02,2011-12-08
37502,TEA TIME MUG IN GIFT BOX,868,2596.84,171,97,3.0,2009-12-01,2010-07-30
23054,RECYCLED ACAPULCO MAT LAVENDER,295,2596.68,130,81,8.83,2011-03-04,2011-12-09
22758,LARGE PURPLE BABUSHKA NOTEBOOK,2437,2595.85,314,151,1.07,2010-08-06,2011-12-09
47585A,PINK FAIRY CAKE CUSHION COVER,1084,2594.13,148,66,2.41,2009-12-07,2011-12-01
22190,LOCAL CAFE MUG,1400,2589.57,242,88,1.85,2009-12-01,2011-12-09
72799E,IVORY PILLAR CANDLE SILVER FLOCK,1232,2582.94,178,105,2.11,2009-12-01,2011-12-08
21171,BATHROOM METAL SIGN,1845,2578.27,260,142,1.4,2009-12-02,2011-08-11
84849D,HOT BATHS SOAP HOLDER,1558,2577.71,260,122,1.68,2010-01-14,2011-12-01
22094,RED RETROSPOT TISSUE BOX,3557,2575.33,339,181,0.74,2009-12-02,2011-12-08
47503J,SET/3 FLORAL GARDEN TOOLS IN BAG,344,2568.33,75,31,7.91,2009-12-01,2010-12-07
82597,BOMBS AWAY METAL SIGN,1210,2563.77,215,106,2.12,2009-12-01,2010-11-01
22231,JIGSAW TREE WITH BIRDHOUSE,2135,2562.33,297,166,1.27,2009-12-01,2011-12-08
21808,"CHRISTMAS GARLAND STARS,TREES",1001,2560.53,144,70,2.71,2009-12-01,2011-12-09
22471,TV DINNER TRAY AIR HOSTESS,627,2556.91,176,91,4.1,2010-03-11,2011-12-09
22146,EASTER CRAFT IVY WREATH WITH CHICK,1413,2555.43,107,93,1.86,2009-12-04,2011-01-25
21589,SWALLOW GIANT TUBE MATCHES,1119,2552.85,88,73,2.31,2009-12-01,2010-06-30
21653,GLASS ETCHED T-LIGHT HOLDER LARGE,1246,2550.97,111,75,2.06,2010-01-13,2010-11-30
20960,WATERMELON BATH SPONGE,1900,2550.84,215,85,1.34,2009-12-01,2011-03-07
22439,6 ROCKET BALLOONS,3891,2550.26,363,216,0.67,2010-04-08,2011-12-08
21818,GLITTER CHRISTMAS HEART,4196,2549.45,285,197,0.61,2009-12-01,2011-12-07
22270,HAPPY EASTER HANGING DECORATION,685,2541.89,153,104,3.85,2009-12-03,2011-11-22
22735,RIBBON REEL SOCKS AND MITTENS,1434,2541.38,231,133,1.77,2010-09-16,2011-12-09
85035B,CHOCOLATE 3 WICK MORRIS BOX CANDLE,986,2539.29,131,75,2.58,2009-12-06,2011-10-27
21898,POTTING SHED ROSE CANDLE,827,2538.81,113,73,3.07,2009-12-01,2011-04-27
20787,BLUE RETRO BAR STOOL,69,2535.10,30,7,36.74,2010-01-17,2010-09-22
22937,BAKING MOULD CHOCOLATE CUPCAKES,972,2530.09,160,122,2.64,2010-12-08,2011-12-07
90062,CARNIVAL BRACELET,204,2527.67,109,33,12.7,2009-12-01,2011-04-28
84012,MAGIC SHEEP WOOL GROWING FROM PAPER,1838,2526.47,179,127,1.43,2009-12-01,2011-12-08
23681,LUNCH BAG RED VINTAGE DOILY,1576,2525.04,132,105,1.6,2011-11-06,2011-12-09
22415,WHITE TISSUE REAM,317,2520.15,204,156,7.95,2009-12-01,2011-01-26
85034C,3 ROSE MORRIS BOXED CANDLES,1314,2518.40,197,130,1.98,2009-12-04,2011-12-07
21215,IVORY PAPER CUP CAKE CASES,4349,2516.24,291,127,0.58,2009-12-04,2011-12-08
21431,GREEN GINGHAM FLOWER JEWELLERY BOX,1483,2508.06,278,167,1.69,2009-12-01,2010-11-16
23424,GINGHAM RECIPE BOOK BOX,462,2504.67,135,87,5.43,2011-09-04,2011-12-09
22313,OFFICE MUG WARMER PINK,985,2498.67,137,74,3.19,2009-12-02,2011-12-09
82567,"AIRLINE LOUNGE,METAL SIGN",1207,2496.88,489,136,2.07,2009-12-01,2011-12-09
21323,HANGING MEDINA LANTERN LARGE,740,2494.14,80,46,3.39,2009-12-02,2010-07-30
21288,STRIPEY CHOCOLATE NESTING BOXES,982,2493.32,224,105,2.6,2009-12-03,2011-12-08
23316,RED REFECTORY CLOCK,250,2491.69,110,75,10.01,2011-06-23,2011-12-08
23146,TRIPLE HOOK ANTIQUE IVORY ROSE,798,2481.16,227,151,3.31,2011-04-19,2011-12-05
23367,SET 12 COLOUR PENCILS SPACEBOY,3278,2480.80,282,184,0.76,2011-09-22,2011-12-09
84754,S/15 SILVER GLASS BAUBLES IN BAG,2083,2479.45,218,129,1.26,2009-12-01,2011-09-23
85054,FRENCH ENAMEL POT W LID,916,2474.82,204,107,2.72,2009-12-01,2011-11-28
22742,MAKE YOUR OWN PLAYTIME CARD KIT,1002,2469.40,180,132,2.47,2010-08-10,2011-12-08
85041,SET/4 PINK ORCHID CANDLES IN BOWL,1853,2466.77,92,64,1.34,2009-12-01,2010-07-15
21616,4 PEAR BOTANICAL DINNER CANDLES,1152,2458.58,191,126,2.13,2009-12-08,2011-12-09
21680,WOODLAND  STICKERS,2858,2458.18,268,110,0.87,2009-12-01,2011-12-09
84509F,SET OF 4 NEW ENGLAND PLACEMATS,2781,2456.10,46,32,0.88,2009-12-04,2010-11-10
21203,BUTTERFLIES  HONEYCOMB GARLAND,1539,2455.75,145,85,1.64,2009-12-03,2010-08-17
20668,DISCO BALL CHRISTMAS DECORATION,20951,2454.52,367,181,0.12,2009-12-02,2011-12-09
85206B,PINK FELT EASTER EGG BASKET,1538,2454.20,183,138,1.61,2009-12-14,2011-01-20
22676,FRENCH BLUE METAL DOOR SIGN 1,1830,2451.23,305,105,1.35,2010-08-17,2011-12-09
22852,DOG BOWL VINTAGE CREAM,565,2445.86,160,108,4.37,2010-10-15,2011-12-08
23352,ROLL WRAP 50'S RED CHRISTMAS,1800,2444.20,212,151,1.37,2011-08-04,2011-12-09
21330,WOODLAND ANIMAL  WRITING SET,1452,2439.22,201,101,1.69,2009-12-01,2010-11-07
84509B,SET OF 4 FAIRY CAKE PLACEMATS,649,2437.67,196,101,3.78,2009-12-02,2011-12-08
21792,CLASSIC FRENCH STYLE BASKET GREEN,494,2432.93,141,110,5.1,2010-01-20,2011-08-03
21809,CHRISTMAS HANGING TREE WITH BELL,3015,2427.89,207,118,0.81,2009-12-01,2011-12-09
22342,HOME GARLAND PAINTED ZINC,1817,2424.95,230,109,1.39,2009-12-02,2011-12-09
21106,CREAM SLICE FLANNEL CHOCOLATE SPOT,790,2419.68,169,98,3.06,2009-12-02,2011-12-02
22911,PAPER CHAIN KIT LONDON,853,2418.95,164,115,2.88,2010-09-19,2011-12-05
22789,T-LIGHT HOLDER SWEETHEART HANGING,1238,2417.59,196,138,1.95,2010-10-17,2011-12-08
22091,EMPIRE TISSUE BOX,3179,2417.11,324,184,0.78,2009-12-01,2011-12-09
21823,PAINTED METAL HEART WITH HOLLY BELL,2468,2412.92,212,136,0.99,2009-12-02,2011-11-15
22613,PACK OF 20 SPACEBOY NAPKINS,3051,2411.26,273,166,0.79,2010-05-06,2011-12-09
22021,BLUE FELT EASTER EGG BASKET,1413,2410.51,233,161,1.72,2009-12-14,2011-03-21
22540,MINI JIGSAW CIRCUS PARADE,6162,2409.03,189,114,0.39,2010-03-28,2011-12-09
21274,EMBOSSED HEART 3 DRAWER SHELF,175,2407.94,105,61,13.83,2009-12-04,2010-11-05
21924,BLUE/CREAM STRIPE FRINGE HAMMOCK,315,2407.16,123,82,7.89,2009-12-02,2010-10-18
22448,PIN CUSHION BABUSHKA RED,753,2406.63,121,79,3.22,2010-03-18,2011-12-06
84840,SWEETHEART CARRY-ALL BASKET,282,2405.32,140,110,8.62,2010-05-02,2011-03-25
21439,BASKET OF TOADSTOOLS,2259,2405.06,240,112,1.26,2009-12-01,2011-12-08
23406,HOME SWEET HOME KEY HOLDER,456,2403.91,111,65,5.31,2011-09-05,2011-12-06
21642,ASSORTED TUTTI FRUTTI PEN,4413,2402.84,251,150,0.58,2009-12-01,2011-12-09
21973,SET OF 36 MUSHROOM PAPER DOILIES,1670,2401.18,210,117,1.45,2009-12-02,2011-11-28
22537,MAGIC DRAWING SLATE DINOSAUR,5861,2400.75,350,225,0.41,2010-03-29,2011-12-05
22153,ANGEL DECORATION STARS ON DRESS,5705,2399.44,283,136,0.43,2009-12-01,2011-12-09
23400,SHELF WITH 4 HOOKS HOME SWEET HOME,461,2396.84,107,76,5.23,2011-09-06,2011-12-08
23265,SET OF 3 WOODEN TREE DECORATIONS,1769,2386.04,293,180,1.36,2011-06-09,2011-12-09
21462,"NURSERY A,B,C PAINTED LETTERS",413,2384.91,171,131,5.87,2009-12-04,2011-12-09
85036A,GARDENIA 1 WICK MORRIS BOXED CANDLE,619,2383.71,165,117,3.86,2009-12-03,2011-11-16
22829,SWEETHEART WIRE WALL TIDY,241,2380.67,118,83,10.24,2010-11-10,2011-11-11
22986,GINGHAM ROSE WRAP,5795,2379.40,204,162,0.41,2010-09-07,2011-12-08
84795B,SUNSET CHECK HAMMOCK,298,2379.09,96,56,7.98,2009-12-06,2011-11-08
22566,FELTCRAFT HAIRBAND PINK AND PURPLE,2836,2373.82,297,192,0.84,2010-03-10,2011-12-09
47570,ENGLISH ROSE TABLE CLOTH,220,2373.01,78,47,10.79,2009-12-02,2010-04-26
23498,CLASSIC BICYCLE CLIPS,1640,2372.68,99,77,1.45,2011-11-25,2011-12-09
23437,50'S CHRISTMAS GIFT BAG LARGE,1939,2371.13,131,108,1.22,2011-08-22,2011-12-09
85059,FRENCH ENAMEL WATER BASIN,701,2369.89,211,108,3.42,2009-12-01,2011-12-09
23028,DRAWER KNOB CRACKLE GLAZE BLUE,1369,2365.58,137,88,1.74,2011-06-14,2011-11-02
22990,COTTON APRON PANTRY DESIGN,633,2363.73,164,117,4.61,2011-02-06,2011-12-08
10133,COLOURING PENCILS BROWN TUBE,3837,2360.56,289,153,0.62,2009-12-01,2011-09-07
21789,KIDS RAIN MAC PINK,2920,2358.87,218,138,0.83,2009-12-01,2011-12-02
21468,BUTTERFLY CROCHET FOOD COVER,669,2353.89,142,91,3.53,2009-12-02,2011-11-29
23436,VINTAGE CHRISTMAS GIFT BAG LARGE,1979,2348.64,114,91,1.2,2011-08-02,2011-12-08
22642,SET OF 4 NAPKIN CHARMS STARS,989,2348.47,141,113,2.37,2010-07-18,2011-12-08
23412,HEART MIRROR ANTIQUE WHITE,358,2339.80,76,64,6.58,2011-09-06,2011-10-10
22321,BIRD DECORATION RED RETROSPOT,2528,2339.10,305,118,0.93,2009-12-01,2011-12-08
23401,RUSTIC MIRROR WITH LACE HEART,459,2336.12,83,59,5.13,2011-09-07,2011-12-08
22421,LIPSTICK PEN FUSCHIA,4721,2333.26,406,172,0.5,2010-05-06,2011-12-09
21437,24 HANGING EASTER EGGS FLORAL TUB,677,2332.17,109,88,3.47,2009-12-08,2010-03-28
21126,SET OF 6 GIRLS CELEBRATION CANDLES,2325,2331.72,285,169,1.01,2009-12-01,2011-12-09
85034A,3 GARDENIA MORRIS BOXED CANDLES,846,2327.07,135,92,2.8,2009-12-01,2011-11-23
21708,FOLDING UMBRELLA CREAM POLKADOT,611,2316.68,129,72,3.82,2009-12-01,2011-12-05
21824,PAINTED METAL STAR WITH HOLLY BELLS,2782,2316.66,211,137,0.85,2009-12-02,2011-11-15
22609,PENS ASSORTED SPACEBALL,7087,2315.90,201,118,0.34,2010-02-23,2011-12-08
21747,SMALL SKULL WINDMILL,2049,2315.37,153,83,1.2,2009-12-01,2011-11-30
21540,DAIRY MAID CERAMIC BUTTER DISH,1323,2313.45,87,52,1.81,2009-12-01,2010-09-09
21615,4 LAVENDER BOTANICAL DINNER CANDLES,1168,2308.67,169,115,1.98,2009-12-01,2011-12-09
84459B,YELLOW METAL CHICKEN HEART,1475,2306.01,213,115,1.59,2009-12-07,2011-04-07
23371,SET 36 COLOUR PENCILS SPACEBOY,1705,2304.78,185,98,1.35,2011-09-22,2011-12-09
21947,SET OF 6 HEART CHOPSTICKS,1675,2302.81,298,122,1.37,2009-12-01,2011-12-09
22251,BIRDHOUSE DECORATION MAGIC GARDEN,1871,2293.89,298,141,1.24,2009-12-17,2011-12-08
21741,COSY SLIPPER SHOES LARGE GREEN,701,2291.20,190,108,3.27,2009-12-01,2011-11-16
22306,SILVER MUG BONE CHINA TREE OF LIFE,1621,2287.50,163,125,1.43,2009-12-09,2011-12-06
23360,SET 8 CANDLES VINTAGE DOILY,1182,2286.40,114,94,1.93,2011-08-02,2011-12-08
22831,WHITE BROCANTE SOAP DISH,776,2286.28,138,101,2.95,2010-11-07,2011-12-01
85176,SEWING SUSAN 21 NEEDLE SET,2748,2279.82,306,115,0.83,2009-12-01,2011-12-08
23330,DECORATIVE WICKER HEART MEDIUM,1794,2279.47,216,158,1.27,2011-08-08,2011-12-08
21482,MUSHROOM BLUE HOT WATER BOTTLE,740,2279.06,184,104,3.1,2009-12-01,2010-10-17
21262,WHITE GOOSE FEATHER CHRISTMAS TREE,606,2277.57,132,69,3.9,2009-12-02,2011-12-08
22973,CHILDREN'S CIRCUS PARADE MUG,1361,2275.13,155,88,1.7,2010-11-23,2011-12-07
22828,REGENCY MIRROR WITH SHUTTERS,17,2275.00,11,9,150.88,2010-10-21,2011-11-16
85107,CUT GLASS T-LIGHT HOLDER OCTAGON,1203,2274.79,70,56,1.89,2009-12-02,2011-12-06
84536A,ENGLISH ROSE NOTEBOOK A7 SIZE,5077,2273.77,613,227,0.45,2009-12-01,2011-12-08
22409,MONEY BOX BISCUITS DESIGN,1686,2272.96,164,108,1.36,2010-03-26,2011-12-06
85106,CUT GLASS HEXAGON T-LIGHT HOLDER,1190,2271.24,59,40,1.91,2009-12-08,2011-11-28
22539,MINI JIGSAW DOLLY GIRL,5654,2267.71,247,138,0.4,2010-03-26,2011-12-09
85199L,LARGE HANGING IVORY & RED WOOD BIRD,3455,2267.47,272,136,0.66,2009-12-01,2011-12-08
23197,SKETCHBOOK MAGNETIC SHOPPING LIST,1478,2267.25,249,116,1.56,2011-06-23,2011-12-09
22362,GLASS JAR PEACOCK BATH SALTS,747,2265.98,253,133,3.23,2010-03-15,2011-12-09
22246,"GARLAND, MAGIC GARDEN 1.8M",1081,2264.55,188,84,2.12,2009-12-01,2011-11-24
85114C,RED ENCHANTED FOREST PLACEMAT,1179,2263.06,161,79,1.92,2009-12-02,2011-12-09
21873,IF YOU CAN'T STAND THE HEAT MUG,2010,2259.94,199,98,1.17,2009-12-02,2011-12-08
23029,DRAWER KNOB CRACKLE GLAZE GREEN,1352,2257.72,156,97,1.7,2011-06-14,2011-12-08
85183A,CHARLIE & LOLA WASTEPAPER BIN BLUE,1512,2257.00,141,104,1.51,2009-12-01,2011-12-05
21826,EIGHT PIECE DINOSAUR SET,1800,2255.62,240,136,1.29,2009-12-01,2011-03-16
84818,DANISH ROSE PHOTO FRAME,1788,2250.20,214,122,1.33,2009-12-02,2011-10-30
84469,ROSE DES PADDED FLOOR CUSHION,664,2249.41,44,35,3.39,2009-12-04,2010-03-24
22133,PINK LOVE HEART SHAPE CUP,2464,2248.41,327,109,0.92,2009-12-01,2011-12-08
22933,BAKING MOULD EASTER EGG MILK CHOC,940,2248.12,122,82,2.75,2010-12-09,2011-12-05
21819,GLITTER CHRISTMAS STAR,3847,2247.14,248,178,0.58,2009-12-01,2011-12-08
21187,WHITE BELL HONEYCOMB PAPER GARLAND,1344,2243.78,144,90,1.67,2009-12-01,2011-08-04
22024,RAINY LADIES BIRTHDAY CARD,5391,2241.88,439,170,0.42,2009-12-01,2011-12-09
22803,IVORY EMBROIDERED QUILT,59,2237.84,36,22,37.93,2010-10-22,2011-11-13
23326,HANGING MINI COLOURED BOTTLES,3442,2237.08,76,52,0.65,2011-08-11,2011-12-09
21804,WHITE CHRISTMAS GARLAND STARS TREES,597,2233.49,137,92,3.75,2009-12-01,2011-12-02
23093,SMALL PARISIENNE HEART PHOTO FRAME,939,2231.77,142,105,2.38,2011-05-11,2011-12-09
23048,SET OF 10 LANTERNS FAIRY LIGHT STAR,577,2231.42,99,81,4.1,2011-04-28,2011-12-08
21398,RED POLKADOT COFFEE  MUG,2295,2227.70,126,82,0.97,2009-12-01,2011-04-19
23128,FELTCRAFT BOY JEAN-PAUL KIT,448,2224.01,139,112,5.04,2011-03-03,2011-12-08
35001G,HAND OPEN SHAPE GOLD,715,2222.18,103,46,3.16,2009-12-01,2011-12-07
22336,DOVE DECORATION PAINTED ZINC,4661,2220.01,214,136,0.48,2009-12-01,2011-10-14
23501,KEY RING BASEBALL BOOT UNION JACK,1821,2217.87,112,77,1.22,2011-10-05,2011-12-09
16237,SLEEPING CAT ERASERS,10385,2214.04,580,209,0.22,2009-12-01,2011-12-09
84913A,SOFT PINK ROSE TOWEL,608,2211.54,266,26,3.64,2009-12-09,2011-11-07
85035A,GARDENIA 3 WICK MORRIS BOXED CANDLE,646,2210.96,178,113,3.63,2009-12-02,2011-10-26
21686,MEDINA STAMPED METAL STOOL,65,2210.49,33,10,37.85,2009-12-11,2011-10-02
85172,HYACINTH BULB T-LIGHT CANDLES,4271,2210.30,150,110,0.53,2009-12-01,2011-12-06
23438,RED SPOT GIFT BAG LARGE,1809,2209.92,109,88,1.22,2011-08-03,2011-12-09
22785,SQUARECUSHION COVER PINK UNION FLAG,412,2207.11,122,82,5.36,2010-10-17,2011-12-09
22716,CARD CIRCUS PARADE,5218,2206.37,447,244,0.42,2010-06-01,2011-12-09
20658,RED SPOTTY LUGGAGE TAG,1584,2206.36,353,153,1.42,2009-12-01,2011-09-26
21681,GIANT MEDINA STAMPED METAL BOWL,233,2204.96,79,62,9.59,2009-12-02,2011-02-22
17091J,VANILLA INCENSE IN TIN,3964,2204.35,178,108,0.56,2009-12-01,2011-12-09
21638,ASSORTED TUTTI FRUTTI NOTEBOOK,1020,2204.14,142,84,2.18,2009-12-01,2011-12-08
23064,CINDERELLA CHANDELIER,221,2203.51,23,20,16.82,2011-04-28,2011-11-21
22286,"DECORATION , WOBBLY RABBIT , METAL",1937,2200.75,195,119,1.14,2009-12-01,2011-12-01
21651,HANGING GLASS ETCHED TEALIGHT,1361,2200.36,124,81,1.62,2009-12-03,2011-02-21
21710,FOLDING UMBRELLA PINKWHITE POLKADOT,726,2200.36,110,80,3.08,2009-12-01,2011-11-25
22514,CHILDS GARDEN SPADE BLUE,1082,2198.72,233,151,2.04,2010-03-28,2011-12-08
21464,DISCO BALL ROTATOR BATTERY OPERATED,539,2197.50,217,127,4.24,2009-12-02,2011-12-01
22074,6 RIBBONS SHIMMERING PINKS,2156,2196.54,287,127,1.03,2009-12-03,2011-12-09
23403,LETTER HOLDER HOME SWEET HOME,625,2192.86,134,80,3.53,2011-09-05,2011-12-08
21125,SET 6 FOOTBALL CELEBRATION CANDLES,2123,2192.63,246,162,1.04,2009-12-01,2011-12-09
21476,STEEL SWEETHEART ROUND TABLE CREAM,142,2189.61,85,53,15.63,2010-01-19,2011-10-19
22711,WRAP CIRCUS PARADE,5377,2189.34,181,148,0.41,2010-05-27,2011-12-09
22453,MEASURING TAPE BABUSHKA BLUE,801,2189.32,144,78,2.76,2010-03-21,2011-12-08
22853,CAT BOWL VINTAGE CREAM,645,2186.07,146,100,3.42,2010-10-15,2011-12-08
85045,GREEN CHRISTMAS TREE STRING 20LIGHT,471,2184.84,83,60,4.75,2009-12-01,2011-11-02
21620,SET OF 4 ROSE BOTANICAL CANDLES,1087,2184.23,222,139,2.03,2009-12-03,2011-12-09
20770,ABSTRACT CIRCLE JOURNAL,1045,2170.49,201,94,2.1,2009-12-01,2011-11-27
15056n,EDWARDIAN PARASOL NATURAL,173,2170.40,116,0,12.55,2010-06-08,2011-11-30
84691,PACK 20 DOLLY PEGS,2747,2169.40,235,124,0.81,2009-12-01,2011-05-31
22069,BROWN  PIRATE TREASURE CHEST,968,2164.63,267,66,2.24,2009-12-01,2011-12-09
21611,SET OF 12 LILY BOTANICAL T-LIGHTS,750,2164.49,148,93,2.91,2009-12-01,2010-10-27
21696,SMALL SILVER TRELLIS CANDLEPOT,749,2162.64,107,80,3.01,2009-12-03,2011-11-23
85039B,S/4 IVORY MINI ROSE CANDLE IN BOWL,1653,2158.72,266,84,1.32,2009-12-02,2011-12-09
22948,METAL DECORATION NAUGHTY CHILDREN,2155,2154.49,180,93,1.0,2010-09-16,2011-12-09
20931,BLUE POT PLANT CANDLE,673,2150.52,157,91,3.33,2009-12-07,2011-12-09
23370,SET 36 COLOURING PENCILS DOILY,1550,2150.35,151,86,1.39,2011-09-22,2011-12-09
23445,ICE CREAM BUBBLES,2668,2144.64,101,81,0.81,2011-08-24,2011-12-09
85116,BLACK CANDELABRA T-LIGHT HOLDER,1817,2143.24,181,40,1.21,2009-12-01,2011-10-14
23252,VINTAGE RED ENAMEL TRIM JUG,603,2137.86,138,104,3.75,2011-06-12,2011-12-08
21421,PORCELAIN ROSE LARGE,1792,2136.98,105,60,1.2,2009-12-06,2011-05-24
21905,MORE BUTTER METAL SIGN,1615,2136.87,263,132,1.33,2009-12-06,2011-12-09
22182,CAKE STAND VICTORIAN FILIGREE SMALL,561,2136.65,172,58,3.84,2009-12-02,2011-12-09
21617,4 LILY  BOTANICAL DINNER CANDLES,834,2135.01,169,102,2.56,2009-12-02,2011-11-21
23161,REGENCY CAKE FORK,1715,2130.30,98,58,1.25,2011-05-03,2011-12-08
22708,WRAP DOLLY GIRL,5325,2130.00,159,115,0.4,2010-06-02,2011-12-08
23066,SMALL DECO JEWELLERY STAND,259,2129.56,85,69,8.25,2011-04-18,2011-10-13
22677,FRENCH BLUE METAL DOOR SIGN 2,1583,2129.28,280,101,1.35,2010-08-17,2011-12-02
21774,DECORATIVE CATS BATHROOM BOTTLE,1711,2128.56,368,79,1.24,2009-12-03,2011-12-09
23302,KNEELING MAT HOUSEWORK  DESIGN,1536,2127.18,230,140,1.42,2011-05-15,2011-12-09
23005,TRAVEL CARD WALLET I LOVE LONDON,4733,2126.13,241,105,0.45,2011-02-17,2011-12-09
23213,STAR WREATH DECORATION WITH BELL,1682,2123.42,152,95,1.27,2011-06-02,2011-12-09
21195,PINK  HONEYCOMB PAPER BALL,997,2122.66,150,49,2.13,2009-12-02,2011-05-17
85216,ASSORTED CAKES FRIDGE MAGNETS,2849,2122.37,187,114,0.76,2009-12-01,2011-11-18
22515,CHILDS GARDEN SPADE PINK,1046,2121.34,208,139,2.04,2010-03-28,2011-12-06
20764,ABSTRACT CIRCLES SKETCHBOOK,685,2119.76,193,107,3.12,2009-12-02,2011-12-08
23031,DRAWER KNOB CRACKLE GLAZE PINK,1278,2119.30,155,93,1.68,2011-06-14,2011-12-07
23020,GLASS  SONGBIRD STORAGE JAR,180,2118.19,76,67,12.18,2011-06-14,2011-12-08
22824,3 TIER SWEETHEART GARDEN SHELF,61,2118.00,48,47,35.31,2010-11-07,2011-11-23
22714,CARD BIRTHDAY COWBOY,5277,2116.87,359,187,0.41,2010-05-28,2011-12-09
85099b,JUMBO BAG RED RETROSPOT,419,2111.64,25,0,5.04,2010-06-04,2010-10-15
23046,PAPER LANTERN 9 POINT DELUXE STAR,349,2111.49,36,31,6.05,2011-05-08,2011-12-05
85114A,BLACK ENCHANTED FOREST PLACEMAT,1270,2110.90,103,46,1.66,2010-06-21,2011-12-01
21643,ASSORTED TUTTI FRUTTI MIRROR,1521,2110.44,204,76,1.4,2009-12-01,2011-11-15
23079,TOADSTOOL BEDSIDE LIGHT,251,2100.15,106,83,8.87,2011-05-11,2011-12-07
23233,WRAP POPPIES  DESIGN,5175,2095.00,158,130,0.41,2011-01-16,2011-12-08
22338,STAR DECORATION PAINTED ZINC,6087,2091.62,264,143,0.35,2009-12-01,2011-12-09
22913,RED COAT RACK PARIS FASHION,450,2088.05,122,84,4.68,2010-11-19,2011-12-05
22996,TRAVEL CARD WALLET VINTAGE TICKET,4801,2084.01,408,155,0.44,2011-02-17,2011-12-09
72799F,IVORY PILLAR CANDLE GOLD FLOCK,1125,2082.74,102,62,1.85,2009-12-01,2011-11-25
40018F,CHERRY DESIGN PAPERLANTERNS,1092,2076.93,117,69,1.92,2009-12-01,2010-09-05
21359,RELAX LARGE WOOD LETTERS,208,2076.68,73,57,10.18,2009-12-02,2011-08-11
21655,HANGING RIDGE GLASS T-LIGHT HOLDER,1396,2075.58,89,56,1.63,2009-12-02,2011-02-11
84854,GIRLY PINK TOOL SET,381,2075.22,110,42,5.46,2009-12-01,2010-12-01
21865,PINK UNION JACK  PASSPORT COVER,896,2073.04,297,129,2.33,2009-12-01,2011-12-08
84796A,PINK HAWAIIAN PICNIC HAMPER FOR 2,284,2072.95,111,23,7.3,2009-12-07,2011-12-02
22023,EMPIRE BIRTHDAY CARD,4975,2071.73,430,177,0.42,2009-12-01,2011-12-08
22695,WICKER WREATH SMALL,1457,2070.15,225,151,1.42,2010-07-29,2011-12-09
21619,4 VANILLA BOTANICAL CANDLES,1131,2069.02,212,138,1.83,2009-12-01,2011-12-08
85049H,URBAN BLACK RIBBONS,2066,2067.18,334,154,1.0,2009-12-01,2011-12-09
84670,JAPANESE CROCHETED ANIMAL,5196,2065.72,182,114,0.41,2009-12-01,2010-11-22
23227,FILIGREE HEART BUTTERFLY WHITE,1642,2062.56,117,61,1.26,2011-05-26,2011-12-08
22279,POCKET BAG BLUE PAISLEY RED SPOT,1440,2058.37,214,108,1.46,2009-12-02,2011-12-09
21077,SET/20 WOODLAND PAPER NAPKINS,2790,2058.10,192,111,0.74,2009-12-02,2010-09-09
22163,HEART STRING MEMO HOLDER HANGING,1269,2056.07,197,86,1.76,2009-12-01,2011-12-09
51014L,"FEATHER PEN,LIGHT PINK",3445,2054.47,226,111,0.65,2009-12-04,2011-12-09
23152,IVORY SWEETHEART WIRE LETTER RACK,554,2054.40,159,108,3.76,2011-04-20,2011-12-04
21070,VINTAGE BILLBOARD MUG,2034,2050.14,229,107,1.02,2009-12-01,2011-12-08
21640,ASSORTED TUTTI FRUTTI  FOB NOTEBOOK,2225,2049.40,205,99,0.92,2009-12-01,2011-12-08
84990,60 GOLD AND SILVER FAIRY CAKE CASES,4248,2048.99,193,112,0.49,2009-12-01,2011-05-08
23291,DOLLY GIRL CHILDRENS CUP,1634,2046.53,195,104,1.26,2011-06-13,2011-12-08
84509G,SET OF 4 FAIRY CAKE PLACEMATS,802,2045.45,159,96,2.55,2009-12-03,2011-12-08
21058,PARTY INVITES WOODLAND,2396,2045.39,275,148,0.86,2009-12-01,2011-12-08
79323GR,GREEN CHERRY LIGHTS,532,2040.86,83,60,6.03,2009-12-01,2010-07-22
23500,KEY RING BASEBALL BOOT ASSORTED,1626,2038.33,98,76,1.25,2011-10-04,2011-12-08
23251,VINTAGE RED ENAMEL TRIM MUG,1712,2033.25,120,80,1.23,2011-06-14,2011-12-09
22859,EASTER TIN BUNNY BOUQUET,1250,2032.95,165,115,1.67,2010-10-05,2011-11-15
22201,FRYING PAN BLUE POLKADOT,509,2025.90,166,76,4.0,2009-12-01,2011-12-08
21200,MULTICOLOUR HONEYCOMB PAPER GARLAND,1421,2024.56,126,64,1.45,2009-12-01,2011-12-09
23490,T-LIGHT HOLDER HANGING LOVE BIRD,542,2021.52,101,83,3.75,2011-10-14,2011-12-08
21291,SMALL SPOTTY CHOCOLATE GIFT BAG,2411,2020.98,153,95,0.86,2009-12-01,2011-11-28
22261,FELT EGG COSY WHITE RABBIT,2105,2020.95,243,126,0.96,2009-12-01,2011-12-09
22400,MAGNETS PACK OF 4 HOME SWEET HOME,2450,2019.17,234,159,0.84,2010-03-30,2011-12-07
22308,TEA COSY BLUE STRIPE,677,2018.75,214,75,3.08,2009-12-01,2011-12-09
85016,SET OF 6 VINTAGE NOTELETS KIT,1679,2015.48,167,60,1.21,2009-12-01,2011-05-31
21356,TOAST ITS - FAIRY FLOWER,1592,2012.91,349,116,1.27,2009-12-01,2011-12-09
47591C,BLUE FAIRY CAKE CHILD'S APRON,1051,2012.43,159,111,1.91,2009-12-01,2010-08-15
22799,SWEETHEART WIRE FRUIT BOWL,253,2012.34,108,85,7.99,2010-10-18,2011-12-06
23529,WALL ART DOLLY GIRL,637,2011.99,37,26,3.16,2011-10-03,2011-12-08
37476,CONDIMENT TRAY 4 BOWLS AND 4 SPOONS,209,2010.60,77,22,9.62,2009-12-02,2011-10-20
22520,CHILDS GARDEN TROWEL BLUE,2294,2009.58,369,256,0.88,2010-03-25,2011-05-17
21612,SET 12 WILDFLOWER BOTANICAL T-LIGHT,698,2008.07,113,76,2.9,2009-12-01,2010-09-29
22928,YELLOW GIANT GARDEN THERMOMETER,296,2005.65,118,64,6.9,2010-11-22,2011-12-09
21397,BLUE  SPOTTY EGG CUP,2157,2002.74,180,99,0.94,2009-12-04,2011-05-09
23268,SET OF 2 CERAMIC CHRISTMAS REINDEER,1447,2000.74,89,68,1.39,2011-06-12,2011-11-20
23274,STAR T-LIGHT HOLDER WILLIE WINKIE,1180,2000.05,119,85,1.7,2011-06-05,2011-12-09
21504,SKULLS GREETING CARD,4913,1999.98,329,158,0.41,2009-12-02,2011-12-07
23289,DOLLY GIRL CHILDRENS BOWL,1622,1998.70,191,111,1.24,2011-06-13,2011-12-08
23315,IVORY REFECTORY CLOCK,213,1996.44,86,63,9.83,2011-06-23,2011-12-08
22521,CHILDS GARDEN TROWEL PINK,2288,1986.23,370,257,0.87,2010-03-25,2011-05-05
84872A,TEATIME FUNKY FLOWER BACKPACK FOR 2,177,1983.54,102,6,11.21,2010-03-05,2011-07-26
21389,IVORY HANGING DECORATION  BIRD,2299,1982.59,261,149,0.87,2009-12-03,2011-12-04
23357,HOT WATER BOTTLE SEX BOMB,450,1982.05,102,79,4.4,2011-08-21,2011-12-09
22559,SEASIDE FLYING DISC,1583,1981.87,202,118,1.26,2010-03-25,2011-12-05
22496,SET OF 2 ROUND TINS DUTCH CHEESE,731,1978.39,193,153,2.73,2010-01-29,2011-12-09
20686,DOLLY MIXTURE CHILDREN'S UMBRELLA,590,1977.84,186,117,3.39,2009-12-01,2011-12-08
22405,MONEY BOX POCKET MONEY DESIGN,1642,1977.32,217,173,1.21,2010-03-26,2011-12-08
35953,FOLKART STAR CHRISTMAS DECORATIONS,3868,1977.22,155,98,0.52,2009-12-03,2011-12-09
21348,PINK SPOTS CHOCOLATE NESTING BOXES,842,1976.59,133,91,2.41,2009-12-01,2011-01-26
20871,OPULENT VELVET SET/3 CANDLES,1273,1973.85,127,72,1.55,2009-12-02,2010-12-14
84676,BATH DUCK WATERING CAN,848,1969.91,110,76,2.48,2009-12-03,2010-08-18
23145,ZINC T-LIGHT HOLDER STAR LARGE,2084,1969.03,169,128,0.95,2011-04-21,2011-12-09
17084R,ASSORTED INCENSE PACK,10625,1968.45,66,29,0.19,2009-12-02,2011-12-05
23068,ALUMINIUM STAMPED HEART,809,1966.93,136,106,2.43,2011-04-18,2011-12-06
22931,BAKING MOULD HEART WHITE CHOCOLATE,813,1963.30,129,95,2.41,2010-12-08,2011-12-08
22832,BROCANTE SHELF WITH HOOKS,185,1957.90,85,71,10.99,2010-11-09,2011-11-29
22719,GUMBALL MONOCHROME COAT RACK,1467,1957.39,235,69,1.36,2010-04-25,2011-05-10
20846,ZINC HEART LATTICE T-LIGHT HOLDER,1453,1956.81,169,105,1.35,2009-12-14,2011-12-07
22068,BLACK PIRATE TREASURE CHEST,1112,1956.72,276,111,1.78,2009-12-01,2011-12-09
22599,CHRISTMAS MUSICAL ZINC STAR,3119,1956.48,189,114,0.63,2010-07-25,2011-12-09
21629,SQUARE FLOOR CUSHION VINTAGE RED,177,1953.42,105,27,11.08,2009-12-03,2011-12-08
22211,WOOD STAMP SET FLOWERS,1531,1951.10,291,161,1.32,2009-12-01,2011-12-08
22343,PARTY PIZZA DISH RED RETROSPOT,3297,1950.04,188,90,0.6,2009-12-02,2011-12-08
23374,RED SPOT PAPER GIFT BAG,2456,1949.71,131,108,0.8,2011-08-02,2011-12-08
21695,SMALL SILVER FLOWER CANDLE POT,630,1949.23,102,65,3.1,2009-12-02,2011-12-08
21803,CHRISTMAS TREE STAR DECORATION,4463,1938.96,322,86,0.43,2009-12-02,2011-12-09
21630,FLOOR CUSHION ELEPHANT CARNIVAL,162,1937.59,95,21,12.18,2009-12-03,2011-12-07
22802,FAUX FUR CHOCOLATE THROW,110,1933.59,62,39,17.58,2010-10-28,2011-12-07
22262,FELT EGG COSY CHICKEN,2026,1933.37,306,135,0.96,2009-12-01,2011-12-06
21657,MILK BOTTLE WITH GLASS STOPPER,257,1932.63,118,76,7.66,2009-12-03,2011-02-20
79160,HEART SHAPE WIRELESS DOORBELL,944,1928.97,210,51,2.09,2009-12-01,2011-12-08
35971,ROSE FOLKART HEART DECORATIONS,1963,1926.49,217,91,0.99,2009-12-01,2011-12-05
22204,MILK PAN BLUE POLKADOT,537,1921.79,169,66,3.68,2009-12-03,2011-12-08
84581,DOG TOY WITH PINK CROCHET SKIRT,506,1920.02,234,125,3.79,2009-12-03,2011-12-04
85217,ASSORTED ICE CREAM FRIDGE MAGNETS,2869,1919.45,164,96,0.69,2009-12-01,2010-09-09
21538,DAIRY MAID  PUDDING BOWL,1308,1917.01,51,40,1.47,2009-12-01,2010-12-09
22098,BOUDOIR SQUARE TISSUE BOX,2865,1916.93,309,161,0.68,2009-12-03,2011-12-08
21802,CHRISTMAS TREE HEART DECORATION,4377,1916.78,323,89,0.44,2009-12-02,2011-11-21
22438,BALLOON ART MAKE YOUR OWN FLOWERS,1459,1913.22,170,117,1.31,2010-04-11,2011-12-08
21991,BOHEMIAN COLLAGE STATIONERY SET,1103,1912.54,289,109,1.75,2009-12-02,2011-12-08
22614,PACK OF 12 SPACEBOY TISSUES,5726,1912.03,368,222,0.34,2010-05-06,2011-12-09
20716,PARTY FOOD SHOPPER BAG,1533,1911.29,246,121,1.26,2009-12-01,2011-06-29
23235,STORAGE TIN VINTAGE LEAF,736,1910.20,105,88,2.65,2011-06-08,2011-12-09
85162B,BLACK RETRODISC LAMPSHADE,977,1905.15,13,5,1.95,2009-12-07,2010-06-08
22753,SMALL YELLOW BABUSHKA NOTEBOOK,2332,1905.01,404,205,0.82,2010-08-08,2011-12-09
79341,WILLOW BRANCH LIGHTS.,725,1904.09,79,49,6.1,2009-12-01,2010-06-27
21043,APRON MODERN VINTAGE COTTON,677,1903.18,141,81,2.84,2009-12-07,2011-06-07
84763,ZINC FINISH 15CM PLANTER POTS,1517,1903.00,170,106,1.25,2009-12-03,2011-05-27
22363,GLASS JAR MARMALADE,781,1902.99,169,99,2.95,2010-03-15,2011-12-08
22565,FELTCRAFT HAIRBANDS PINK AND WHITE,2086,1901.34,278,173,0.91,2010-03-10,2011-12-09
23094,LE GRAND TRAY CHIC SET,152,1899.92,79,65,12.66,2011-05-11,2011-11-28
84459A,PINK METAL CHICKEN HEART,1263,1898.65,201,96,1.62,2009-12-01,2011-11-18
20984,12 PENCILS TALL TUBE POSY,5867,1896.20,245,178,0.33,2009-12-01,2011-10-17
22985,"WRAP, BILLBOARD FONTS DESIGN",4722,1895.24,136,101,0.4,2010-09-07,2011-12-09
22513,DOORSTOP FOOTBALL DESIGN,585,1894.70,170,106,3.24,2010-03-14,2011-12-09
22522,CHILDS GARDEN FORK BLUE,2239,1893.06,334,249,0.85,2010-03-25,2011-12-08
84519B,CARROT CHARLIE+LOLA COASTER SET,867,1892.42,214,98,2.19,2009-12-01,2011-12-09
21692,SILVER LATTICE VANILLA CANDLE POT,502,1891.62,111,81,3.8,2009-12-01,2011-02-25
21647,ASSORTED TUTTI FRUTTI LARGE PURSE,848,1890.88,144,91,2.24,2009-12-01,2011-11-27
23491,VINTAGE JINGLE BELLS HEART,228,1889.51,78,64,8.32,2011-10-20,2011-12-07
40001,WHITE BAMBOO RIBS LAMPSHADE,2484,1882.85,121,39,0.77,2009-12-06,2011-11-13
23358,HOT STUFF HOT WATER BOTTLE,594,1882.44,89,61,3.38,2011-08-21,2011-12-09
46775D,SUNSET COLOUR CHUNKY KNITTED THROW,153,1878.89,95,28,12.67,2009-12-13,2011-12-05
23394,POSTE FRANCE CUSHION COVER,435,1877.65,150,90,4.32,2011-09-04,2011-12-08
23434,3 RAFFIA RIBBONS 50'S CHRISTMAS,2095,1876.27,199,129,0.9,2011-09-11,2011-12-09
22210,WOOD STAMP SET BEST WISHES,1586,1873.67,287,179,1.2,2009-12-02,2011-12-08
20684,STRAWBERRY DREAM CHILDS UMBRELLA,580,1873.56,176,117,3.29,2009-12-01,2011-07-22
84856S,SMALL TAHITI BEACH BAG,467,1873.40,33,25,4.02,2009-12-14,2011-04-14
85103,SILVER T-LIGHT SETTING,317,1873.33,87,46,6.79,2009-12-01,2011-07-19
21085,SET/6 WOODLAND PAPER CUPS,13731,1872.68,66,42,0.14,2009-12-01,2010-07-12
21445,12 PINK ROSE PEG PLACE SETTINGS,1519,1872.23,146,88,1.24,2009-12-01,2011-07-22
16016,LARGE CHINESE STYLE SCISSOR,2314,1870.70,106,57,0.81,2009-12-03,2011-12-09
20703,BLUE PADDED SOFT MOBILE,471,1870.22,169,122,4.23,2009-12-01,2011-06-02
22523,CHILDS GARDEN FORK PINK,2183,1869.54,352,248,0.86,2010-03-25,2011-12-08
22935,BAKING MOULD ROSE MILK CHOCOLATE,690,1868.82,65,46,3.0,2010-12-08,2011-12-08
21091,SET/6 WOODLAND PAPER PLATES,13700,1868.70,47,31,0.14,2009-12-01,2010-03-18
85231B,CINAMMON SET OF 9 T-LIGHTS,2054,1868.49,384,181,0.91,2009-12-01,2011-12-08
21241,GREEN SPOTTY CUP,2213,1868.22,260,129,0.84,2009-12-01,2010-10-12
21773,DECORATIVE ROSE BATHROOM BOTTLE,1642,1868.15,308,87,1.16,2009-12-01,2011-12-08
21687,SILVER PLATE CANDLE BOWL LARGE,477,1867.48,101,55,3.92,2009-12-01,2010-09-14
23359,SET OF 12 T-LIGHTS VINTAGE DOILY,990,1866.46,79,73,1.89,2011-08-02,2011-12-08
23090,VINTAGE GLASS T-LIGHT HOLDER,2237,1862.56,149,96,0.84,2011-05-16,2011-12-07
22678,FRENCH BLUE METAL DOOR SIGN 3,1400,1861.78,248,92,1.34,2010-08-17,2011-12-08
21613,S/12 VANILLA  BOTANICAL T-LIGHTS,632,1861.45,145,111,2.95,2009-12-02,2011-10-27
21983,PACK OF 12 BLUE PAISLEY TISSUES,6118,1861.10,325,208,0.31,2009-12-02,2011-12-09
22858,EASTER TIN KEEPSAKE,1135,1860.84,139,104,1.65,2010-11-08,2011-10-06
21287,SCENTED VELVET LOUNGE CANDLE,4107,1860.00,93,67,0.45,2009-12-04,2011-12-06
21394,RED POLKADOT BEAKER,4005,1856.05,150,100,0.47,2010-01-26,2011-11-13
21581,SKULLS  DESIGN  COTTON TOTE BAG,1172,1845.74,203,104,1.61,2009-12-01,2011-12-08
21841,BABY MOUSE RED GINGHAM DRESS,437,1844.72,132,106,4.25,2009-12-01,2011-11-29
21547,CERAMIC BIRDHOUSE CRESTED TIT SMALL,719,1842.57,119,69,2.57,2009-12-01,2011-03-22
85162C,WHITE RETRODISC LAMPSHADE,904,1841.70,46,11,2.04,2009-12-02,2010-06-08
23525,WALL ART BUFFALO BILL,582,1841.32,53,38,3.2,2011-10-02,2011-12-09
22587,FELTCRAFT HAIRBAND RED AND BLUE,2112,1841.19,308,194,0.87,2010-03-10,2011-12-08
85185B,PINK HORSE SOCK PUPPET,593,1840.51,182,111,3.11,2009-12-01,2011-11-30
23378,PACK OF 12 50'S CHRISTMAS TISSUES,3997,1840.08,176,127,0.46,2011-09-01,2011-12-09
16169E,WRAP 50'S  CHRISTMAS,4563,1839.96,149,143,0.41,2011-07-21,2011-12-09
21894,POTTING SHED SEED ENVELOPES,1320,1836.14,247,120,1.39,2009-12-02,2011-12-08
21659,GLASS CAKE STAND,120,1831.90,66,45,15.76,2009-12-02,2010-11-07
21677,HEARTS  STICKERS,2125,1828.78,279,144,0.88,2009-12-01,2011-12-09
22317,FIVE CATS HANGING DECORATION,587,1827.64,167,83,3.11,2009-12-04,2011-11-29
22686,FRENCH BLUE METAL DOOR SIGN No,1406,1827.39,221,70,1.32,2010-08-17,2011-12-08
21618,4 WILDFLOWER BOTANICAL CANDLES,698,1823.74,139,86,2.61,2009-12-01,2011-11-14
23075,PARLOUR CERAMIC WALL HOOK,472,1819.20,80,61,4.15,2011-04-18,2011-12-08
84327A,PINK JUMPER LARRY THE LAMB,959,1813.51,123,78,1.9,2009-12-01,2010-08-05
85173,SET/6 FROG PRINCE T-LIGHT CANDLES,1018,1813.32,150,70,1.79,2009-12-03,2011-12-09
85164B,BLACK BAROQUE CUCKOO CLOCK,140,1812.43,65,27,13.04,2009-12-02,2010-09-29
22535,MAGIC DRAWING SLATE BUNNIES,4454,1812.09,298,204,0.42,2010-03-25,2011-12-02
84797B,BLUE SAVANNAH PICNIC HAMPER FOR 4,323,1811.30,33,22,5.71,2009-12-14,2010-06-01
23228,FILIGREE HEART BIRD WHITE,1492,1810.24,125,58,1.31,2011-05-26,2011-12-08
21384,IVORY HANGING DECORATION  BUTTERFLY,1917,1810.19,150,99,0.94,2009-12-02,2010-05-19
21391,FRENCH LAVENDER SCENT HEART,1417,1805.59,175,113,1.28,2009-12-02,2011-11-21
23148,MINIATURE ANTIQUE ROSE HOOK IVORY,2139,1805.52,247,143,0.85,2011-04-21,2011-12-08
21096,SET/6 FRUIT SALAD  PAPER PLATES,15919,1800.67,143,91,0.17,2009-12-10,2011-12-08
23160,REGENCY TEA SPOON,1450,1786.98,76,50,1.24,2011-05-03,2011-12-08
21761,WOOD AND GLASS MEDICINE CABINET,65,1784.80,24,21,27.92,2009-12-01,2011-12-04
22680,FRENCH BLUE METAL DOOR SIGN 5,1356,1782.95,230,97,1.34,2010-08-17,2011-12-08
22324,BLUE POLKADOT KIDS BAG,664,1781.46,152,53,2.71,2009-12-01,2011-12-09
84748,FOLK FELT HANGING MULTICOL GARLAND,1170,1781.12,93,27,1.52,2009-12-18,2011-11-29
23317,BLUE REFECTORY CLOCK,173,1777.46,82,56,10.27,2011-06-26,2011-12-09
23155,KNICKERBOCKERGLORY MAGNET ASSORTED,2221,1775.06,135,84,0.86,2011-03-25,2011-12-08
22586,FELTCRAFT HAIRBAND PINK AND BLUE,2087,1774.34,295,184,0.87,2010-03-10,2011-12-09
79302M,"ART LIGHTS,FUNK MONKEY",624,1771.23,107,40,2.84,2009-12-01,2011-12-08
21357,TOAST ITS - DINOSAUR,1388,1767.76,211,105,1.32,2009-12-01,2011-03-28
21529,RETRO SPOT CERAMIC TOASTRACK,503,1762.84,152,94,3.56,2009-12-01,2010-09-13
47566b,TEA TIME PARTY BUNTING,212,1761.26,113,0,8.31,2010-06-24,2011-11-08
22546,MINI JIGSAW PURDEY,4375,1760.38,181,106,0.4,2010-03-26,2011-12-08
37343,SPOTS DESIGN MUG W PINK INSIDE,1110,1759.04,104,55,1.58,2009-12-01,2011-03-09
21161,KEEP OUT BOYS DOOR HANGER,2360,1758.39,206,120,0.77,2009-12-01,2011-06-08
21158,MOODY GIRL DOOR HANGER,2587,1754.49,310,184,0.69,2009-12-02,2011-12-09
22307,GOLD MUG BONE CHINA TREE OF LIFE,1199,1754.31,118,87,1.5,2009-12-07,2011-12-09
22533,MAGIC DRAWING SLATE BAKE A CAKE,4519,1753.12,231,162,0.39,2010-03-28,2011-12-08
84507B,STRIPES DESIGN MONKEY DOLL,1349,1752.98,115,52,1.31,2009-12-01,2011-09-07
20729,RED SPOTTY CANDY BAG,5262,1750.62,121,39,0.34,2009-12-01,2010-06-16
21780,MA CAMPAGNE 4 DRAWER WALL SHELF,203,1745.85,32,17,8.6,2009-12-08,2010-01-13
23399,HOME SWEET HOME HANGING HEART,1914,1745.55,225,146,0.91,2011-09-04,2011-12-09
22422,TOOTHPASTE TUBE PEN,2743,1745.34,354,119,0.64,2010-05-07,2011-12-09
21000,ROSE DU SUD COSMETICS BAG,690,1744.98,94,37,2.53,2009-12-03,2011-12-09
23101,SILVER STARS TABLE DECORATION,2031,1739.63,213,175,0.86,2011-05-12,2011-12-08
22932,BAKING MOULD TOFFEE CUP CHOCOLATE,884,1738.08,72,51,2.26,2010-12-08,2011-12-08
23096,PETIT TRAY CHIC,1033,1736.69,146,89,1.68,2011-05-10,2011-12-08
84006,MAGIC TREE -PAPER FLOWERS,1856,1733.82,212,86,0.94,2009-12-01,2011-12-08
21548,CERAMIC BIRDHOUSE FINCH BLUE ROOF,682,1731.87,107,55,2.6,2009-12-01,2010-11-01
22446,PIN CUSHION BABUSHKA PINK,618,1731.83,186,61,2.83,2010-03-18,2011-12-09
85232A,SET/3 POLKA DOT STACKING TINS,375,1731.48,138,97,5.04,2009-12-01,2011-06-06
23372,SET 36 COLOUR PENCILS DOLLY GIRL,1389,1730.29,147,76,1.26,2011-09-22,2011-12-09
20767,BLUE PAISLEY JOURNAL,812,1723.76,179,112,2.14,2009-12-01,2011-12-06
23122,PARTY CHARMS 50 PIECES,2251,1723.60,133,89,0.77,2011-06-17,2011-12-09
21637,ASSORTED SANSKRIT MINI NOTEBOOK,1358,1719.22,93,40,1.28,2009-12-01,2011-10-10
84843,WHITE SOAP RACK WITH 2 BOTTLES,280,1719.16,110,66,6.18,2009-12-07,2011-12-07
22209,WOOD STAMP SET HAPPY BIRTHDAY,1415,1717.58,257,159,1.24,2009-12-03,2011-12-09
23244,ROUND STORAGE TIN VINTAGE LEAF,936,1717.03,112,87,1.85,2011-06-08,2011-12-08
10125,MINI FUNKY DESIGN TAPES,2103,1715.78,167,87,0.82,2009-12-01,2011-12-09
21090,SET/6 COLLAGE PAPER PLATES,3107,1715.05,278,129,0.56,2009-12-16,2011-12-07
22026,BANQUET BIRTHDAY  CARD,4029,1712.43,366,140,0.43,2009-12-01,2011-12-09
21163,DO NOT TOUCH MY STUFF DOOR HANGER,2800,1711.91,253,158,0.63,2009-12-02,2011-10-28
21662,VINTAGE GLASS COFFEE CADDY,269,1711.25,106,58,6.45,2009-12-04,2011-08-15
22035,VINTAGE CARAVAN GREETING CARD,4083,1710.66,360,152,0.42,2009-12-01,2011-10-31
21652,GLASS ETCHED T-LIGHT HOLDER MEDIUM,896,1706.99,78,64,1.95,2009-12-06,2010-08-05
20990,SPRING FLOWER CHOPSTICKS SET/5,895,1704.19,103,54,1.91,2009-12-02,2010-09-06
22254,FELT TOADSTOOL LARGE,1398,1702.21,148,95,1.28,2009-12-01,2011-12-07
21895,POTTING SHED SOW 'N' GROW SET,555,1701.63,85,61,3.1,2009-12-01,2010-12-09
23181,BULL DOG BOTTLE TOP WALL CLOCK,201,1700.57,82,60,8.62,2011-03-08,2011-12-09
21189,WHITE HONEYCOMB PAPER GARLAND,797,1698.88,123,53,2.13,2009-12-01,2011-12-08
22934,BAKING MOULD EASTER EGG WHITE CHOC,589,1698.62,78,65,2.9,2010-12-10,2011-11-11
85060,WOOD FAN WITH FLOWER DESIGN,1448,1698.12,87,53,1.21,2009-12-04,2010-08-17
47591B,SCOTTIES CHILDRENS APRON,1054,1696.05,281,108,1.61,2009-12-01,2011-02-02
84795A,PASTEL STRIPE HAMMOCK,208,1696.02,70,34,8.15,2009-12-06,2010-08-04
23214,JINGLE BELL HEART ANTIQUE GOLD,789,1695.04,103,79,2.15,2011-06-01,2011-12-08
22770,MIRROR CORNICE,112,1694.97,71,49,16.07,2010-10-12,2011-12-04
85014C,BLUE/BROWN DOTS RUFFLED UMBRELLA,547,1694.73,72,55,4.15,2009-12-01,2010-06-11
22516,CHILDS GARDEN RAKE BLUE,839,1694.30,162,106,2.03,2010-03-28,2011-12-08
23073,GEORGIAN TRINKET BOX,143,1694.00,61,49,11.93,2011-04-19,2011-12-01
21205,MULTICOLOUR 3D BALLS GARLAND,669,1693.42,144,86,2.61,2009-12-02,2011-12-02
84535B,FAIRY CAKES NOTEBOOK A6 SIZE,2686,1686.01,327,141,0.65,2009-12-01,2011-12-08
85127,SMALL SQUARE CUT GLASS CANDLESTICK,276,1685.92,81,30,6.2,2009-12-01,2011-12-08
37342,POLKADOT COFFEE CUP & SAUCER PINK,1629,1685.72,131,56,1.06,2009-12-07,2011-09-02
21251,DINOSAUR HEIGHT CHART STICKER SET,595,1683.93,132,91,2.83,2009-12-01,2011-11-30
22679,FRENCH BLUE METAL DOOR SIGN 4,1263,1683.18,230,88,1.34,2010-08-17,2011-12-08
20996,JAZZ HEARTS ADDRESS BOOK,6311,1680.91,335,179,0.27,2009-12-02,2011-12-08
22975,SPACEBOY CHILDRENS EGG CUP,1245,1678.41,193,113,1.35,2010-11-24,2011-12-09
46776F,WOVEN ROSE GARDEN CUSHION COVER,487,1675.73,157,13,3.44,2009-12-03,2011-12-09
23368,SET 12 COLOUR PENCILS DOLLY GIRL,2379,1675.65,232,134,0.71,2011-09-22,2011-12-09
17129F,BLUE GLASS GEMS IN BAG,1580,1672.92,145,19,1.07,2009-12-04,2011-12-05
22706,WRAP COWBOYS,4222,1672.24,125,109,0.4,2010-06-02,2011-12-07
21446,12 RED ROSE PEG PLACE SETTINGS,1258,1669.83,232,122,1.33,2009-12-03,2011-12-08
23366,SET 12 COLOURING PENCILS DOILY,2249,1667.95,195,115,0.74,2011-09-22,2011-12-09
35809A,ENAMEL PINK TEA CONTAINER,1137,1666.78,177,76,1.47,2009-12-03,2011-06-09
21576,LETS GO SHOPPING COTTON TOTE BAG,732,1665.94,205,118,2.3,2009-12-01,2011-12-08
70007,HI TEC ALPINE HAND WARMER,1306,1664.78,205,87,1.29,2009-12-01,2011-12-08
22323,PINK POLKADOT KIDS BAG,635,1659.91,116,57,2.65,2009-12-03,2011-01-12
21382,SET/4 SPRING FLOWER DECORATION,1238,1659.66,152,78,1.35,2010-05-16,2011-12-01
85039A,SET/4 RED MINI ROSE CANDLE IN BOWL,1448,1656.42,251,61,1.15,2009-12-01,2011-12-09
21294,ETCHED GLASS COASTER,2246,1653.75,139,83,0.74,2009-12-02,2011-10-26
22410,MONEY BOX HOUSEKEEPING DESIGN,1363,1652.46,198,136,1.22,2010-03-26,2011-12-08
23505,PLAYING CARDS I LOVE LONDON,1200,1651.29,115,93,1.38,2011-09-22,2011-12-08
22319,HAIRCLIPS FORTIES FABRIC ASSORTED,2987,1647.99,174,141,0.57,2009-12-01,2011-12-09
21927,BLUE/CREAM STRIPE CUSHION COVER,1260,1646.99,192,93,1.37,2010-04-11,2011-12-01
23273,HEART T-LIGHT HOLDER WILLIE WINKIE,969,1642.45,112,88,1.7,2011-06-05,2011-12-08
72816,SET/3 CHRISTMAS DECOUPAGE CANDLES,1344,1641.52,136,65,1.24,2009-12-01,2011-10-17
72817,SET OF 2 CHRISTMAS DECOUPAGE CANDLE,1553,1641.28,214,97,1.08,2009-12-02,2011-11-23
21448,12 DAISY PEGS IN WOOD BOX,955,1640.17,211,132,1.72,2009-12-02,2011-10-16
37441,ASSORTED WHITE EMBOSSED CHINA MUGS,700,1637.70,54,31,2.34,2009-12-03,2010-08-02
23270,SET OF 2 CERAMIC PAINTED HEARTS,1174,1637.62,125,96,1.4,2011-06-02,2011-12-09
21633,SUNFLOWER DECORATIVE PARASOL,175,1637.61,72,32,9.5,2009-12-04,2011-11-21
22025,RING OF ROSES BIRTHDAY CARD,3970,1636.60,288,148,0.41,2009-12-01,2011-12-09
21545,CERAMIC BIRDHOUSE BUTTERFLY SMALL,697,1634.22,82,52,2.35,2009-12-01,2010-07-23
23391,I LOVE LONDON MINI BACKPACK,389,1628.17,87,58,4.19,2011-09-11,2011-12-09
21793,CLASSIC FRENCH STYLE BASKET BROWN,353,1627.36,102,81,4.61,2010-01-20,2011-12-01
84619,BLUE GINGHAM ROSE QUILT,72,1622.96,29,22,22.54,2009-12-02,2010-03-03
21541,DINOSAURS WATER TRANSFER TATTOOS,1907,1620.09,201,119,0.86,2009-12-01,2010-11-15
21284,RETROSPOT CANDLE  SMALL,1547,1618.08,140,80,1.08,2009-12-01,2011-12-08
23217,LAUREL HEART ANTIQUE SILVER,1309,1613.82,97,64,1.23,2011-06-02,2011-12-06
23280,FOLDING BUTTERFLY MIRROR HOT PINK,2023,1612.50,157,87,0.8,2011-05-09,2011-12-09
21656,RIDGED GLASS POSY VASE,985,1611.64,140,66,1.64,2009-12-03,2011-05-03
21162,TOXIC AREA  DOOR HANGER,2402,1611.12,285,172,0.69,2009-12-01,2011-12-09
21837,CROSS STITCH ALPHABET CUSHION COVER,244,1610.74,91,61,6.65,2009-12-01,2010-05-18
23483,HANGING  BUTTERFLY T-LIGHT HOLDER,1328,1610.12,73,57,1.23,2011-10-03,2011-12-08
85131A,BEADED PEARL HEART WHITE ON STICK,2025,1606.71,199,64,0.8,2009-12-03,2011-10-30
22922,FRIDGE MAGNETS US DINER ASSORTED,2073,1605.90,113,82,0.86,2010-11-19,2011-12-09
21157,RED SPOTTY WASHBAG,689,1604.35,176,66,2.35,2009-12-01,2011-10-25
35810A,ENAMEL PINK COFFEE CONTAINER,1205,1602.64,171,72,1.33,2009-12-03,2011-10-30
48195,DOOR MAT GREEN PAISLEY,269,1600.99,87,56,6.05,2009-12-01,2010-07-22
21593,SWALLOW CIGAR BOX MATCHES,1391,1599.31,94,69,1.17,2009-12-01,2010-05-23
21694,SMALL REGAL  SILVER CANDLEPOT,556,1593.16,70,51,2.87,2009-12-01,2011-12-05
21645,ASSORTED TUTTI FRUTTI ROUND BOX,969,1593.15,133,85,1.7,2009-12-02,2011-01-06
82615,PINK MARSHMALLOW SCARF KNITTING KIT,582,1592.97,90,60,2.76,2009-12-02,2010-12-01
21286,RETROSPOT CANDLE  LARGE,1006,1592.41,101,56,1.61,2009-12-02,2011-12-08
35160,BUDDHA INCENSE HOLDER ASSORTED,2180,1590.64,56,33,0.73,2009-12-01,2010-10-12
21283,NATURAL BARK CANDLE SMALL,512,1590.20,81,59,3.18,2009-12-01,2010-11-24
22517,CHILDS GARDEN RAKE PINK,806,1589.41,152,106,1.97,2010-03-26,2011-12-06
35471D,SET OF 3 BIRD LIGHT PINK FEATHER,2241,1589.36,348,158,0.71,2009-12-01,2011-12-09
84913B,MINT GREEN ROSE TOWEL,420,1588.64,200,27,3.79,2009-12-02,2011-12-02
23348,CHILDRENS TOY COOKING UTENSIL SET,746,1586.55,168,95,2.19,2011-04-18,2011-12-02
90167,BEADED LOVE HEART JEWELLERY SET,2197,1583.61,111,53,0.82,2009-12-01,2010-12-05
22260,FELT EGG COSY BLUE RABBIT,1557,1581.17,241,85,1.02,2009-12-02,2011-12-09
23369,SET 36 COLOUR PENCILS LOVE LONDON,1105,1581.06,126,80,1.43,2011-09-22,2011-12-09
85222,ASSORTED COLOUR SILK COSMETIC PURSE,1406,1576.93,50,39,1.12,2009-12-02,2010-06-21
21275,ZINC TOP  2 DOOR WOODEN SHELF,249,1576.03,55,45,6.89,2009-12-08,2011-11-10
35241,ENAMEL BLUE RIM BISCUIT BIN,309,1572.02,130,75,5.28,2009-12-02,2011-05-03
21631,HIPPY CHIC DECORATIVE PARASOL,221,1571.75,54,38,7.11,2009-12-09,2011-11-17
15059A,ENGLISH ROSE EDWARDIAN PARASOL,509,1567.00,4,1,3.08,2009-12-01,2009-12-03
85180A,RED HEARTS LIGHT CHAIN,629,1566.67,99,60,2.6,2009-12-03,2011-12-05
21675,BUTTERFLIES STICKERS,1782,1566.64,268,124,0.88,2009-12-02,2011-12-09
21867,PINK UNION JACK  LUGGAGE TAG,1144,1562.87,288,122,1.37,2009-12-01,2011-12-08
20802,SMALL GLASS SUNDAE DISH CLEAR,1051,1561.89,116,68,1.52,2009-12-16,2011-12-05
23287,RED VINTAGE SPOT BEAKER,1879,1560.04,198,114,0.85,2011-06-13,2011-12-09
21550,CERAMIC BIRDHOUSE CRESTED TIT LARGE,295,1559.56,64,42,5.31,2009-12-02,2010-05-21
21972,SET OF 36 DINOSAUR PAPER DOILIES,1055,1557.92,171,105,1.48,2009-12-02,2011-12-01
22705,WRAP GREEN PEARS,3733,1557.36,151,114,0.42,2010-05-27,2011-12-06
22123,PING MICROWAVE APRON,655,1557.34,166,77,2.6,2009-12-02,2011-12-09
22103,MIRROR MOSAIC T-LIGHT HOLDER ROUND,1746,1557.33,71,43,1.01,2009-12-01,2011-10-24
21711,FOLDING UMBRELLA WHITE/RED POLKADOT,382,1555.66,71,51,4.07,2009-12-01,2011-11-24
22099,CARAVAN SQUARE TISSUE BOX,2123,1555.46,291,168,0.75,2009-12-02,2011-12-09
21092,SET/6 STRAWBERRY PAPER PLATES,12846,1551.10,28,15,0.12,2009-12-03,2010-03-17
21383,PACK OF 12 STICKY BUNNIES,2204,1550.13,323,169,0.72,2009-12-09,2011-12-09
22673,FRENCH GARDEN SIGN BLUE METAL,1320,1549.49,195,130,1.26,2010-08-17,2011-12-08
22786,CUSHION COVER PINK UNION JACK,248,1549.10,92,62,6.25,2010-10-17,2011-12-07
22681,FRENCH BLUE METAL DOOR SIGN 6,1167,1544.71,189,79,1.34,2010-08-17,2011-12-05
21610,SET 12 PEAR BOTANICAL T-LIGHTS,542,1543.67,97,72,2.85,2009-12-02,2010-11-18
75131,METAL TUBE CHIME ON BAMBOO,1217,1543.03,68,40,1.27,2009-12-11,2011-04-04
22608,PENS ASSORTED FUNKY JEWELED,5735,1541.88,170,75,0.27,2010-02-26,2011-12-09
21542,WOODLAND WATER TRANSFER TATTOOS,1877,1541.25,190,112,0.85,2009-12-01,2010-10-10
20735,BLACK MINI TAPE MEASURE,1515,1540.29,202,30,1.02,2009-12-02,2011-12-06
21925,UNION STRIPE CUSHION COVER,1201,1539.83,167,100,1.3,2010-04-11,2011-12-06
84536B,FAIRY CAKES NOTEBOOK A7 SIZE,3504,1539.65,399,131,0.45,2009-12-01,2011-12-06
23226,FILIGREE HEART DAISY WHITE,1247,1536.67,98,56,1.28,2011-05-31,2011-12-05
72803A,ROSE SCENT CANDLE JEWELLED DRAWER,724,1536.50,97,61,2.15,2009-12-01,2011-11-06
23524,WALL ART HORSE & PONY,481,1535.13,63,42,3.24,2011-10-02,2011-12-09
21332,MOROCCAN BEATEN METAL MIRROR,270,1534.42,50,36,6.09,2009-12-04,2011-08-15
20768,GREEN FERN JOURNAL,767,1534.19,149,98,2.0,2009-12-01,2011-12-06
85170A,SET/6 IVORY BIRD T-LIGHT CANDLES,848,1533.54,84,45,1.87,2009-12-01,2010-12-07
20766,GARDEN PATH SKETCHBOOK,518,1533.47,155,100,2.99,2009-12-04,2011-12-04
85194L,HANGING SPRING FLOWER EGG LARGE,1818,1532.58,147,93,0.86,2009-12-07,2011-11-22
84795D,SEASIDE STRIPE HAMMOCK,189,1531.84,83,53,8.14,2009-12-04,2010-08-03
20986,BLUE CALCULATOR RULER,1217,1530.95,204,94,1.26,2009-12-02,2011-12-09
85221,ASSORTED COLOUR SILK COIN PURSE,3558,1529.54,47,35,0.47,2009-12-02,2010-05-10
20772,GARDEN PATH JOURNAL,970,1528.48,161,105,1.91,2009-12-02,2011-12-08
84789,ENCHANTED BIRD PLANT CAGE,445,1528.39,124,81,3.5,2009-12-06,2011-07-21
22288,HANGING METAL RABBIT DECORATION,1310,1525.99,119,75,1.16,2009-12-01,2011-12-06
20902,VINTAGE KEEPSAKE BOX PARIS DAYS,206,1525.22,116,11,7.4,2009-12-03,2011-08-10
21289,LARGE STRIPES CHOCOLATE GIFT BAG,1413,1524.31,102,52,1.1,2009-12-08,2011-12-08
21579,LOLITA  DESIGN  COTTON TOTE BAG,1029,1522.60,136,80,1.52,2009-12-01,2011-12-06
22337,ANGEL DECORATION PAINTED ZINC,2473,1522.52,146,67,0.62,2009-12-01,2011-12-02
72008,FROSTED BOX 9 WHITE T-LIGHT CANDLES,3819,1520.90,215,134,0.4,2009-12-01,2010-11-14
22322,BIRD DECORATION GREEN POLKADOT,1617,1515.46,272,77,0.95,2009-12-02,2011-11-11
21785,RAIN PONCHO,2005,1514.63,100,71,0.76,2009-12-04,2011-02-15
85177,BASKET OF FLOWERS SEWING KIT,1820,1513.93,143,87,0.83,2009-12-02,2011-12-09
22982,PANTRY PASTRY BRUSH,1154,1513.77,212,120,1.34,2011-03-02,2011-12-09
21146,ANTIQUE GLASS RIDGED HANGING BALL,789,1509.77,58,47,1.92,2009-12-02,2010-11-02
22682,FRENCH BLUE METAL DOOR SIGN 7,1166,1508.11,182,84,1.31,2010-08-17,2011-12-06
21002,ROSE DU SUD DRAWSTRING BAG,417,1507.22,184,25,3.61,2009-12-21,2011-10-23
21399,BLUE POLKADOT COFFEE MUG,2378,1505.05,118,76,0.65,2009-12-04,2011-06-05
85036B,CHOCOLATE 1 WICK MORRIS BOX CANDLE,598,1504.66,87,70,2.56,2009-12-01,2011-11-17
23528,WALL ART SPACEBOY,479,1504.49,50,30,3.14,2011-10-03,2011-12-08
84526,GIANT BLACK SUNGLASSES,538,1503.64,34,23,2.79,2009-12-02,2010-11-18
22137,BATHROOM SET LOVE HEART DESIGN,606,1499.43,43,24,2.49,2009-12-14,2011-08-11
23271,CHRISTMAS TABLE SILVER CANDLE SPIKE,1731,1496.89,104,69,0.86,2011-06-13,2011-12-08
84856L,LARGE TAHITI BEACH BAG,238,1492.28,81,46,6.27,2009-12-17,2011-03-18
22340,NOEL GARLAND PAINTED ZINC,1799,1492.00,184,81,0.84,2009-12-01,2011-12-09
23334,IVORY WICKER HEART SMALL,2271,1491.75,130,83,0.66,2011-08-08,2011-12-09
21760,FRENCH STYLE WALL DRESSER,15,1490.00,12,12,116.0,2010-02-26,2010-09-09
21280,VINTAGE KITCHEN PRINT VEGETABLES,3333,1488.44,70,44,0.54,2009-12-04,2011-11-09
16033,MINI HIGHLIGHTER PENS,15121,1486.92,50,43,0.1,2009-12-08,2011-02-17
22683,FRENCH BLUE METAL DOOR SIGN 8,1131,1486.66,190,88,1.33,2010-08-17,2011-12-02
21426,WOODLAND STORAGE BOX SMALL,1028,1485.67,99,44,1.6,2009-12-01,2011-12-05
21276,TWO EMBOSSED HEART MINI DRAWERS,677,1482.74,29,24,2.3,2009-12-03,2010-04-08
23559,WOODLAND BUNNIES LOLLY MAKERS,649,1482.41,124,69,2.28,2011-09-08,2011-12-09
84997a,CHILDRENS CUTLERY POLKADOT GREEN,178,1481.78,81,0,8.32,2010-04-26,2011-12-09
21066,VINTAGE RED MUG,2284,1479.67,131,81,0.65,2009-12-01,2011-12-01
18098c,PORCELAIN BUTTERFLY OIL BURNER,292,1479.61,135,0,5.07,2009-12-01,2010-12-21
84510B,SET OF 4 FAIRY CAKES COASTERS,1171,1478.55,147,71,1.26,2009-12-01,2010-07-07
21009,ETCHED GLASS STAR TREE DECORATION,1047,1476.24,102,72,1.43,2009-12-02,2010-12-17
21661,VINTAGE GLASS TEA CADDY,239,1476.11,98,55,6.32,2009-12-04,2011-02-22
21199,PINK  HEART CONFETTI IN TUBE,1305,1475.54,149,86,1.15,2009-12-07,2011-12-02
21051,RIBBONS PURSE,754,1473.56,127,79,1.97,2009-12-03,2011-12-08
21851,LILAC DIAMANTE PEN IN GIFT BOX,628,1473.56,149,34,2.35,2009-12-02,2011-12-05
23267,SET OF 4 SANTA PLACE SETTINGS,1202,1471.95,108,79,1.27,2011-06-23,2011-12-08
21282,NATURAL BARK CANDLE LARGE,356,1471.28,69,49,4.28,2009-12-02,2010-11-14
20734,SILVER MINI TAPE MEASURE,1592,1469.77,117,50,0.92,2009-12-01,2011-04-06
85198,ASSORTED FARMYARD ANIMALS IN BUCKET,3859,1469.50,51,37,0.38,2009-12-07,2011-05-18
22815,CARD PSYCHEDELIC APPLES,3433,1468.53,340,111,0.43,2010-09-16,2011-12-09
23365,SET 12 COLOUR PENCILS LOVE LONDON,1857,1463.08,169,107,0.79,2011-09-22,2011-12-09
79030G,"TUMBLER, NEW ENGLAND",1751,1462.95,121,69,0.84,2009-12-02,2011-06-03
84659A,WHITE TRAVEL ALARM CLOCK,588,1461.86,224,55,2.5,2009-12-03,2011-11-21
85125,SMALL ROUND CUT GLASS CANDLESTICK,309,1459.71,62,32,4.79,2009-12-01,2011-11-27
15056bl,EDWARDIAN PARASOL BLACK,116,1456.32,87,0,12.55,2009-12-01,2011-12-09
84637,KITCHEN FLOWER POTS WALL PLAQUE,585,1454.49,114,28,2.49,2009-12-14,2011-09-23
21410,COUNTRY COTTAGE  DOORSTOP GREEN,312,1454.03,150,81,4.67,2009-12-01,2010-12-07
21801,CHRISTMAS TREE DECORATION WITH BELL,3398,1452.54,258,69,0.43,2009-12-02,2011-10-30
85049a,TRADITIONAL CHRISTMAS RIBBONS,434,1451.24,51,0,3.34,2010-08-13,2011-12-09
22976,CIRCUS PARADE CHILDRENS EGG CUP,1127,1449.01,149,81,1.3,2010-11-24,2011-12-09
21739,COSY SLIPPER SHOES SMALL GREEN,494,1448.90,177,83,2.94,2009-12-02,2011-12-09
22390,PAPERWEIGHT CHILDHOOD MEMORIES,813,1448.52,83,56,1.78,2010-03-26,2011-12-08
21869,POTTING SHED COFFEE MUG,1264,1448.33,111,82,1.16,2009-12-01,2010-05-23
85055,FRENCH ENAMEL UTENSIL HOLDER,359,1442.94,107,62,4.02,2009-12-01,2011-01-18
84313C,ORANGE TV TRAY TABLE,548,1442.39,73,29,2.63,2010-01-11,2011-06-02
22912,YELLOW COAT RACK PARIS FASHION,313,1441.39,108,81,4.7,2010-11-19,2011-11-28
84596G,SMALL CHOCOLATES PINK BOWL,2226,1440.76,348,118,0.65,2009-12-01,2011-12-08
23034,DRAWER KNOB CERAMIC BLACK,979,1439.97,88,57,1.48,2011-06-14,2011-12-09
22052,VINTAGE CARAVAN GIFT WRAP,3525,1439.50,128,105,0.41,2009-12-04,2011-07-11
35637A,IVORY STRING CURTAIN WITH POLE,551,1439.10,53,41,2.62,2009-12-13,2011-11-27
21099,SET/6 STRAWBERRY PAPER CUPS,13290,1438.64,33,20,0.11,2009-12-01,2010-05-07
21317,GLASS SPHERE CANDLE STAND MEDIUM,357,1437.55,74,56,4.07,2009-12-13,2011-12-06
22915,ASSORTED BOTTLE TOP  MAGNETS,3281,1436.72,194,116,0.45,2010-11-19,2011-12-09
21082,SET/20 FRUIT SALAD PAPER NAPKINS,7183,1436.51,163,94,0.27,2009-12-01,2011-06-28
22817,CARD SUKI BIRTHDAY,3392,1434.90,355,104,0.42,2010-09-16,2011-12-09
22106,MIRROR MOSAIC HURRICANE LAMP,509,1433.23,79,29,3.12,2010-01-15,2011-12-09
22316,200 BENDY SKULL STRAWS,1257,1431.57,119,62,1.14,2009-12-09,2011-12-06
23086,ZINC  STAR T-LIGHT HOLDER,1225,1431.43,47,31,1.18,2011-05-16,2011-12-08
22249,DECORATION WHITE CHICK MAGIC GARDEN,1636,1431.26,243,126,0.88,2009-12-13,2011-12-08
22287,"DECORATION , WOBBLY CHICKEN, METAL",1340,1431.07,121,81,1.07,2009-12-03,2011-12-01
22228,BUNNY WOODEN PAINTED WITH BIRD,1727,1426.85,275,148,0.84,2009-12-03,2011-12-08
21644,ASSORTED TUTTI FRUTTI HEART BOX,1087,1426.47,137,72,1.34,2009-12-03,2011-11-27
85167B,BLACK GRAND BAROQUE PHOTO FRAME,692,1426.34,59,38,2.06,2009-12-14,2011-04-08
23392,SPACEBOY ROCKET LOLLY MAKERS,662,1425.11,113,70,2.23,2011-09-06,2011-12-09
21807,WHITE CHRISTMAS STAR DECORATION,3225,1421.61,172,114,0.44,2009-12-01,2011-11-22
22819,"BIRTHDAY CARD, RETRO SPOT",3351,1418.12,331,125,0.42,2010-09-20,2011-12-09
21065,BOOM BOX SPEAKER GIRLS,608,1415.45,118,44,2.39,2009-12-02,2011-12-09
21292,SMALL STRIPES CHOCOLATE GIFT BAG,2449,1413.51,91,69,0.58,2009-12-04,2011-12-06
22396,MAGNETS PACK OF 4 RETRO PHOTO,1895,1412.08,184,122,0.75,2010-03-26,2011-12-09
21159,MOODY BOY  DOOR HANGER,2105,1410.76,250,146,0.69,2009-12-01,2011-12-09
85159B,"WHITE TEA,COFFEE,SUGAR JARS",659,1410.61,88,53,2.28,2009-12-02,2011-12-01
21198,WHITE HEART CONFETTI IN TUBE,1282,1407.59,118,75,1.15,2009-12-01,2011-12-07
20761,BLUE PAISLEY SKETCHBOOK,458,1407.46,146,93,3.11,2009-12-01,2011-12-07
23104,IVORY CAFE HANGING LAMP,118,1405.42,46,38,11.91,2011-05-11,2011-12-07
35965,FOLKART HEART NAPKIN RINGS,629,1404.67,174,62,2.26,2009-12-01,2011-11-15
23527,WALL ART ANIMALS AND NATURE,420,1402.31,48,40,3.4,2011-10-03,2011-12-09
22545,MINI JIGSAW BUNNIES,3451,1400.48,184,106,0.41,2010-03-26,2011-12-09
21910,WAY OUT METAL SIGN,1066,1398.18,111,84,1.31,2009-12-03,2011-02-16
20801,LARGE PINK GLASS SUNDAE DISH,1092,1398.00,111,61,1.3,2010-01-18,2011-05-25
21358,TOAST ITS - HAPPY BIRTHDAY,1129,1397.46,222,130,1.24,2009-12-02,2011-12-08
35004G,SET OF 3 GOLD FLYING DUCKS,359,1396.92,76,46,3.95,2009-12-01,2011-12-07
85036C,ROSE 1 WICK MORRIS BOXED CANDLE,878,1396.77,128,99,1.86,2009-12-01,2011-11-23
21828,EIGHT PIECE SNAKE  SET,1105,1396.62,180,107,1.26,2009-12-01,2011-12-09
23040,PAPER LANTERN 9 POINT SNOW STAR,253,1394.03,41,33,5.51,2011-04-28,2011-12-09
23470,CARD HOLDER LOVE BIRD LARGE,232,1389.80,84,70,6.3,2011-10-02,2011-12-05
23250,VINTAGE RED TRIM ENAMEL BOWL,1179,1389.23,110,64,1.3,2011-06-14,2011-12-08
85087,CANDY SPOT CUSHION COVER,420,1386.74,146,21,3.32,2009-12-04,2011-10-07
21532,DAIRY MAID SUGAR JAM BOWL,1387,1386.11,90,58,1.02,2009-12-01,2010-10-11
47503K,ASSORTED FLORAL SECATEURS,3177,1384.69,42,29,0.44,2009-12-01,2010-06-21
22685,FRENCH BLUE METAL DOOR SIGN 0,1082,1383.34,160,82,1.29,2010-08-17,2011-12-08
84396,6 HOOK JEWELLERY STAND BLACK DRESS,552,1380.52,49,22,2.5,2009-12-01,2010-02-24
47503A,ASS FLORAL PRINT MULTI SCREWDRIVER,2853,1380.43,195,146,0.49,2009-12-02,2011-11-28
85017B,ENVELOPE 50 BLOSSOM IMAGES,2231,1380.19,317,98,0.62,2009-12-02,2011-11-08
22250,DECORATION  BUTTERFLY  MAGIC GARDEN,1521,1379.56,257,98,0.91,2009-12-13,2011-12-08
23119,PACK OF 6 LARGE FRUIT STRAWS,2282,1379.38,151,97,0.61,2011-06-17,2011-12-08
22917,HERB MARKER ROSEMARY,1996,1378.85,252,138,0.69,2010-11-21,2011-12-08
22756,LARGE YELLOW BABUSHKA NOTEBOOK,1204,1378.45,215,124,1.16,2010-08-08,2011-12-08
21395,BLUE POLKADOT BEAKER,2968,1378.20,115,79,0.47,2009-12-07,2011-11-03
22093,MOTORING TISSUE BOX,2346,1376.71,275,179,0.61,2009-12-01,2011-12-06
23376,PACK OF 12 VINTAGE CHRISTMAS TISSUE,3039,1375.55,155,104,0.46,2011-09-01,2011-12-09
85169A,IVORY LOVE BIRD CANDLE,1252,1370.82,151,79,1.11,2009-12-08,2011-12-08
22984,CARD GINGHAM ROSE,3349,1370.73,214,115,0.41,2010-09-12,2011-12-09
84562A,PINK/WHITE RIBBED MELAMINE JUG,169,1370.31,78,48,8.16,2009-12-03,2011-02-20
22157,ANGEL DECORATION WITH LACE PADDED,1698,1369.80,124,88,0.85,2009-12-02,2011-08-31
21011,GLITTER SNOW PEAR TREE DECORATION,1840,1369.45,118,84,0.75,2009-12-02,2010-12-21
46776B,WOVEN BERRIES CUSHION COVER,428,1369.23,153,16,3.2,2009-12-03,2011-12-09
23546,WRAP PAISLEY PARK,3250,1365.00,120,106,0.42,2011-07-19,2011-12-08
21849,SILVER DIAMANTE PEN IN GIFT BOX,633,1363.51,134,46,2.34,2009-12-02,2011-12-04
35649,VINTAGE BEAD COSMETIC BAG,1826,1362.90,53,20,0.75,2009-12-02,2011-12-08
84965B,BLUE KASHMIRI COFFEE TABLE,27,1359.95,4,3,50.37,2010-02-22,2010-11-02
90200D,PINK SWEETHEART BRACELET,327,1359.51,150,41,4.2,2009-12-01,2011-12-08
22920,HERB MARKER BASIL,3478,1358.14,252,138,0.63,2010-11-21,2011-12-08
84685,BEACH HUT KEY CABINET,435,1357.42,125,46,3.14,2009-12-02,2011-05-22
21634,ASSORTED MINI MADRAS NOTEBOOK,1771,1356.49,69,42,0.85,2009-12-03,2011-10-16
22916,HERB MARKER THYME,1962,1355.58,249,135,0.69,2010-11-21,2011-12-08
84616,SILVER ROCCOCO CHANDELIER,72,1352.82,25,19,20.45,2009-12-16,2011-11-22
23000,TRAVEL CARD WALLET TRANSPORT,3169,1351.90,278,125,0.43,2011-02-16,2011-12-09
84819,DANISH ROSE ROUND SEWING BOX,908,1351.26,95,82,1.51,2009-12-06,2011-12-09
17129D,CLEAR COLOUR GLASS GEMS IN BAG,1125,1351.18,39,12,1.2,2009-12-01,2010-03-05
35962,12 ASS ZINC CHRISTMAS DECORATIONS,581,1349.68,92,52,2.33,2009-12-01,2010-10-20
35599D,PINK AND WHITE CHRISTMAS TREE 120CM,406,1348.78,103,23,3.37,2009-12-01,2011-12-04
22393,PAPERWEIGHT VINTAGE COLLAGE,834,1348.37,120,75,1.75,2010-03-26,2011-12-08
21684,SMALL MEDINA STAMPED METAL BOWL,1696,1346.56,104,65,0.8,2009-12-01,2011-12-09
20704,MR ROBOT SOFT TOY,361,1343.62,80,60,3.8,2009-12-06,2011-12-09
23414,ZINC BOX SIGN HOME,141,1338.95,64,58,9.78,2011-09-04,2011-11-30
23469,CARD HOLDER LOVE BIRD SMALL,332,1338.64,72,61,4.08,2011-09-30,2011-12-09
23249,VINTAGE RED ENAMEL TRIM PLATE,842,1338.39,81,57,1.69,2011-06-14,2011-12-07
20993,JAZZ HEARTS MEMO PAD,10967,1334.11,32,23,0.12,2009-12-04,2010-03-09
21278,VINTAGE KITCHEN PRINT PUDDINGS,2758,1334.05,118,63,0.6,2009-12-08,2011-07-15
22050,PINK PAISLEY ROSE GIFT WRAP,3300,1333.00,115,100,0.41,2009-12-04,2011-12-05
21281,VINTAGE KITCHEN PRINT SEAFOOD,3680,1332.80,67,34,0.47,2009-12-02,2011-11-09
85136C,RED SHARK HELICOPTER,179,1331.92,122,70,8.11,2009-12-01,2011-12-08
21209,MULTICOLOUR HONEYCOMB FAN,1476,1330.01,137,66,0.93,2009-12-16,2011-12-09
23538,WALL ART VINTAGE HEART,331,1329.54,32,25,4.02,2011-10-03,2011-12-09
20933,YELLOW POT PLANT CANDLE,505,1329.49,52,38,2.63,2009-12-02,2011-12-08
23061,VINTAGE EMBOSSED HEART,1015,1328.93,117,76,1.31,2011-04-19,2011-12-08
20762,GREEN FERN SKETCHBOOK,458,1328.79,136,88,2.93,2009-12-04,2011-12-06
20780,BLACK EAR MUFF HEADPHONES,231,1328.47,98,35,5.77,2009-12-01,2011-12-08
21059,PARTY INVITES DINOSAURS,1596,1328.16,221,158,0.84,2009-12-06,2011-12-08
21822,GLITTER CHRISTMAS TREE WITH BELLS,1010,1327.31,142,73,1.33,2009-12-01,2011-12-09
22269,EGG CUP NATURAL CHICKEN,1521,1326.45,204,107,0.89,2009-12-02,2011-12-07
22684,FRENCH BLUE METAL DOOR SIGN 9,1012,1326.19,162,81,1.33,2010-08-17,2011-12-09
85032A,ROMANTIC IMAGES GIFT WRAP SET,1441,1323.51,161,103,0.92,2009-12-02,2011-12-08
21775,DECORATIVE FLORE BATHROOM BOTTLE,874,1321.29,277,63,1.52,2009-12-02,2011-12-08
47593B,SCOTTIE DOGS BABY BIB,2341,1320.99,356,89,0.56,2009-12-02,2011-12-08
85032D,YULETIDE IMAGES GIFT WRAP SET,1148,1319.88,133,89,1.16,2009-12-02,2011-10-06
22051,BLUE SCANDINAVIAN PAISLEY WRAP,3175,1317.50,116,95,0.41,2009-12-01,2011-11-24
21580,RABBIT  DESIGN  COTTON TOTE BAG,542,1316.13,172,76,2.45,2009-12-01,2011-12-08
22918,HERB MARKER PARSLEY,1925,1315.06,249,135,0.69,2010-11-21,2011-12-08
23221,REINDEER HEART DECORATION SILVER,1536,1314.90,145,85,0.89,2011-05-31,2011-12-08
20760,GARDEN PATH POCKET BOOK,5550,1313.66,81,47,0.24,2009-12-04,2011-11-24
23373,VINTAGE CHRISTMAS PAPER GIFT BAG,1608,1313.39,100,86,0.82,2011-08-02,2011-12-06
22977,DOLLY GIRL CHILDRENS EGG CUP,999,1312.61,140,101,1.32,2010-11-24,2011-12-09
35598D,PINK/WHITE CHRISTMAS TREE 60CM,1727,1311.55,103,43,0.76,2009-12-02,2011-12-04
85071B,RED CHARLIE+LOLA PERSONAL DOORSIGN,2340,1310.58,165,123,0.56,2009-12-01,2011-12-08
22481,BLACK TEA TOWEL CLASSIC DESIGN,1272,1309.81,219,132,1.03,2010-03-07,2011-12-09
21842,PINK HEART CANDY BUTTON CALCULATOR,551,1308.74,47,32,2.38,2009-12-01,2010-03-04
21738,COSY SLIPPER SHOES SMALL  RED,422,1307.88,131,89,3.13,2009-12-01,2011-10-20
23405,HOME SWEET HOME 2 DRAWER CABINET,252,1306.53,70,54,5.2,2011-09-05,2011-12-09
21945,STRAWBERRIES  DESIGN FLANNEL,1862,1306.25,240,61,0.7,2009-12-01,2011-12-09
16235,RECYCLED PENCIL WITH RABBIT ERASER,5827,1306.02,310,124,0.23,2009-12-01,2011-12-09
21530,DAIRY MAID TOASTRACK,959,1304.52,162,99,1.42,2009-12-01,2011-12-08
22339,CHRISTMAS TREE PAINTED ZINC,3521,1304.18,145,86,0.39,2009-12-02,2011-11-23
85200,BUNNY EGG BOX,1045,1304.09,105,81,1.26,2009-12-07,2011-04-18
85098B,BLUE FLYING SINGING CANARY,366,1302.79,114,61,3.98,2009-12-02,2011-03-13
85135C,RED DRAGONFLY HELICOPTER,162,1302.02,111,57,8.14,2009-12-02,2011-12-08
20738,GREEN MINI TAPE MEASURE,1610,1301.72,74,46,0.81,2009-12-03,2010-11-29
15034,PAPER POCKET TRAVELING FAN,10153,1300.20,255,123,0.14,2009-12-01,2011-12-08
22893,MINI CAKE STAND T-LIGHT HOLDER,2721,1297.27,182,70,0.48,2010-10-15,2011-12-08
21285,RETROSPOT CANDLE  MEDIUM,1007,1296.62,99,56,1.35,2009-12-03,2011-12-08
21926,RED/CREAM STRIPE CUSHION COVER,1009,1292.77,147,90,1.31,2010-04-11,2011-12-08
21219,SET/4 BADGES BALLOON GIRL,1013,1290.77,176,77,1.29,2009-12-04,2011-12-08
22267,EASTER DECORATION EGG BUNNY,1472,1287.72,117,91,0.88,2009-12-07,2011-12-05
84569D,PACK 6 HEART/ICE-CREAM PATCHES,1023,1286.29,179,82,1.26,2009-12-03,2011-12-09
17091A,LAVENDER INCENSE IN TIN,2085,1285.89,117,78,0.62,2009-12-06,2011-05-18
85170D,SET/6 PINK BIRD T-LIGHT CANDLES,723,1284.16,151,48,1.79,2009-12-01,2011-12-08
46776A,WOVEN BUBBLE GUM CUSHION COVER,406,1283.23,121,19,3.16,2009-12-04,2011-12-09
46775E,CANDY POP CHUNKY KNITTED THROW,101,1282.90,51,8,12.7,2009-12-11,2010-09-12
85025C,PINK HEART SHAPE PHOTO FRAME,720,1282.61,125,73,1.79,2009-12-02,2011-08-24
22543,MINI JIGSAW BAKE A CAKE,3247,1281.49,118,72,0.39,2010-03-26,2011-12-08
22214,CANDLE PLATE LACE WHITE,549,1279.79,92,43,2.33,2009-12-01,2011-12-06
22701,PINK DOG BOWL,675,1277.57,158,65,1.96,2010-06-22,2011-12-09
21759,METAL WALL SHELF UNIT WITH HOOKS,30,1274.47,13,11,42.48,2010-01-13,2010-04-29
47591d,PINK FAIRY CAKE CHILDRENS APRON,253,1274.38,72,0,5.04,2010-08-13,2011-11-29
21880,RED RETROSPOT TAPE,2483,1274.23,329,123,0.52,2009-12-02,2011-12-07
82613D,METAL SIGN CUPCAKE SINGLE HOOK,1186,1273.46,271,98,1.08,2009-12-01,2011-12-06
84609,TALL ROCOCO CANDLE HOLDER,143,1272.24,38,23,9.02,2009-12-16,2011-12-05
72800B,4 PURPLE FLOCK DINNER CANDLES,985,1271.68,91,52,1.3,2009-12-04,2011-12-08
16225,RATTLE SNAKE EGGS,1520,1271.66,165,90,0.84,2009-12-01,2011-12-09
21689,SILVER VANILLA  FLOWER CANDLE POT,342,1268.12,60,49,3.71,2009-12-07,2011-12-06
22097,SWALLOW SQUARE TISSUE BOX,2064,1266.60,242,158,0.62,2009-12-02,2011-12-08
21248,DOOR HANGER  MUM + DADS ROOM,1043,1266.39,158,106,1.25,2009-12-01,2011-12-09
22929,SCHOOL DESK AND CHAIR,23,1264.75,17,17,63.47,2010-11-24,2011-10-26
85231G,ORANGE SCENTED SET/9 T-LIGHTS,1474,1262.61,253,139,0.87,2009-12-01,2011-10-12
20777,CHRYSANTHEMUM NOTEBOOK,3660,1257.75,169,78,0.35,2009-12-01,2011-12-09
72818,CHRISTMAS DECOUPAGE CANDLE,2394,1257.21,127,82,0.54,2009-12-02,2011-10-31
23462,ROCOCO WALL MIRROR WHITE,80,1256.94,46,43,20.09,2011-10-20,2011-12-08
77101A,UNION FLAG WINDSOCK,1082,1255.97,88,55,1.16,2009-12-06,2011-03-21
85163B,BLACK BAROQUE WALL CLOCK,115,1255.91,66,26,11.03,2009-12-22,2011-12-05
22181,SNOWSTORM PHOTO FRAME FRIDGE MAGNET,1538,1255.68,138,85,0.84,2009-12-02,2011-11-29
21063,PARTY INVITES JAZZ HEARTS,1456,1252.87,238,143,0.86,2009-12-01,2011-12-06
22268,EASTER DECORATION SITTING BUNNY,2554,1251.98,236,117,0.5,2009-12-13,2011-11-10
22999,TRAVEL CARD WALLET VINTAGE LEAF,2894,1251.33,222,108,0.43,2011-02-17,2011-12-09
35648,VINTAGE BEAD PINK PURSE,1041,1250.18,143,48,1.22,2009-12-02,2011-12-09
21549,CERAMIC BIRDHOUSE RED ROOF SMALL,547,1249.74,51,36,2.32,2009-12-01,2010-04-13
22280,POCKET BAG PINK PAISELY BROWN SPOT,877,1248.74,158,79,1.42,2009-12-01,2011-12-09
22232,JIGSAW TOADSTOOLS 3 PIECE,1109,1247.77,158,96,1.19,2009-12-01,2011-12-07
22919,HERB MARKER MINT,1800,1247.64,248,136,0.7,2010-11-22,2011-12-08
20765,CHRYSANTHEMUM SKETCHBOOK,442,1246.31,146,96,2.86,2009-12-01,2011-12-05
21088,SET/6 FRUIT SALAD PAPER CUPS,16615,1244.21,136,95,0.11,2009-12-15,2011-12-08
20866,BLUE ROSE FABRIC MIRROR,1280,1241.71,191,76,1.07,2009-12-01,2011-12-08
23511,EMBROIDERED RIBBON REEL EMILY,571,1241.61,98,83,2.19,2011-09-22,2011-12-08
22062,CERAMIC BOWL WITH LOVE HEART DESIGN,761,1240.22,126,68,1.64,2009-12-01,2011-10-14
21145,ANTIQUE GLASS PLACE SETTING,869,1239.96,49,34,1.45,2009-12-01,2011-11-16
40003,WHITE BAMBOO RIBS LAMPSHADE,1150,1239.92,60,34,1.09,2009-12-18,2011-06-06
23067,HANGING ENGRAVED METAL HEART,294,1236.66,78,63,4.21,2011-04-26,2011-12-07
20733,GOLD MINI TAPE MEASURE,1927,1236.20,294,67,0.75,2009-12-03,2011-12-09
79163,BLACK CHAMPAGNE GLASS,1833,1235.67,64,44,0.68,2009-12-02,2011-09-18
35957,SMALLFOLKART BAUBLE CHRISTMAS DEC,3565,1234.98,148,51,0.35,2009-12-01,2011-01-13
20707,CRAZY DAISY HEART DECORATION,1613,1234.93,199,48,0.77,2009-12-04,2011-12-05
20825,GOLD WINE GLASS,361,1232.58,7,5,3.48,2009-12-01,2010-11-14
23539,WALL ART LOVES' SECRET,247,1227.95,41,32,4.97,2011-10-02,2011-12-05
21190,PINK HEARTS PAPER GARLAND,806,1225.94,111,71,1.66,2009-12-13,2011-11-25
21253,SET OF PICTURE FRAME  STICKERS,332,1225.17,122,41,3.69,2009-12-02,2011-12-08
85141,JARDIN ETCHED GLASS FRUITBOWL,182,1224.39,71,57,7.07,2009-12-15,2011-06-16
22258,FELT FARM ANIMAL RABBIT,1342,1222.30,131,69,0.96,2009-12-03,2011-11-25
21277,FRENCH STYLE EMBOSSED HEART CABINET,54,1221.59,48,36,24.25,2009-12-08,2011-11-23
22290,STANDING METAL RABBIT WITH EGG,670,1220.92,78,60,1.83,2009-12-09,2010-03-31
22921,HERB MARKER CHIVES,1771,1218.92,220,121,0.69,2010-11-21,2011-12-08
23598,PAPER BUNTING VINTAGE PARTY,427,1215.53,47,40,2.85,2011-11-10,2011-12-09
21438,TUB 24 HANGING EASTER EGGS SPOTTY,373,1214.82,36,33,3.3,2009-12-03,2010-03-18
23138,SINGLE WIRE HOOK IVORY HEART,879,1214.11,82,60,1.4,2011-04-21,2011-12-05
22216,T-LIGHT HOLDER WHITE LACE,1396,1213.28,116,48,0.87,2009-12-02,2011-12-09
85135B,BLUE DRAGONFLY HELICOPTER,151,1210.61,115,67,8.12,2009-12-01,2011-11-17
84665,SQUARE CHERRY BLOSSOM CABINET,226,1210.00,47,25,6.04,2009-12-09,2011-11-21
22265,EASTER DECORATION NATURAL CHICK,1843,1207.80,168,107,0.66,2009-12-02,2011-11-29
85162A,SILVER RETRODISC LAMPSHADE,607,1203.96,20,14,2.03,2009-12-01,2010-06-08
23142,IVORY WIRE KITCHEN ORGANISER,121,1201.27,40,34,10.09,2011-04-21,2011-11-27
84658,WHITE STITCHED CUSHION COVER,214,1199.66,64,50,5.61,2009-12-01,2011-12-06
21883,STARS GIFT TAPE,2348,1199.29,226,132,0.51,2009-12-01,2011-12-07
21396,RED SPOTTY EGG CUP,948,1199.00,77,45,1.27,2009-12-01,2010-05-16
21130,COLOURFUL STANDING GNOME,721,1197.48,49,29,1.67,2009-12-04,2010-06-30
21279,VINTAGE KITCHEN PRINT FRUITS,3527,1195.98,101,51,0.46,2009-12-02,2011-12-04
20731,POSY CANDY BAG,4142,1194.62,73,40,0.3,2009-12-07,2011-06-20
85129D,BEADED CRYSTAL HEART PINK SMALL,793,1192.31,168,59,1.51,2009-12-01,2011-12-05
72232,FENG SHUI PILLAR CANDLE,6268,1190.92,118,72,0.19,2009-12-06,2011-12-09
22808,SET OF 6 T-LIGHTS EASTER CHICKS,420,1190.78,83,58,2.96,2010-09-20,2011-12-09
84559A,3D SHEET OF DOG STICKERS,1321,1190.17,230,107,0.9,2009-12-01,2011-12-09
79066K,RETRO MOD TRAY,1377,1190.05,240,103,0.87,2009-12-07,2011-12-09
47503E,ASS FLORAL PRINT SCISSORS,6842,1186.90,25,21,0.17,2009-12-08,2010-09-28
20771,CHRYSANTHEMUM  JOURNAL,606,1186.38,140,91,1.98,2009-12-01,2011-12-06
22256,FELT FARM ANIMAL CHICKEN,933,1185.07,119,78,1.29,2009-12-07,2011-09-07
23444,Next Day Carriage,79,1185.00,79,63,15.19,2011-05-26,2011-12-08
84815,SET OF 3 DANISH ROSE PLANTERS,926,1183.82,53,34,1.28,2009-12-10,2010-06-15
21425,SKULLS STORAGE BOX LARGE,505,1183.48,95,41,2.52,2009-12-02,2011-12-06
22403,MAGNETS PACK OF 4 VINTAGE LABELS,1715,1180.89,212,137,0.7,2010-03-29,2011-12-07
22923,FRIDGE MAGNETS LES ENFANTS ASSORTED,1583,1180.89,90,70,0.83,2010-11-19,2011-12-08
21806,WHITE CHRISTMAS HEART DECORATION,2707,1179.43,128,95,0.44,2009-12-01,2010-11-29
85130A,BEADED PEARL HEART WHITE LARGE,685,1176.29,86,59,1.72,2009-12-01,2011-05-23
72819,CUPID DESIGN SCENTED CANDLES,694,1174.01,92,59,1.69,2009-12-04,2011-12-08
22903,CALENDAR FAMILY FAVOURITES,745,1173.96,82,39,2.76,2010-09-26,2011-12-08
84687,BEACH HUT SHELF W 3 DRAWERS,314,1170.41,73,43,3.85,2009-12-03,2011-11-15
84823,DANISH ROSE FOLDING CHAIR,120,1170.05,29,29,10.08,2010-04-26,2011-02-07
23026,DRAWER KNOB VINTAGE GLASS STAR,556,1169.84,62,43,2.16,2011-06-16,2011-12-07
20798,CLEAR MILKSHAKE GLASS,551,1167.90,83,35,2.37,2009-12-01,2011-01-25
23418,LAVENDER TOILETTE BOTTLE,557,1166.00,79,55,2.09,2011-09-11,2011-12-09
23515,EMBROIDERED RIBBON REEL DAISY,579,1164.98,71,58,2.01,2011-09-22,2011-12-09
84313B,BLUE TV TRAY TABLE,227,1164.04,83,24,5.13,2009-12-01,2011-04-01
23508,MINI PLAYING CARDS DOLLY GIRL,2627,1162.61,120,95,0.44,2011-09-22,2011-12-09
37475,SET/4 COLOURFUL MIXING BOWLS,116,1160.56,72,45,10.0,2009-12-14,2011-12-02
22252,BIRDCAGE DECORATION TEALIGHT HOLDER,956,1159.31,113,85,1.23,2009-12-10,2011-12-09
84688,BEACH HUT DESIGN BLACKBOARD,422,1158.47,81,39,3.11,2009-12-02,2011-07-14
22253,6 CROCHET STRAWBERRIES,964,1158.28,86,62,1.2,2009-12-01,2010-04-08
23431,NATURAL HANGING QUILTED HEARTS,1449,1157.95,72,63,0.81,2011-08-26,2011-12-01
21650,ASSORTED TUTTI FRUTTI BRACELET,3204,1156.64,197,84,0.36,2009-12-01,2011-12-09
21490,SET OF THREE 50'S GIFT WRAPS,637,1156.00,55,36,1.9,2009-12-01,2010-09-20
22048,BIRTHDAY BANQUET GIFT WRAP,2815,1155.80,102,93,0.41,2009-12-04,2011-12-05
23507,MINI PLAYING CARDS BUFFALO BILL,2882,1155.67,119,91,0.4,2011-09-22,2011-12-08
84674,FLYING PIG WATERING CAN,460,1155.28,106,67,2.56,2009-12-08,2011-12-05
21312,LARGE CHUNKY GLASS ROMAN BOWL,299,1153.82,26,19,3.94,2009-12-02,2010-09-12
84910A,PINK PAISLEY CUSHION COVER,432,1153.04,53,37,2.85,2009-12-01,2011-07-20
23269,SET OF 2 CERAMIC CHRISTMAS TREES,779,1152.98,94,63,1.48,2011-06-12,2011-12-08
22264,FELT FARM ANIMAL WHITE BUNNY,2014,1152.22,168,80,0.57,2009-12-14,2011-12-09
23566,EGG CUP MILKMAID HEIDI,881,1151.93,83,44,1.31,2011-10-17,2011-12-08
23523,WALL ART TREASURE AHOY,360,1151.31,41,35,3.26,2011-10-03,2011-12-08
21649,ASSORTED TUTTI FRUTTI PHOTO FRAME,421,1151.09,29,19,2.76,2009-12-01,2010-02-10
22814,CARD PARTY GAMES,2728,1147.77,295,101,0.42,2010-09-21,2011-12-09
85159A,"BLACK TEA,COFFEE,SUGAR JARS",492,1147.53,82,41,2.54,2009-12-06,2011-12-04
23402,HOME SWEET HOME 3 PEG HANGER,296,1147.28,68,47,3.88,2011-09-05,2011-12-08
21261,GREEN GOOSE FEATHER CHRISTMAS TREE,283,1146.12,77,37,4.05,2009-12-04,2011-12-06
22924,FRIDGE MAGNETS LA VIE EN ROSE,1500,1144.37,95,69,0.88,2010-11-19,2011-12-09
22040,BOTANICAL ROSE GIFT WRAP,2815,1144.30,94,82,0.41,2009-12-04,2011-11-17
84830,LARGE ENGLISH ARBORETUM,113,1144.30,7,7,10.58,2009-12-05,2010-03-07
22615,PACK OF 12 CIRCUS PARADE TISSUES,3718,1141.20,188,110,0.31,2010-05-06,2011-12-09
21316,SMALL CHUNKY GLASS ROMAN  BOWL,693,1140.21,47,33,1.65,2009-12-03,2011-04-10
21752,GLASS CAKE STAND MIRRORED BASE,77,1140.16,37,28,16.17,2009-12-01,2010-09-09
21366,MIRRORED WALL ART PHOTO FRAMES,238,1140.00,77,24,4.79,2009-12-10,2011-12-07
22715,CARD WEDDING DAY,2717,1133.93,218,125,0.42,2010-06-01,2011-11-27
84750B,BLACK SMALL GLASS CAKE STAND,609,1133.83,78,43,1.88,2009-12-02,2011-04-19
23057,BEADED CHANDELIER T-LIGHT HOLDER,773,1132.52,45,38,2.29,2011-04-18,2011-11-21
21413,PERIWINKLE T-LIGHT HOLDER,3162,1131.14,52,25,0.36,2009-12-08,2011-11-13
23506,MINI PLAYING CARDS SPACEBOY,2723,1129.12,146,114,0.41,2011-09-22,2011-12-09
21555,CERAMIC STRAWBERRY TRINKET TRAY,425,1128.82,134,38,2.66,2009-12-02,2011-12-06
84625A,PINK NEW BAROQUECANDLESTICK CANDLE,838,1128.20,81,40,1.42,2009-12-03,2011-12-07
37482B,CUBIC MUG BLUE POLKA DOT,1251,1127.91,9,5,0.9,2009-12-05,2010-08-01
20622,VIPPASSPORT COVER,582,1127.59,128,59,1.94,2009-12-01,2011-12-05
72598,SET/12 TAPER CANDLES,1244,1127.06,158,74,0.92,2009-12-01,2011-12-08
22598,CHRISTMAS MUSICAL ZINC TREE,1790,1126.75,144,82,0.63,2010-07-26,2011-12-09
22718,CARD CAT AND TREE,2605,1126.24,264,114,0.44,2010-06-01,2011-12-07
21040,MODERN VINTAGE COTTON SHOPPING BAG,894,1125.85,68,43,1.26,2009-12-02,2011-03-15
48173c,DOORMAT BLACK FLOCK,70,1123.55,37,0,16.05,2009-12-01,2011-05-03
85224,ASSORTED COLOUR SILK GLASSES CASE,2004,1120.96,61,35,0.56,2009-12-02,2011-03-23
23510,MINI PLAYING CARDS GYMKHANA,2521,1118.80,120,90,0.44,2011-09-22,2011-12-09
20700,GREEN CAT FLORAL CUSHION COVER,420,1117.55,103,11,2.68,2009-12-07,2011-09-28
17096,ASSORTED LAQUERED INCENSE HOLDERS,6240,1117.09,76,25,0.18,2009-12-02,2011-07-19
21942,SKULLS DESIGN FLANNEL,1672,1115.88,221,41,0.68,2009-12-01,2011-12-09
20832,RED FLOCK LOVE HEART PHOTO FRAME,1681,1115.85,158,86,0.67,2009-12-01,2011-12-09
22761,CHEST 7 DRAWER MA CAMPAGNE,48,1113.93,34,27,24.64,2010-10-13,2011-12-02
84750A,PINK SMALL GLASS CAKE STAND,544,1113.93,105,42,2.19,2009-12-01,2011-04-08
23411,TRELLIS COAT RACK,227,1113.66,56,42,4.93,2011-09-04,2011-12-02
85136A,YELLOW SHARK HELICOPTER,138,1113.33,106,64,8.13,2009-12-01,2011-12-06
20669,RED HEART LUGGAGE TAG,797,1111.89,214,103,1.4,2009-12-02,2011-12-09
84967B,BLUE KASHMIRI OCCASIONAL TABLE,24,1109.50,11,8,52.06,2010-01-06,2010-11-02
22233,JIGSAW RABBIT AND BIRDHOUSE,949,1108.87,164,112,1.28,2009-12-09,2011-12-07
85124C,GREEN JUICY FRUIT PHOTO FRAME,426,1108.59,121,51,2.64,2009-12-08,2011-10-23
47504H,ENGLISH ROSE SPIRIT LEVEL,1028,1108.07,140,81,1.08,2009-12-03,2011-12-09
79323S,SILVER CHERRY LIGHTS,334,1107.52,56,38,6.24,2009-12-01,2010-09-16
23225,CHERUB HEART DECORATION SILVER,1355,1106.45,88,46,0.87,2011-06-02,2011-12-08
21944,KITTENS DESIGN FLANNEL,1789,1104.31,204,53,0.62,2009-12-02,2011-12-08
21666,RIDGED GLASS T-LIGHT HOLDER,1760,1103.20,85,49,0.63,2009-12-02,2011-12-06
23513,EMBROIDERED RIBBON REEL SUSIE,566,1101.78,70,59,1.97,2011-09-22,2011-12-05
84638,SMALL KITCHEN FLOWER POTS PLAQUE,400,1101.55,69,27,2.75,2009-12-03,2011-10-20
22532,MAGIC DRAWING SLATE LEAP FROG,2862,1101.10,175,130,0.38,2010-03-28,2011-12-08
23375,50'S CHRISTMAS PAPER GIFT BAG,1342,1099.87,103,85,0.82,2011-08-22,2011-12-09
21010,ETCHED GLASS BIRD TREE DECORATION,850,1099.76,83,62,1.31,2009-12-02,2010-10-24
21131,GOLD STANDING GNOME,276,1098.86,49,18,3.98,2009-12-07,2011-12-06
84596E,SMALL LICORICE DES PINK BOWL,1127,1097.84,201,90,1.01,2009-12-01,2011-04-01
84358,FLOOR LAMP SHADE WOOD BASE,121,1097.48,29,11,9.07,2009-12-01,2011-08-09
85212,MINI PAINTED GARDEN DECORATION,2831,1096.56,121,82,0.39,2009-12-02,2011-12-07
22230,JIGSAW TREE WITH WATERING CAN,1657,1096.46,193,96,0.68,2009-12-02,2011-12-04
37479B,CUBIC MUG FLOCK BLUE ON BROWN,1253,1095.85,32,20,0.87,2010-01-11,2011-06-15
20867,PINK ROSE FABRIC MIRROR,1098,1093.14,153,68,1.0,2009-12-01,2011-12-06
85131D,BEADED CRYSTAL HEART PINK ON STICK,1443,1092.71,267,25,0.76,2009-12-17,2011-12-09
84989A,75 GREEN FAIRY CAKE CASES,2120,1091.35,152,95,0.52,2009-12-02,2011-12-05
20755,BLUE PAISLEY POCKET BOOK,5145,1089.73,122,74,0.21,2009-12-07,2011-12-07
22709,WRAP WEDDING DAY,2799,1089.08,77,68,0.39,2010-06-02,2011-12-08
22255,FELT TOADSTOOL  SMALL,1185,1088.86,142,73,0.95,2009-12-01,2011-12-07
23432,PRETTY HANGING QUILTED HEARTS,1276,1088.36,74,65,0.85,2011-08-31,2011-12-06
20932,PINK POT PLANT CANDLE,333,1088.22,81,54,3.44,2009-12-10,2011-12-08
85093,CANDY SPOT EGG WARMER HARE,1361,1087.46,152,57,0.8,2009-12-07,2011-11-03
84509C,SET OF 4 POLKADOT PLACEMATS,277,1085.96,96,45,3.92,2009-12-04,2011-12-05
84678,CLASSICAL ROSE SMALL VASE,565,1085.38,81,52,1.96,2009-12-08,2011-03-23
84631,FRUIT TREE AND BIRDS WALL PLAQUE,288,1082.31,50,19,3.84,2009-12-16,2011-06-30
23041,PAPER LANTERN 9 POINT SNOW STAR,272,1078.88,54,46,4.33,2011-04-28,2011-12-09
20615,BLUE POLKADOT PASSPORT COVER,637,1077.81,195,59,1.69,2009-12-01,2011-12-08
20934,SET/3 POT PLANT CANDLES,197,1077.57,74,44,6.02,2009-12-02,2011-11-04
21817,GLITTER CHRISTMAS TREE,1687,1077.19,130,102,0.64,2009-12-01,2011-11-09
21763,VINTAGE WOODEN BAR STOOL,43,1076.05,17,15,26.93,2010-01-31,2011-07-06
22116,METAL SIGN HIS DINNER IS SERVED,823,1075.98,198,96,1.34,2009-12-01,2011-12-09
23102,SILVER HEARTS TABLE DECORATION,1274,1075.03,157,128,0.84,2011-05-11,2011-12-04
21839,MUMMY MOUSE RED GINGHAM RIBBON,201,1074.69,83,71,5.4,2009-12-01,2011-03-27
20893,HANGING BAUBLE T-LIGHT HOLDER SMALL,559,1074.14,76,41,2.34,2009-12-03,2011-12-04
23087,ZINC  HEART T-LIGHT HOLDER,868,1071.91,69,43,1.26,2011-05-13,2011-12-08
21758,VINTAGE SHELLS PRINT,135,1069.76,79,34,7.92,2009-12-10,2011-12-01
23433,HANGING QUILTED PATCHWORK APPLES,1258,1069.57,89,76,0.88,2011-08-26,2011-12-04
84791,GINGHAM HEART DECORATION,334,1068.43,106,66,3.25,2009-12-01,2010-07-20
23113,PANTRY CHOPPING BOARD,1154,1065.44,57,39,5.09,2011-09-16,2011-12-08
21632,VINTAGE PINK DECORATIVE PARASOL,132,1063.47,53,30,8.15,2009-12-02,2011-01-18
21779,MA CAMPAGNE MINI WOODEN CHEST,301,1062.75,22,21,3.65,2009-12-04,2010-01-21
22105,MIRROR MOSAIC GOBLET CANDLE HOLDER,692,1062.45,55,23,1.87,2009-12-07,2011-12-08
23331,DECORATIVE WICKER HEART SMALL,1596,1062.28,109,67,0.67,2011-08-10,2011-12-08
22997,TRAVEL CARD WALLET UNION JACK,2545,1062.17,222,101,0.43,2011-02-17,2011-12-09
84559B,3D SHEET OF CAT STICKERS,1199,1062.15,195,97,0.89,2009-12-01,2011-11-02
72800F,4 IVORY DINNER CANDLES GOLD FLOCK,822,1060.19,67,51,1.29,2009-12-01,2010-11-21
23033,DRAWER KNOB CERAMIC RED,714,1058.90,74,42,1.48,2011-06-14,2011-12-09
23516,EMBROIDERED RIBBON REEL SOPHIE,296,1058.60,42,39,3.58,2011-09-25,2011-12-05
85163A,WHITE BAROQUE WALL CLOCK,103,1058.17,57,35,10.27,2009-12-02,2011-11-23
21815,STAR  T-LIGHT HOLDER,679,1057.34,92,58,1.56,2009-12-01,2011-11-23
85179B,WHITE BITTY LIGHT CHAIN,246,1056.60,45,33,4.3,2009-12-03,2010-11-15
72815,3 WICK CHRISTMAS BRIAR CANDLE,282,1053.36,70,53,3.84,2009-12-01,2011-01-26
20840,FRENCH FLORAL CUSHION COVER,885,1053.24,93,50,1.6,2009-12-18,2011-12-08
21827,EIGHT PIECE CREEPY CRAWLIE SET,835,1052.64,134,89,1.28,2009-12-01,2011-03-29
84908B,BLUE 5 PATCH FLOWER CUSHION COVER,435,1052.29,35,2,2.42,2010-03-02,2010-11-18
85078,SCANDINAVIAN 3 HEARTS NAPKIN RING,2258,1051.37,162,63,0.47,2009-12-03,2011-11-02
37327,ASSTD MULTICOLOUR CIRCLES MUG,1739,1050.13,88,42,0.6,2009-12-02,2011-11-10
84965A,PINK KASHMIRI COFFEE TABLE,20,1050.00,3,2,52.5,2010-02-22,2010-11-02
21825,PAINTED METAL TREE WITH HOLLY BELLS,733,1048.84,75,62,1.44,2009-12-01,2010-11-14
85008,SET OF 3 CONEY ISLAND OVAL BOXES,269,1048.82,99,77,3.94,2009-12-01,2011-04-10
22857,ASSORTED EASTER GIFT TAGS,1230,1048.28,66,60,0.85,2010-10-05,2011-10-24
79191C,RETRO PLASTIC ELEPHANT TRAY,1619,1048.11,157,107,0.8,2009-12-02,2011-12-08
23327,HANGING CLEAR MINI BOTTLE,1734,1046.42,41,33,0.61,2011-08-10,2011-12-05
84707A,SILVER JEWELLED MIRROR TRINKET TRAY,125,1045.88,64,36,8.37,2009-12-07,2011-12-08
35646,VINTAGE BEAD PINK EVENING BAG,642,1043.44,104,37,1.63,2009-12-02,2011-12-09
22511,RETROSPOT BABUSHKA DOORSTOP,397,1042.91,111,90,2.64,2010-03-12,2011-12-08
23419,HOME SWEET HOME BOTTLE,473,1041.64,86,56,2.21,2011-09-11,2011-12-08
23056,FLOWERS CHANDELIER T-LIGHT HOLDER,963,1039.05,39,33,3.01,2011-04-19,2011-11-23
20671,BLUE TEATIME PRINT BOWL,786,1038.72,143,70,1.32,2009-12-02,2010-12-09
22134,MINI LADLE LOVE HEART RED,2354,1038.54,298,80,0.44,2009-12-01,2011-12-09
84908A,PINK 5 PATCH FLOWER CUSHION COVER,432,1038.21,36,4,2.42,2010-02-07,2010-11-12
22995,TRAVEL CARD WALLET SUKI,2381,1038.06,266,90,0.44,2011-02-17,2011-12-09
35651,VINTAGE BEAD PINK SCARF,459,1037.82,63,32,2.3,2009-12-02,2011-11-10
22821,GIFT BAG PSYCHEDELIC APPLES,1660,1037.05,186,83,0.63,2010-09-15,2011-12-09
21269,ANTIQUE CREAM CUTLERY SHELF,114,1036.84,65,52,9.1,2009-12-08,2011-11-22
21061,PARTY INVITES FOOTBALL,1396,1036.36,163,104,0.75,2009-12-08,2011-12-04
22860,EASTER TIN CHICKS PINK DAISY,612,1036.10,111,85,1.73,2010-10-05,2011-11-18
22266,EASTER DECORATION HANGING BUNNY,2542,1035.56,161,101,0.41,2009-12-17,2011-12-07
22389,PAPERWEIGHT SAVE THE PLANET,647,1035.52,92,74,1.93,2010-03-30,2011-12-08
85118,HEART T-LIGHT HOLDER,2054,1035.01,81,55,0.55,2009-12-07,2011-01-21
23347,I LOVE LONDON BEAKER,860,1034.80,97,51,1.25,2011-07-24,2011-12-09
21725,SWEETIES  STICKERS,1135,1034.73,173,81,0.91,2009-12-01,2011-11-17
22856,ASSORTED EASTER DECORATIONS  BELLS,877,1033.60,32,25,1.21,2010-10-17,2011-11-20
23088,ZINC HEART FLOWER T-LIGHT HOLDER,795,1033.28,79,52,1.3,2011-05-12,2011-12-09
85144,JARDIN ETCHED GLASS CHEESE DISH,287,1032.35,70,61,3.65,2009-12-06,2011-05-03
20783,HEART EAR MUFF HEADPHONES,165,1030.28,55,20,6.37,2009-12-01,2010-08-16
84405A,S/3 PINK COL METAL BASKET W HANDLE,129,1029.41,50,40,8.08,2009-12-02,2010-10-05
21202,DOLLY HONEYCOMB GARLAND,854,1028.93,66,53,1.29,2009-12-11,2011-11-17
20652,BLUE POLKADOT LUGGAGE TAG,1516,1027.29,172,73,0.68,2009-12-01,2011-12-08
46775A,BUBBLE GUM CHUNKY KNITTED THROW,83,1027.28,32,3,12.58,2009-12-02,2010-02-24
23545,WRAP RED VINTAGE DOILY,2480,1025.60,84,76,0.41,2011-07-20,2011-12-08
85180B,PINK HEARTS LIGHT CHAIN,364,1022.16,67,29,2.81,2009-12-01,2011-12-06
22247,BUNNY DECORATION MAGIC GARDEN,1184,1022.04,182,86,0.86,2009-12-13,2011-11-25
21904,HOUSE WRECKING METAL SIGN,757,1021.82,145,103,1.59,2009-12-08,2011-05-25
82616C,MIDNIGHT GLAMOUR SCARF KNITTING KIT,632,1020.35,142,57,1.62,2009-12-02,2011-12-08
23452,HEART MINI PORTRAIT FRAME,518,1019.81,87,69,1.97,2011-10-14,2011-12-08
35923,CANDY HEART HANGING DECORATION,1545,1019.63,112,51,0.66,2009-12-08,2011-12-01
20839,FRENCH PAISLEY CUSHION COVER,633,1018.11,118,53,1.61,2009-12-07,2011-12-08
72800D,4 BLUE DINNER CANDLES SILVER FLOCK,631,1017.66,86,50,1.62,2009-12-04,2011-11-28
84923,PINK BUTTERFLY HANDBAG W BOBBLES,234,1017.64,150,5,4.35,2010-02-04,2011-12-09
85031C,CURIOUS IMAGES SCRAP BOOK SET,481,1017.48,106,23,2.12,2009-12-01,2010-12-16
85124A,PINK JUICY FRUIT PHOTO FRAME,377,1016.73,95,43,2.75,2009-12-01,2010-10-01
21814,HEART T-LIGHT HOLDER,670,1016.53,95,59,1.52,2009-12-01,2011-11-29
85099f,JUMBO BAG STRAWBERRY,201,1016.36,25,0,5.06,2010-07-26,2011-01-11
22806,SET OF 6 T-LIGHTS WEDDING CAKE,430,1014.82,57,42,2.67,2010-09-20,2011-12-08
20619,TROPICAL PASSPORT COVER,578,1014.42,194,46,1.76,2009-12-01,2011-12-05
22420,LIPSTICK PEN BABY PINK,2111,1014.33,234,111,0.48,2010-05-07,2011-12-09
84596L,BISCUITS SMALL BOWL LIGHT BLUE,1536,1013.96,255,78,0.66,2009-12-01,2011-09-18
22717,CARD DOG AND BALL,2405,1013.38,215,118,0.42,2010-06-02,2011-12-09
84985A,SET OF 72 GREEN PAPER DOILIES,644,1010.88,153,95,1.58,2009-12-01,2011-03-01
23107,WHITE HEARTS WIRE PLANT POT HOLDER,359,1009.51,73,60,2.81,2011-05-12,2011-12-08
84709B,PINK OVAL JEWELLED MIRROR,176,1008.53,86,32,5.76,2009-12-01,2011-06-26
84905,PINK BUTTERFLY CUSHION COVER,269,1007.91,105,19,3.75,2009-12-16,2011-06-29
23544,WALL ART MID CENTURY MODERN,164,1007.53,20,17,6.19,2011-10-03,2011-12-06
22643,SET OF 4 NAPKIN CHARMS LEAVES,464,1006.24,96,72,2.17,2010-07-18,2011-12-08
23153,ZINC SWEETHEART WIRE LETTER RACK,263,1005.69,90,67,3.88,2011-04-18,2011-12-08
22049,WRAP CHRISTMAS SCREEN PRINT,3500,1005.25,114,95,0.29,2009-12-02,2011-10-20
47310M,SMALL POP BOX FUNKY MONKEY,746,1004.94,172,37,1.35,2009-12-09,2011-12-09
21664,RIDGED GLASS STORAGE JAR CREAM LID,258,1004.82,67,44,4.0,2009-12-03,2011-10-17
21084,SET/6 COLLAGE PAPER CUPS,2929,1004.25,223,113,0.34,2009-12-06,2011-12-07
72750B,FLOWER FAIRY SET 3 CANDLES LAVENDER,496,1004.10,39,31,2.11,2009-12-14,2010-11-11
85126,LARGE ROUND CUTGLASS CANDLESTICK,156,1001.66,34,22,6.85,2009-12-01,2011-01-27
85104,SILVER GLASS T-LIGHT SET,351,1000.89,56,40,2.92,2009-12-01,2011-12-06
23281,FOLDING BUTTERFLY MIRROR RED,1280,1000.82,101,56,0.78,2011-05-10,2011-12-08
23121,PACK OF 6 COCKTAIL PARASOL STRAWS,2501,1000.44,111,81,0.4,2011-06-17,2011-12-06
21392,RED SPOTTY PUDDING BOWL,7545,999.69,48,32,0.2,2009-12-03,2011-03-17
23533,WALL ART GARDEN HAVEN,215,998.64,36,27,4.64,2011-10-03,2011-12-09
20730,STRAWBERRY CANDY BAG,2218,997.95,102,34,0.46,2009-12-01,2010-09-05
21250,SET OF SKULL WALL STICKERS,402,997.55,60,47,2.48,2009-12-03,2011-11-30
23517,EMBROIDERED RIBBON REEL REBECCA,334,996.38,63,50,2.98,2011-09-22,2011-12-06
72586,SET OF 6 HALLOWEEN GHOST T-LIGHTS,2303,994.98,183,95,0.44,2009-12-04,2011-12-02
20705,MRS ROBOT SOFT TOY,273,994.24,53,47,3.65,2009-12-07,2011-12-06
20617,FIRST CLASS PASSPORT COVER,498,992.99,105,59,1.99,2009-12-02,2011-12-08
21127,COLOURFUL FISHING GNOME,297,992.08,48,25,3.36,2009-12-03,2010-06-10
72484,ROSES IN WHITE HEART CANDLE,1818,991.38,64,45,0.55,2009-12-02,2010-03-04
85170C,SET/6 EAU DE NIL BIRD T-LIGHTS,543,990.93,107,40,1.83,2009-12-02,2011-12-09
21690,SILVER  CANDLEPOT JARDIN,258,990.84,82,65,3.84,2009-12-03,2011-01-30
84964B,BLUE PAINTED KASHMIRI TABLE,17,990.00,2,2,58.24,2010-02-22,2010-11-02
21836,GINGHAM OVEN GLOVE RED HEART,249,988.89,100,77,4.03,2009-12-07,2011-01-20
21721,CANDY SHOP  STICKER SHEET,1090,988.80,144,73,0.91,2009-12-01,2011-12-02
84660C,PINK STITCHED WALL CLOCK,725,987.98,85,29,1.36,2009-12-02,2011-09-08
35958,FOLKART ZINC STAR CHRISTMAS DEC,1131,984.63,82,58,0.87,2009-12-03,2010-12-09
84686,BEACH HUT MIRROR,389,984.39,76,33,2.64,2009-12-01,2011-07-10
22529,MAGIC DRAWING SLATE GO TO THE FAIR,2437,984.03,155,114,0.4,2010-03-28,2011-12-08
35653,VINTAGE BEAD NOTEBOOK,311,982.53,113,42,3.16,2009-12-02,2011-08-11
84918,CREAM CUSHION COVER WITH FLOWERS,208,981.22,63,15,4.78,2009-12-06,2010-09-27
84030e,ENGLISH ROSE HOT WATER BOTTLE,120,979.40,46,0,8.16,2010-09-30,2011-12-08
85025B,EAU DE NILE HEART SHAPE PHOTO FRAME,570,978.80,95,55,1.73,2009-12-07,2011-12-08
82613B,"METAL SIGN,CUPCAKE SINGLE HOOK",896,975.92,223,73,1.1,2009-12-01,2011-12-06
23512,EMBROIDERED RIBBON REEL ROSIE,500,975.24,57,46,1.95,2011-09-22,2011-12-08
35599B,BLACK CHRISTMAS TREE 120CM,268,974.81,51,26,3.64,2009-12-02,2011-12-04
84873a,FUNKY FLOWER PICNIC BAG FOR 4,88,973.36,59,0,11.06,2009-12-01,2010-06-04
21417,COCKLE SHELL DISH,502,971.40,118,41,2.04,2009-12-01,2011-12-09
79323G,GOLD  CHERRY LIGHTS,314,970.43,61,37,6.39,2009-12-01,2010-08-03
21562,HAWAIIAN GRASS SKIRT,678,970.28,73,47,1.43,2010-01-07,2011-11-21
78124,MAGAZINE RACK GEBRA ASSORTED,730,969.61,31,25,1.33,2009-12-03,2011-11-28
23380,PACK OF 12 VINTAGE DOILY TISSUES,2344,969.46,121,86,0.42,2011-09-05,2011-12-09
22104,MIRROR MOSAIC CANDLE PLATE,1187,968.08,99,31,0.82,2009-12-08,2011-12-09
85071A,BLUE CHARLIE+LOLA PERSONAL DOORSIGN,1907,967.29,147,106,0.74,2009-12-01,2011-12-06
21427,SKULLS STORAGE BOX SMALL,507,965.46,119,55,1.97,2009-12-03,2011-12-06
23514,EMBROIDERED RIBBON REEL SALLY,478,964.91,74,57,2.04,2011-09-22,2011-12-04
22108,PING! MICROWAVE PLATE,313,963.74,128,34,3.13,2009-12-01,2011-12-09
82616B,FRAPPUCINO SCARF KNITTING KIT,606,963.35,126,57,1.61,2009-12-01,2011-12-08
23518,EMBROIDERED RIBBON REEL RACHEL,361,963.07,44,40,2.72,2011-09-22,2011-12-02
20773,BLUE PAISLEY NOTEBOOK,3339,962.33,117,78,0.29,2009-12-01,2011-09-12
21691,SILVER VANILLA FLOWER CANDLE POT,249,960.99,72,56,3.86,2009-12-01,2010-10-29
17021,NAMASTE SWAGAT INCENSE,3720,960.84,76,45,0.26,2010-01-22,2011-12-05
20774,GREEN FERN NOTEBOOK,3484,960.83,119,68,0.28,2009-12-01,2011-10-04
72814,SET OF 3 CHRISTMAS BRIAR CANDLES,266,960.42,54,42,3.64,2009-12-01,2010-11-22
85197,SET OF 12 MINI BUNNIES IN A BUCKET,1669,959.46,74,63,0.57,2009-12-06,2011-07-29
21208,PASTEL COLOUR HONEYCOMB FAN,1078,959.27,120,65,0.91,2009-12-16,2011-12-09
85130D,BEADED CRYSTAL HEART PINK LARGE,788,958.85,107,63,1.22,2009-12-02,2011-12-07
72753B,S/3 FLWR FAIRY LAVENDER CANDLES,445,957.73,14,11,2.15,2009-12-04,2010-03-26
21805,WHITE CHRISTMAS TREE DECORATION,2221,957.63,103,77,0.43,2009-12-01,2010-11-21
23460,SWEETHEART WALL TIDY,108,957.33,43,41,9.32,2011-10-20,2011-12-05
20782,CAMOUFLAGE EAR MUFF HEADPHONES,155,957.05,87,39,6.42,2009-12-01,2011-12-09
84360,TABLE LAMP WHITE SHADE WOOD BASE,179,956.89,40,14,5.35,2009-12-01,2011-12-05
84466,TOP SECRET PEN SET,1256,956.51,73,34,1.07,2009-12-01,2011-07-14
22512,DOORSTOP RACING CAR DESIGN,384,956.17,71,54,2.49,2010-03-12,2011-12-06
21636,MADRAS NOTEBOOK MEDIUM,1014,955.14,98,74,0.97,2009-12-04,2011-12-05
85032B,BLOSSOM IMAGES GIFT WRAP SET,982,953.34,152,95,0.97,2010-01-22,2011-12-08
84907,PINK YELLOW PATCH CUSHION COVER,391,953.27,36,12,2.56,2009-12-02,2011-09-21
20758,ABSTRACT CIRCLES POCKET BOOK,5425,952.57,95,61,0.18,2009-12-01,2011-12-07
21060,PARTY INVITES BALLOON GIRL,1276,952.55,151,102,0.75,2009-12-08,2011-12-05
20878,SET/9 CHRISTMAS T-LIGHTS SCENTED,737,952.51,85,61,1.29,2009-12-02,2010-12-05
85019B,BLOSSOM  IMAGES NOTEBOOK SET,718,952.47,47,31,1.37,2010-03-18,2011-12-08
17012C,ORIGAMI LAVENDER INCENSE/CANDL SET,856,950.40,113,47,1.11,2010-02-05,2011-12-08
47589,CONGRATULATIONS BUNTING,183,948.78,76,59,5.51,2009-12-06,2011-05-24
22953,BIRTHDAY PARTY CORDON BARRIER TAPE,760,948.55,119,76,1.25,2010-11-04,2011-12-08
23540,WALL ART THE MAGIC FOREST,150,947.06,14,9,6.31,2011-10-03,2011-12-06
21641,ASSORTED TUTTI FRUTTI KEYRING BALL,1666,946.31,111,43,0.57,2009-12-02,2011-09-16
22994,TRAVEL CARD WALLET RETROSPOT,2194,944.34,218,89,0.44,2011-02-16,2011-12-09
85031A,ROMANTIC IMAGES SCRAP BOOK SET,477,943.44,102,36,1.98,2009-12-01,2011-04-13
20998,ROSE DU SUD OVEN GLOVE,324,942.26,127,52,2.91,2009-12-02,2011-10-14
20778,GARDEN PATH NOTEBOOK,3611,939.41,90,66,0.26,2009-12-02,2011-04-26
85032C,CURIOUS IMAGES GIFT WRAP SET,886,938.79,161,85,1.07,2009-12-04,2011-12-09
84816,DANISH ROSE BEDSIDE CABINET,33,937.75,20,18,38.74,2009-12-21,2011-08-19
85189,HANGING BUTTERFLY  EGG,1176,937.35,68,53,0.82,2009-12-16,2011-03-16
20830,SILVER PHOTO FRAME,407,937.29,82,36,2.37,2009-12-01,2011-10-02
23183,MOTHER'S KITCHEN SPOON REST,226,937.17,84,45,4.28,2011-03-03,2011-12-09
71279,PINK GLASS CANDLEHOLDER,293,936.71,78,34,3.32,2009-12-01,2011-11-09
82001s,SILVER RECORD COVER FRAME,125,932.98,29,0,7.46,2010-07-30,2011-12-09
21299,EDWARDIAN TOILET ROLL UNIT,166,932.95,34,25,5.82,2009-12-01,2010-03-24
85160A,WHITE BIRD GARDEN DESIGN MUG,8816,932.15,32,20,0.17,2009-12-10,2011-01-25
47504E,ENGLISH ROSE SCISSORS,4387,931.86,48,31,0.21,2009-12-01,2010-10-12
85018D,YULETIDE IMAGES S/6 PAPER BOXES,787,931.65,80,57,1.23,2009-12-02,2011-01-14
84664,CHERRY BLOSSOM BATHROOM CABINET,193,930.60,51,17,4.95,2009-12-09,2010-10-24
23179,CLOCK MAGNET MUM'S KITCHEN,324,930.48,53,36,2.87,2011-03-03,2011-12-08
84800L,LARGE WHITE/PINK ROSE ART FLOWER,650,930.23,38,32,1.49,2010-01-19,2011-06-03
21726,MULTI HEARTS  STICKERS,1077,929.29,155,93,0.86,2009-12-01,2011-12-07
21129,SILVER FISHING GNOME,124,928.59,60,24,7.66,2009-12-02,2011-11-29
21014,SWISS CHALET TREE DECORATION,1850,927.37,189,91,0.5,2009-12-01,2011-11-23
20775,DAISY NOTEBOOK,3604,926.54,112,43,0.26,2009-12-06,2011-12-05
72800C,4 PINK DINNER CANDLE SILVER FLOCK,660,924.84,78,49,1.4,2009-12-07,2011-12-08
18007,ESSENTIAL BALM 3.5g TIN IN ENVELOPE,11396,923.22,72,40,0.09,2009-12-02,2011-07-20
85124B,BLUE JUICY FRUIT PHOTO FRAME,353,923.17,102,45,2.66,2009-12-08,2011-11-24
23178,JAM CLOCK MAGNET,327,922.44,68,50,2.87,2011-03-03,2011-12-09
84341B,SMALL PINK MAGIC CHRISTMAS TREE,1757,922.18,121,79,0.52,2009-12-01,2011-11-15
22703,PINK CAT BOWL,513,921.81,165,57,1.8,2010-06-23,2011-12-09
22096,PINK PAISLEY SQUARE TISSUE BOX,1667,921.52,180,129,0.56,2009-12-02,2011-12-08
84625C,BLUE NEW BAROQUE CANDLESTICK CANDLE,770,920.55,71,29,1.33,2009-12-02,2011-10-03
21850,BLUE  DIAMANTE PEN IN GIFT BOX,447,919.98,106,29,2.4,2009-12-10,2011-12-06
21720,CAKE SHOP  STICKER SHEET,1068,919.61,112,73,0.87,2009-12-04,2011-07-26
21702,SET 5 MINI GATEAUX  FRIDGE MAGNETS,2636,918.68,8,5,0.35,2009-12-15,2010-02-15
85130B,BEADED CRYSTAL HEART GREEN LARGE,911,918.33,83,50,1.01,2010-01-11,2011-12-07
84929,ASSTD FRUIT+FLOWERS FRIDGE MAGNETS,3096,918.23,93,82,0.33,2009-12-01,2011-11-24
22143,CHRISTMAS CRAFT HEART DECORATIONS,446,917.68,70,51,2.11,2009-12-01,2010-10-27
20831,GOLD PHOTO FRAME,474,915.36,79,34,1.96,2009-12-01,2011-12-09
21007,ETCHED GLASS DROPLET DECORATION,1927,914.67,48,36,0.47,2009-12-02,2010-09-23
20903,VINTAGE KEEPSAKE BOX TRAVELOGUE,187,913.45,86,19,4.92,2009-12-01,2011-10-23
85111,SILVER GLITTER FLOWER VOTIVE HOLDER,2907,912.39,77,50,0.33,2009-12-02,2011-12-08
22102,MIRROR MOSAIC T-LIGHT HOLDER,1842,909.24,59,35,0.65,2009-12-01,2011-11-28
21303,FILIGREE WALL MIRROR  ANTIQUE WHITE,96,909.09,30,24,10.27,2009-12-03,2010-03-18
21331,MOROCCAN BEATEN METAL DISH LARGE,110,908.43,30,23,8.61,2009-12-06,2011-11-16
85226A,WHITE/BLUE PULL BACK RACING CAR,1714,908.32,144,95,0.54,2009-12-02,2010-11-24
37482P,CUBIC MUG PINK POLKADOT,667,906.31,83,50,1.36,2009-12-02,2011-04-13
22707,WRAP MONSTER FUN,2157,905.94,83,70,0.42,2010-05-27,2011-12-02
46776C,WOVEN FROST CUSHION COVER,258,905.10,96,14,3.51,2009-12-10,2011-12-09
21335,LIBRARY LAMP,42,904.82,28,17,23.56,2009-12-01,2010-08-11
37330,SPOTS MUG,517,904.36,28,19,1.79,2010-01-11,2011-03-22
23338,EGG FRYING PAN RED,431,902.92,109,62,2.12,2011-06-12,2011-12-09
21264,WHITE GOOSE FEATHER TREE 60CM,391,902.25,68,51,2.35,2009-12-08,2011-12-06
85121C,RETRO LAUNDRY TUB PISTACHIO,98,901.91,53,39,9.38,2009-12-07,2010-11-17
23532,WALL ART WORK REST AND PLAY,210,901.58,31,23,4.29,2011-10-02,2011-12-08
82607A,GLASS BONBON JAR PARFUME AUX FLEURE,663,901.22,159,65,1.39,2009-12-03,2010-10-12
84660B,BLACK STITCHED WALL CLOCK,745,899.48,61,26,1.21,2009-12-01,2011-09-01
37492B,BLUE YELLOW FLOWER PIGGY BANK,489,899.02,44,33,1.94,2009-12-02,2010-10-05
20913,SET/5 BLUE SPOTTY LID GLASS BOWLS,314,898.72,43,26,2.86,2009-12-01,2010-01-17
21444,BLUE CHALET BIRDFEEDER,291,898.28,36,18,3.1,2009-12-01,2010-10-19
90147,CHUNKY SILVER NECKLACE PASTEL FLOWE,93,897.65,58,24,10.08,2009-12-02,2011-11-27
84919,BLUE CUSHION COVER WITH FLOWER,291,896.44,43,20,5.57,2009-12-09,2011-09-21
23502,PLAYING CARDS VINTAGE DOILY,714,896.41,94,80,1.26,2011-09-22,2011-12-07
17109B,FLOWER FAIRY INCENSE LAVENDER,4542,896.34,17,13,0.2,2009-12-02,2010-03-05
85031B,BLOSSOM IMAGES SCRAP BOOK SET,496,896.09,85,25,1.81,2009-12-01,2010-12-16
84760L,LARGE HANGING GLASS+ZINC LANTERN,560,896.00,1,1,1.6,2010-05-04,2010-05-04
84600,NEW BAROQUE JEWELLERY BOX,108,895.42,52,31,8.5,2009-12-02,2011-12-08
23472,NINE DRAWER OFFICE TIDY,58,894.42,33,29,15.42,2011-10-02,2011-12-07
21676,FLOWERS  STICKERS,1193,893.72,159,75,0.75,2009-12-02,2011-12-05
85049e,SCANDINAVIAN REDS RIBBONS,268,893.25,61,0,3.33,2010-06-24,2011-12-09
90175A,WHITE GLASS CHUNKY CHARM BRACELET,107,892.85,62,20,9.01,2009-12-01,2011-12-09
84666,SQUARE CHERRY BLOSSOM CABINET,226,892.70,33,13,3.95,2009-12-09,2011-04-19
46000P,POLYESTER FILLER PAD 65CMx65CM,213,892.50,49,37,4.25,2009-12-01,2011-09-04
20759,CHRYSANTHEMUM POCKET BOOK,5777,891.13,63,35,0.15,2009-12-17,2011-12-07
20757,RED DAISY POCKET BOOK,5347,890.70,78,49,0.17,2009-12-07,2011-11-27
23072,MARIE ANTOINETTE TRINKET BOX SILVER,334,889.76,30,21,3.81,2011-05-08,2011-10-26
20892,SET/3 TALL GLASS CANDLE HOLDER PINK,102,889.20,38,21,10.74,2009-12-01,2010-12-21
21220,SET/4 BADGES DOGS,659,888.68,159,65,1.35,2009-12-02,2011-12-09
21724,PANDA AND BUNNIES STICKER SHEET,996,886.64,178,81,0.89,2009-12-01,2011-12-09
85214,TUB 24 PINK FLOWER PEGS,514,886.23,169,94,1.72,2009-12-06,2011-08-10
85019A,ROMANTIC IMAGES NOTEBOOK SET,647,885.04,49,37,1.41,2010-01-05,2011-12-08
22647,CERAMIC LOVE HEART MONEY BANK,1058,884.83,82,60,0.87,2010-05-14,2011-12-08
84086C,PINK/PURPLE RETRO RADIO,297,884.75,88,25,2.98,2009-12-09,2011-11-30
20991,JAZZ HEARTS MAGNETIC MEMO PAD,7084,884.56,32,12,0.12,2009-12-01,2010-02-19
22248,DECORATION  PINK CHICK MAGIC GARDEN,1013,883.65,173,77,0.89,2009-12-02,2011-12-05
21480,PINK STRIPE HOT WATER BOTTLE,285,881.82,57,35,3.16,2009-12-01,2009-12-22
22164,STRING OF STARS CARD HOLDER,315,880.27,49,40,2.8,2009-12-01,2011-11-28
72799A,BLACK PILLAR CANDLE SILVER FLOCK,612,877.80,18,14,1.43,2009-12-03,2010-08-04
21062,PARTY INVITES SPACEMAN,1053,875.87,136,102,0.83,2009-12-08,2011-12-02
35598B,BLACK CHRISTMAS TREE 60CM,931,874.65,57,37,0.94,2009-12-01,2011-11-30
21270,ANTIQUE CREAM CUTLERY CUPBOARD,76,874.43,51,24,11.51,2009-12-08,2011-12-05
21338,MARAKESH LANTERN SMALL,199,873.25,13,9,4.39,2009-12-05,2010-04-13
84925F,PSYCHEDELIC WALL THERMOMETER,714,873.11,34,29,1.22,2010-01-12,2011-07-31
85165,CANDY PINK FRENCH BOUDOIR CLOCK,90,872.76,58,9,9.7,2009-12-02,2010-06-21
23479,WIRE EGG BASKET,113,872.38,44,35,7.72,2011-10-17,2011-12-08
23099,FRENCH CARRIAGE LANTERN,137,872.15,58,46,6.75,2011-05-16,2011-12-07
85194S,HANGING SPRING FLOWER EGG SMALL,1760,871.07,131,84,0.51,2010-01-05,2011-12-04
84974,S/2 ZINC HEART DESIGN PLANTERS,89,869.60,57,52,9.88,2010-01-06,2011-11-01
21414,SCALLOP SHELL SOAP DISH,1637,868.79,36,17,0.53,2009-12-07,2011-02-22
21293,MIRRORED DOVE WALL DECORATION,343,868.14,85,29,2.54,2009-12-03,2011-12-05
17012B,ORIGAMI JASMINE INCENSE/CANDLE SET,721,867.45,126,43,1.2,2009-12-08,2011-11-30
21147,JINGLE BELLS TREE DECORATION,477,866.28,118,33,1.82,2009-12-04,2011-12-05
85166B,BLACK METAL BAROQUE PHOTO FRAME,510,864.10,38,28,1.69,2009-12-04,2010-11-14
84820,DANISH ROSE TRINKET TRAYS,323,863.67,54,46,2.78,2010-01-19,2011-12-08
21320,GLASS CHALICE GREEN  LARGE,398,860.84,56,31,2.29,2009-12-01,2011-04-20
23002,TRAVEL CARD WALLET SKULLS,2119,860.61,192,85,0.43,2011-02-16,2011-12-09
21318,GLASS CHALICE BLUE SMALL,972,860.36,93,70,0.93,2009-12-13,2011-05-09
37424,WHITE WITH BLACK CATS MUG,5249,860.12,108,28,0.22,2009-12-01,2010-11-21
23413,VINTAGE COFFEE GRINDER BOX,173,859.51,58,34,5.26,2011-09-07,2011-12-08
23220,REINDEER HEART DECORATION GOLD,993,859.19,103,55,0.88,2011-06-09,2011-12-09
23423,PANTRY 3 HOOK ROLLING PIN HANGER,219,858.15,66,47,4.0,2011-09-08,2011-12-08
90200C,BLUE SWEETHEART BRACELET,206,857.63,98,32,4.25,2009-12-01,2011-03-22
17033,"BROCADE PURSE,SMALL ARCH BUTTON",3280,857.40,69,58,0.26,2009-12-02,2010-10-19
20941,FROG CANDLE,998,854.93,124,54,0.9,2009-12-01,2011-07-06
84578,ELEPHANT TOY WITH BLUE T-SHIRT,222,854.91,112,67,3.85,2009-12-01,2010-04-09
20756,GREEN FERN POCKET BOOK,5728,851.56,64,40,0.15,2009-12-01,2011-11-22
84660A,WHITE STITCHED WALL CLOCK,860,850.72,51,34,0.99,2009-12-18,2011-10-03
35954,SMALL FOLKART STAR CHRISTMAS DEC,2181,850.49,111,58,0.39,2009-12-01,2011-11-09
21478,SILVER SKULL HOT WATER BOTTLE,204,850.48,92,57,4.19,2009-12-01,2010-10-31
21376,LARGE  TALL CAMPHOR WOOD TOADSTOOL,183,849.91,46,35,4.64,2009-12-06,2011-12-04
84817,DANISH ROSE DECORATIVE PLATE,1059,849.60,79,70,0.89,2010-02-08,2011-12-08
21458,2 PICTURE BOOK EGGS EASTER BUNNY,768,849.24,88,51,1.11,2009-12-04,2011-11-09
72349b,SET/6 PURPLE BUTTERFLY T-LIGHTS,204,848.41,112,0,4.16,2009-12-01,2011-12-09
22547,MINI JIGSAW DINOSAUR,1980,845.98,189,84,0.43,2010-03-26,2011-12-08
84509a,SET OF 4 ENGLISH ROSE PLACEMATS,113,844.74,75,0,7.48,2009-12-22,2011-12-09
90161C,ANT COPPER LIME BOUDICCA BRACELET,169,843.91,100,28,4.99,2009-12-02,2011-12-08
22820,GIFT BAG BIRTHDAY,1353,843.83,110,67,0.62,2010-09-15,2011-12-02
85121B,RETRO LAUNDRY TUB PINK,86,843.24,48,27,10.89,2009-12-03,2010-06-27
21393,BLUE  SPOTTY PUDDING BOWL,5244,842.03,43,34,0.22,2010-01-08,2011-03-28
21128,GOLD FISHING GNOME,126,841.63,57,22,6.68,2009-12-17,2011-12-07
23564,EGG CUP MILKMAID INGRID,644,841.31,76,39,1.31,2011-10-13,2011-12-09
23551,PACK OF 12 PAISLEY PARK TISSUES,1840,839.84,136,88,0.46,2011-09-01,2011-12-09
21255,"FRENCH BOTTLE , LAVENDER",476,838.63,96,46,1.81,2009-12-01,2010-04-18
85231L,LAVENDER SCENTED SET/9 T-LIGHTS,1039,838.35,116,81,0.81,2009-12-01,2010-05-02
17039,INLAID WOOD INCENSE HOLDER,3707,837.88,43,20,0.23,2009-12-02,2010-08-09
84762B,PINK PICNIC BARBECUE BUCKET,113,837.77,48,19,7.41,2009-12-04,2010-09-12
85071C,"CHARLIE+LOLA""EXTREMELY BUSY"" SIGN",1285,837.23,141,85,0.65,2009-12-06,2011-12-09
40018E,TEA TIME PAPER LANTERNS,384,837.02,81,37,2.18,2009-12-01,2010-07-25
85208,SET/12 FUNKY FELT FLOWER PEG IN BAG,420,836.94,87,56,1.99,2009-12-01,2011-11-29
20803,SMALL PINK GLASS SUNDAE DISH,1149,836.00,84,50,0.76,2009-12-07,2011-05-01
16046,TEATIME PEN CASE & PENS,10056,834.46,59,44,0.12,2009-12-04,2011-11-28
20776,ABSTRACT CIRCLES NOTEBOOK,3258,832.66,84,50,0.26,2009-12-01,2010-09-17
21185,HOME SWEET HOME  BLACKBOARD,132,831.84,44,34,6.64,2009-12-01,2010-07-05
47563A,RETRO LONGBOARD IRONING BOARD COVER,343,831.62,151,39,2.44,2009-12-02,2011-12-09
47367B,PAIR PADDED HANGERS PINK CHECK,242,831.20,95,35,3.45,2009-12-14,2011-10-26
84951A,SET OF 4 PISTACHIO LOVEBIRD COASTER,622,829.80,135,37,1.36,2009-12-01,2011-12-05
85213,MINI  ZINC GARDEN DECORATIONS,1378,828.15,80,48,0.6,2009-12-13,2011-07-31
85161,ACRYLIC GEOMETRIC LAMP,51,825.95,32,16,16.94,2009-12-10,2011-11-27
23004,TRAVEL CARD WALLET PANTRY,2002,825.88,221,73,0.45,2011-02-16,2011-12-09
21551,CERAMIC BIRDHOUSE BUTTERFLY LARGE,169,824.95,22,16,4.88,2009-12-02,2010-01-29
85196,EASTER BUNNIES ON A STICK,1564,824.44,71,59,0.53,2009-12-07,2010-03-29
22510,GINGHAM BABUSHKA DOORSTOP,316,821.57,90,70,2.6,2010-03-12,2011-12-08
21654,RIDGED GLASS FINGER BOWL,1183,820.21,82,53,0.69,2009-12-03,2011-09-18
21552,CERAMIC BIRDHOUSE BLACK ROSE  LARGE,165,819.75,35,25,5.08,2009-12-02,2010-06-03
20936,FORKED CACTUS CANDLE,333,817.64,76,42,2.53,2009-12-06,2011-12-09
21375,LARGE CAMPHOR WOOD FIELD MUSHROOM,134,817.60,61,26,6.1,2009-12-01,2011-12-04
22289,"DECORATION , HANGING METAL CHICKEN",764,817.48,76,45,1.07,2009-12-01,2011-11-22
85187,S/12 MINI RABBIT EASTER,479,816.48,109,75,1.7,2010-01-13,2011-11-27
23017,APOTHECARY MEASURING JAR,67,813.78,22,20,12.33,2011-06-26,2011-12-08
20897,VINTAGE NOTEBOOK PARIS DAYS,351,813.30,75,29,2.42,2009-12-01,2011-08-30
21719,LOVELY BONBON STICKER SHEET,906,813.14,141,69,0.9,2009-12-01,2011-12-05
20894,HANGING BAUBLE T-LIGHT HOLDER LARGE,267,810.40,79,47,3.1,2009-12-01,2011-12-01
21635,MADRAS NOTEBOOK LARGE,398,810.24,42,35,2.15,2009-12-04,2011-07-13
23186,FRENCH STYLE STORAGE JAR CAFE,1982,810.22,70,57,0.41,2011-03-08,2011-12-07
21374,MIRRORED WALL ART SKULLS,470,809.67,71,57,1.72,2009-12-18,2011-12-01
82613C,"METAL SIGN,CUPCAKE SINGLE HOOK",770,809.11,187,56,1.06,2009-12-02,2011-12-02
20769,DAISY JOURNAL,438,808.81,79,48,1.85,2009-12-07,2011-12-06
84922,PINK BUTTERFLY WASHBAG,342,808.22,17,9,2.36,2009-12-03,2011-12-02
22344,PARTY PIZZA DISH PINK POLKADOT,1580,807.32,133,65,0.51,2009-12-02,2011-12-08
84767,ZINC POLICE BOX LANTERN,195,806.22,6,4,4.13,2009-12-01,2010-03-14
17012A,ORIGAMI VANILLA INCENSE/CANDLE SET,726,806.16,95,30,1.11,2009-12-01,2011-12-02
90200E,GREEN SWEETHEART BRACELET,209,805.97,91,36,4.18,2009-12-01,2011-12-08
84920,PINK FLOWER FABRIC PONY,201,805.38,88,43,4.01,2009-12-01,2011-12-08
37333,"RETRO ""TEA FOR ONE""",145,805.10,58,26,5.55,2009-12-03,2011-05-03
21222,SET/4 BADGES BEETLES,621,804.65,133,70,1.3,2009-12-07,2011-12-09
84951B,SET OF 4 BLACK LOVEBIRD COASTERS,565,802.73,120,31,1.42,2009-12-10,2011-12-08
85188A,GREEN METAL SWINGING BUNNY,944,802.02,105,67,0.87,2009-12-09,2011-07-21
22229,BUNNY WOODEN PAINTED WITH FLOWER,1007,801.10,185,101,0.84,2009-12-04,2011-12-05
84632,DECORATIVE HANGING SHELVING UNIT,15,799.30,11,8,57.28,2010-03-11,2011-07-21
17107D,"FLOWER FAIRY,5 SUMMER B'DRAW LINERS",315,798.15,86,68,2.55,2009-12-04,2011-12-05
20699,MOUSEY LONG LEGS SOFT TOY,294,797.96,88,42,2.71,2009-12-04,2011-12-05
21454,PAINTED PINK RABBIT,937,797.40,194,78,0.86,2010-01-11,2011-12-08
20997,ROSE DU SUD CUSHION COVER,170,796.74,83,25,4.69,2009-12-08,2011-12-08
72801G,4 BURGUNDY WINE DINNER CANDLES,1323,796.12,64,43,0.6,2009-12-01,2011-11-15
22135,MINI LADLE LOVE HEART PINK,1624,796.07,317,58,0.5,2009-12-01,2011-12-09
84849A,HELLO SAILOR BLUE SOAP HOLDER,470,794.70,103,52,1.77,2009-12-08,2011-11-30
16011,ANIMAL STICKERS,3812,794.28,112,83,0.21,2009-12-04,2011-12-07
20901,VINTAGE KEEPSAKE BOX PINK FLOWER,91,793.88,67,14,8.86,2009-12-01,2011-11-14
72529W,WHITE ADVENT CANDLE,464,793.69,47,39,1.98,2009-12-01,2010-10-07
23521,WALL ART CAT AND BIRD,413,793.37,44,21,1.92,2011-10-03,2011-12-09
35915C,PEACH KNITTED HEN,662,793.32,82,23,1.2,2009-12-03,2011-04-18
23519,EMBROIDERED RIBBON REEL CLAIRE,224,792.31,24,18,3.54,2011-09-25,2011-11-24
85017A,ENVELOPE 50 ROMANTIC IMAGES,1157,792.15,174,45,0.68,2009-12-01,2011-04-03
45008C,DECORATIVE NET CANOPY CREAM,83,792.07,34,16,9.54,2009-12-03,2010-07-14
47574A,ENGLISH ROSE SCENTED HANGING FLOWER,573,791.23,129,44,1.38,2009-12-09,2011-10-07
23568,EGG CUP HENRIETTA HEN CREAM,630,786.27,48,24,1.25,2011-10-16,2011-12-08
84970s,HANGING HEART ZINC T-LIGHT HOLDER,373,784.04,98,0,2.1,2010-06-04,2011-12-09
22058,CERAMIC LOVE HEARTS DESIGN MUG,520,783.80,103,71,1.53,2009-12-01,2010-11-21
72799C,PINK PILLAR CANDLE SILVER FLOCK,471,783.10,48,32,1.66,2009-12-01,2011-12-07
21455,PAINTED YELLOW WOODEN DAISY,901,782.82,167,60,0.88,2010-01-28,2011-12-07
84847,FLORAL BATHROOM SET,2330,781.45,49,32,0.49,2009-12-14,2011-08-01
23106,ZINC HEARTS PLANT POT HOLDER,291,780.91,53,49,2.8,2011-05-13,2011-12-08
37494A,FAIRY CAKE CERAMIC BUTTER DISH,237,778.69,51,18,3.35,2009-12-02,2010-04-01
20989,URBAN CHIC CHOPSTICKS SET/5,407,778.28,57,29,1.92,2009-12-01,2010-03-17
85044,RED REINDEER STRING OF 20 LIGHTS,149,778.05,40,26,5.38,2009-12-01,2010-11-22
37461,FUNKY MONKEY MUG,742,777.39,95,35,1.05,2009-12-01,2010-12-05
22447,PIN CUSHION BABUSHKA BLUE,248,776.24,82,41,3.21,2010-03-23,2011-12-09
23409,PHOTO FRAME LINEN AND LACE LARGE,215,775.43,43,39,3.73,2011-09-07,2011-12-05
21456,2 PICTURE BOOK EGGS EASTER CHICKS,738,774.80,65,42,1.05,2009-12-04,2011-12-07
23071,MARIE ANTOINETTE TRINKET BOX GOLD,315,771.10,19,16,3.83,2011-04-20,2011-10-26
85145,JARDIN ETCHED GLASS LARGE BELL JAR,91,770.80,30,27,8.89,2009-12-17,2011-04-28
21015,DARK BIRD HOUSE TREE DECORATION,1700,770.57,186,80,0.45,2009-12-01,2011-12-09
84247E,PACK/12 XMAS FUN CARD,376,770.55,96,68,2.83,2010-06-30,2011-12-04
23115,RED APPLES CHOPPING BOARD,152,770.32,45,38,5.07,2011-09-30,2011-12-08
20661,BLUE SPOTTY PURSE,898,769.76,123,37,1.09,2009-12-01,2011-12-01
21723,ALPHABET HEARTS STICKER SHEET,866,769.13,135,66,0.89,2009-12-02,2011-12-05
20910,VINTAGE PHOTO ALBUM PARIS DAYS,106,769.12,47,11,7.26,2009-12-03,2010-12-16
84712B,PINK JEWELLED PHOTO FRAME,98,767.16,60,29,7.83,2009-12-02,2011-11-30
84826,ASSTD DESIGN 3D PAPER STICKERS,1734,767.08,51,48,0.5,2009-12-06,2011-12-07
35095B,RED VICTORIAN FABRIC OVAL BOX,1952,766.64,177,73,0.39,2009-12-01,2011-12-09
84029C,BROWN FURRY HOT WATER BOTTLE,204,766.19,48,27,3.76,2009-12-01,2010-01-05
23335,EGG FRYING PAN IVORY,377,765.82,96,62,2.1,2011-06-13,2011-12-08
22640,SET OF 4 NAPKIN CHARMS 3 KEYS,357,765.39,87,58,2.14,2010-06-24,2011-12-08
16244B,MAXWELL 2 TONE BLUE 60 PAGE PHOTO A,345,765.02,28,8,2.22,2009-12-03,2011-05-11
84782A,PINK 3 TIER GLASS PLATE STAND,119,763.95,26,24,7.06,2009-12-01,2010-08-19
47594B,SCOTTIES DESIGN WASHBAG,408,763.54,122,67,1.98,2009-12-01,2011-11-08
84963A,PINK PAINTED KASHMIRI CHAIR,23,763.35,9,8,33.19,2010-02-02,2010-12-05
23550,WRAP ALPHABET POSTER,1855,763.10,64,60,0.41,2011-07-18,2011-12-09
72750A,FLOWER FAIRY SET OF 3 LILY CANDLES,383,762.95,16,13,2.0,2009-12-02,2010-04-30
20833,SHAKER THROW  QUILTED,52,761.85,5,3,15.61,2009-12-06,2010-03-18
84762C,GREEN PICNIC BARBECUE BUCKET,105,761.25,43,18,7.25,2009-12-07,2010-05-21
22408,MONEY BOX CONFECTIONERY DESIGN,650,759.26,95,72,1.23,2010-03-26,2011-12-06
35811A,ENAMEL PINK SUGAR CONTAINER,434,758.77,84,24,1.76,2009-12-03,2010-10-24
90200B,BLACK SWEETHEART BRACELET,183,758.45,84,28,4.24,2009-12-01,2011-12-08
23282,FOLDING BUTTERFLY MIRROR IVORY,812,757.86,135,67,0.93,2011-05-09,2011-12-05
23123,COCKTAIL SWORDS 50 PIECES,935,754.59,95,64,0.81,2011-06-17,2011-12-08
72755C,FLOWER FAIRY OIL BURNER SET ROSE,592,753.25,14,12,1.3,2009-12-22,2010-03-26
16259,PIECE OF CAMO STATIONERY SET,5473,751.99,55,46,0.14,2009-12-07,2011-11-13
22124,SET OF 2 TEA TOWELS PING MICROWAVE,298,751.93,132,29,2.52,2009-12-07,2011-12-09
23124,18PC WOODEN CUTLERY SET DISPOSABLE,567,751.38,43,23,1.33,2011-06-17,2011-11-03
84534B,FAIRY CAKE NOTEBOOK A5 SIZE,818,750.91,187,69,0.95,2009-12-01,2011-01-20
85110,BLACK SILVER FLOWER T-LIGHT HOLDER,11520,750.68,23,17,0.1,2009-12-10,2010-09-28
84653,GREEN ROSE QUILT,14,750.48,12,8,53.61,2010-01-11,2010-03-24
21554,CERAMIC BIRDHOUSE RED ROOF LARGE,167,749.90,22,17,4.6,2009-12-01,2010-01-21
23324,RUSTIC STRAWBERRY JAM POT LARGE,399,748.53,44,38,2.05,2011-08-05,2011-12-05
84761,IVORY HANGING BIRD PLANTER,276,748.45,61,33,2.79,2009-12-03,2010-09-16
23025,DRAWER KNOB VINTAGE GLASS BALL,350,748.32,54,40,2.17,2011-06-27,2011-12-02
35647,VINTAGE BEAD PINK SHADE,563,748.24,74,19,1.33,2009-12-08,2011-03-11
17165B,ASS COL LARGE SAND GECKO P'WEIGHT,810,747.48,57,43,0.93,2009-12-01,2010-10-10
84620,BLUE GINGHAM ROSE CUSHION COVER,121,746.61,50,41,6.17,2009-12-02,2010-12-15
22825,DECORATIVE PLANT POT WITH FRIEZE,100,745.77,38,32,7.99,2010-10-22,2011-11-27
23022,SMALL BONNE JAM JAR  T-LIGHT HOLDER,422,745.76,22,19,1.92,2011-06-15,2011-12-05
21194,PINK  HONEYCOMB PAPER FAN,578,745.00,95,51,1.3,2009-12-03,2011-12-09
72800A,S/4 BLACK DINNER CANDLE SILVER FLOC,674,743.26,46,19,1.1,2009-12-01,2010-05-16
90209C,PINK ENAMEL+GLASS HAIR COMB,399,741.86,66,15,1.89,2009-12-01,2011-10-31
47581B,FAIRY CAKE WICKER PICNIC BASKET,46,741.02,36,24,16.39,2009-12-08,2010-06-03
23223,CHRISTMAS TREE HANGING SILVER,801,740.23,88,51,0.94,2011-06-23,2011-12-08
21503,TOYBOX  WRAP,1801,740.00,64,57,0.41,2009-12-16,2011-11-30
85130C,BEADED CRYSTAL HEART BLUE  LARGE,659,737.89,68,51,1.12,2010-01-05,2011-12-07
84625D,WHITE NEWBAROQUE CANDLESTICK CANDLE,650,735.49,51,36,1.22,2009-12-03,2010-11-17
84715,SET OF 6 ICE CREAM SKITTLES,241,734.89,47,35,3.05,2009-12-07,2011-04-13
90161B,ANT COPPER TURQ BOUDICCA BRACELET,147,734.16,76,21,4.99,2009-12-02,2011-12-08
84708B,PINK JEWELLED PHOTO FRAME,142,732.79,53,36,5.16,2009-12-02,2011-12-07
90200A,PURPLE SWEETHEART BRACELET,177,732.69,99,32,4.24,2009-12-01,2011-12-09
22638,SET OF 4 NAPKIN CHARMS CROWNS,405,732.68,74,56,1.82,2010-07-23,2011-12-08
23435,3 RAFFIA RIBBONS VINTAGE CHRISTMAS,824,732.42,99,40,0.89,2011-09-09,2011-12-09
84821,DANISH ROSE DELUXE COASTER,1318,732.30,74,50,0.56,2009-12-22,2011-12-08
84663A,GRASS HOPPER WOODEN WALL CLOCK,373,731.33,64,34,2.0,2009-12-07,2011-11-20
85131B,BEADED CRYSTAL HEART GREEN ON STICK,948,730.74,216,12,0.77,2009-12-16,2011-12-09
90209B,GREEN ENAMEL+GLASS HAIR COMB,380,730.66,97,9,1.92,2009-12-09,2011-10-02
23006,TRAVEL CARD WALLET FLOWER MEADOW,1758,729.99,173,88,0.43,2011-02-16,2011-12-08
21378,SMALL TALL CAMPHOR WOOD TOADSTOOL,560,728.97,88,47,1.3,2009-12-07,2011-12-09
79342B,BROWN FLOWER LIGHTS,119,728.90,34,22,6.93,2009-12-01,2010-07-14
47503F,ASS FLORAL PRINT TORCH,2567,728.30,11,10,0.28,2009-12-02,2010-03-09
23522,WALL ART DOG AND BALL,354,727.44,32,20,2.05,2011-10-03,2011-12-08
20657,TROPICAL LUGGAGE TAG,1877,726.47,118,54,0.39,2009-12-01,2011-11-11
21415,CLAM SHELL SMALL,348,726.16,82,41,2.09,2009-12-09,2011-12-08
85230F,JASMINE VOTIVE CANDLE,2946,725.70,62,48,0.25,2009-12-02,2011-11-10
35095A,BLUE VICTORIAN FABRIC OVAL BOX,1809,725.56,166,61,0.4,2009-12-01,2011-12-09
85006,SET 4 NURSERY DES ROUND BOXES,3049,724.91,37,32,0.42,2009-12-01,2011-04-27
23454,THREE MINI HANGING FRAMES,174,724.90,52,41,4.21,2011-10-21,2011-12-08
23562,SET OF 6 RIBBONS PERFECTLY PRETTY,251,724.59,43,37,2.89,2011-11-27,2011-12-09
21377,SMALL CAMPHOR WOOD FIELD  MUSHROOM,518,723.36,98,37,1.43,2009-12-01,2011-12-08
23114,VINTAGE LEAF CHOPPING BOARD,149,723.10,45,40,4.95,2011-09-30,2011-12-08
85135A,YELLOW DRAGONFLY HELICOPTER,94,722.79,63,40,8.03,2009-12-02,2011-11-29
20701,PINK CAT FLORAL CUSHION COVER,353,721.49,50,12,2.04,2009-12-02,2011-06-30
84595E,LARGE TORTILLA DESIGN RED BOWL,367,720.28,43,22,1.97,2009-12-03,2011-08-02
35951,FOLKART BAUBLE CHRISTMAS DECORATION,1352,717.99,46,35,0.53,2009-12-01,2010-11-25
21001,ROSE DU SUD WASHBAG,141,717.80,90,29,5.09,2009-12-16,2011-12-08
21026,SPACE OWL,549,716.73,124,48,1.31,2009-12-02,2011-12-09
23140,TRIPLE WIRE HOOK IVORY HEART,182,716.30,52,29,4.21,2011-04-19,2011-11-13
21457,2 PICTURE BOOK EGGS EASTER DUCKS,685,716.00,65,45,1.05,2009-12-04,2011-11-09
85088,CANDY SPOT HAND BAG,347,715.45,78,38,2.09,2009-12-02,2011-11-30
21300,ANTIQUE EDWARDIAN DRESSER,53,714.20,12,11,15.88,2009-12-05,2010-03-24
84033,FLAG OF ST GEORGE,392,713.93,49,41,1.88,2010-01-15,2011-09-14
20850,ZINC HEART LATTICE PLANTER BOWL,820,713.80,23,19,0.87,2010-01-06,2010-11-11
35915B,BLUE KNITTED HEN,563,713.73,67,31,1.27,2009-12-18,2011-09-23
21076,SET/20 COLLAGE PAPER NAPKIN,843,713.70,92,60,0.85,2009-12-02,2010-03-16
21133,PAINTED BIRD ASSORTED CHRISTMAS,410,712.91,42,38,1.74,2009-12-01,2010-09-13
21344,MOROCCAN BEATEN METAL DISH,166,712.07,26,21,4.52,2009-12-01,2011-12-08
84976,RECTANGULAR SHAPED MIRROR,674,711.70,56,40,1.07,2009-12-09,2011-12-08
16015,MEDIUM CHINESE STYLE SCISSOR,1572,711.38,65,40,0.45,2009-12-03,2011-11-17
79030D,TUMBLER BAROQUE,1009,711.25,61,35,0.71,2009-12-08,2011-11-10
23325,RUSTIC STRAWBERRY JAM POT SMALL,462,711.24,35,27,1.6,2011-08-11,2011-11-27
21221,SET/4 BADGES CUTE CREATURES,535,709.66,107,55,1.33,2009-12-01,2011-12-08
23070,EDWARDIAN HEART PHOTO FRAME,160,709.54,44,29,4.43,2011-05-04,2011-12-06
22100,SKULLS SQUARE TISSUE BOX,1005,709.50,127,71,0.71,2009-12-02,2011-12-06
10134,COLOURING PENCILS BROWN TUBE,625,708.63,52,44,1.15,2009-12-03,2010-11-12
21365,MIRRORED WALL ART STARS,469,707.92,77,51,1.51,2009-12-07,2011-12-08
23487,SWEET HEART CAKE CARRIER,80,706.03,44,41,9.94,2011-10-14,2011-12-08
21379,CAMPHOR WOOD PORTOBELLO MUSHROOM,641,705.46,125,43,1.1,2009-12-01,2011-12-09
21443,OLIVE CHALET BIRDFEEDER,257,705.43,26,18,2.83,2009-12-04,2010-03-30
84952C,MIRROR LOVE BIRD T-LIGHT HOLDER,374,705.01,42,18,1.89,2009-12-02,2011-10-11
21442,GREEN BIRDHOUSE DECORATION,973,704.97,136,66,0.72,2009-12-15,2011-12-08
22641,SET OF 4 NAPKIN CHARMS INSTRUMENT,300,704.90,69,49,2.35,2010-07-21,2011-12-07
23055,IVORY CHANDELIER T-LIGHT HOLDER,657,704.46,38,33,2.12,2011-04-19,2011-11-21
84869,CANDY BUTTON PHOTO ALBUM,302,703.54,26,18,2.33,2009-12-09,2010-04-23
84569A,PACK 3 IRON ON DOG PATCHES,562,701.17,112,59,1.25,2009-12-02,2011-12-05
23222,CHRISTMAS TREE HANGING GOLD,799,698.61,75,49,0.9,2011-06-23,2011-12-08
21740,COSY SLIPPER SHOES LARGE RED,201,698.01,66,44,3.47,2009-12-01,2010-05-30
22936,BAKING MOULD ROSE WHITE CHOCOLATE,279,697.97,50,30,3.21,2010-12-08,2011-12-08
84584,PINK GINGHAM CAT WITH SCARF,282,696.75,75,47,2.47,2009-12-03,2011-07-10
22981,PANTRY APPLE CORER,471,695.43,105,58,1.49,2011-03-03,2011-12-07
22345,PARTY PIZZA DISH BLUE POLKADOT,1466,695.30,128,62,0.48,2009-12-02,2011-12-08
84689,S/2 BEACH HUT TREASURE CHESTS,312,693.35,40,29,2.38,2009-12-11,2011-05-04
72755D,FLOWER FAIRY OIL BURNER SET SUMMER,533,693.25,13,12,1.3,2009-12-04,2010-03-26
84971L,LARGE HEART FLOWERS HOOK,585,692.26,58,37,1.24,2009-12-01,2010-04-07
72753A,S/3 FLWR FAIRY LILLY CANDLES,315,690.24,14,10,2.19,2009-12-01,2010-01-27
21308,LOUVRE VANITY MIRROR,132,690.00,6,3,5.35,2009-12-06,2010-01-28
35964,FOLKART CLIP ON STARS,1187,689.76,132,50,0.58,2009-12-04,2011-12-09
20862,PINK PATCH PENCIL CASE BLUE HEART,325,689.04,37,21,2.13,2009-12-02,2010-06-30
20763,DAISY SKETCHBOOK,267,687.86,74,54,2.63,2009-12-07,2011-12-06
23458,DOLLY CABINET 3 DRAWERS,51,687.70,30,30,14.95,2011-10-17,2011-12-08
90161D,ANT COPPER PINK BOUDICCA BRACELET,138,687.52,75,18,4.98,2009-12-06,2011-12-09
21319,GLASS CHALICE GREEN  SMALL,508,686.66,65,44,1.46,2009-12-07,2011-04-10
20854,BLUE PATCH PURSE PINK HEART,441,686.62,107,66,1.61,2009-12-03,2011-02-20
84917,WHITE HAND TOWEL WITH BUTTERFLY,229,686.03,53,16,3.0,2010-01-07,2011-05-26
84563A,PINK & WHITE BREAKFAST TRAY,139,685.15,62,26,4.93,2009-12-07,2011-05-17
85231E,STRAWBERRY SCENTED SET/9 T-LIGHTS,835,685.03,106,77,0.83,2009-12-01,2010-06-13
22033,BOTANICAL ROSE GREETING CARD,1603,681.93,128,80,0.43,2009-12-03,2011-11-22
85084,HOLLY TOP CHRISTMAS STOCKING,682,681.40,84,53,1.0,2009-12-08,2010-12-21
84931B,BLUE SCOTTIE DOG W FLOWER PATTERN,274,681.08,83,44,2.51,2009-12-14,2011-12-05
21674,RIDGED GLASS PENDANT LAMPSHADE,43,680.85,9,8,15.83,2009-12-07,2010-03-10
85186A,EASTER BUNNY GARLAND OF FLOWERS,1473,680.83,159,76,0.47,2009-12-01,2011-04-14
21386,IVORY HANGING DECORATION  EGG,1148,680.78,105,72,0.59,2010-01-11,2011-12-04
17012F,ORIGAMI SANDLEWOOD INCENSE/CAND SET,586,680.65,107,38,1.16,2010-03-03,2011-12-08
23187,FRENCH STYLE STORAGE JAR BONBONS,2338,678.57,74,66,0.3,2011-03-08,2011-11-03
62094B,TURQ ICE CREAM BUM BAG,305,677.99,67,20,2.22,2010-01-19,2011-02-04
22486,PLASMATRONIC LAMP,104,677.90,40,22,8.23,2010-03-08,2011-12-09
90160C,TURQ+RED BOUDICCA LARGE BRACELET,97,677.00,45,25,6.98,2009-12-22,2011-12-08
20898,VINTAGE NOTEBOOK TRAVELOGUE,327,676.22,53,35,2.12,2009-12-04,2011-10-23
17165D,ASS COL LARGE SAND FROG P'WEIGHT,716,676.02,89,62,0.95,2009-12-01,2011-01-12
21847,GREEN  DIAMANTE PEN IN GIFT BOX,347,675.37,71,20,1.95,2009-12-08,2011-11-16
85096,HILDA CANDY SPOT RABBIT,164,673.17,66,42,4.13,2009-12-04,2011-12-05
37492D,PURPLE GREEN FLOWER PIGGY BANK,361,669.79,26,18,1.89,2009-12-04,2010-05-21
84684,BEACH HUT PHOTO FRAME,609,669.70,40,17,1.18,2009-12-01,2010-06-04
72023F,RED ORGANIC CANDLE IN GLASS,640,669.62,49,34,1.05,2009-12-01,2010-08-08
85205B,PINK FELT EASTER RABBIT GARLAND,241,669.38,61,36,2.78,2010-01-11,2011-04-21
22036,DINOSAUR BIRTHDAY CARD,1649,667.81,135,77,0.42,2009-12-01,2010-10-04
75013B,"STRING OF 8 BUTTERFLIES,PINK",390,666.92,76,48,1.72,2009-12-01,2011-01-16
85203,HANGING WOOD AND FELT BUTTERFLY,1463,665.91,224,94,0.46,2009-12-08,2011-12-05
82613A,"METAL SIGN,CUPCAKE SINGLE HOOK",492,664.97,116,63,1.36,2009-12-02,2011-07-14
21879,HEARTS GIFT TAPE,1567,664.84,152,81,0.42,2009-12-04,2011-12-09
21247,SET OF RED SALAD SERVERS,422,664.73,81,44,1.58,2009-12-01,2010-10-25
21884,CAKES AND BOWS GIFT  TAPE,1448,663.61,161,61,0.46,2009-12-02,2011-12-04
22034,ROBIN CHRISTMAS CARD,1617,663.41,94,71,0.42,2009-12-01,2011-11-25
23024,LARGE BONNE JAM JAR  T-LIGHT HOLDER,255,662.87,11,8,2.62,2011-06-22,2011-11-14
46776E,WOVEN CANDY CUSHION COVER,205,662.10,77,9,3.23,2010-01-04,2011-12-09
21750,LARGE SKULL WINDMILL,309,661.75,62,43,2.15,2009-12-14,2011-11-08
23547,WRAP FLOWER SHOP,1575,661.50,62,57,0.42,2011-07-20,2011-12-06
23597,PAPER BUNTING PAISLEY PARK,249,661.37,31,28,2.73,2011-11-10,2011-12-08
72131,COLUMBIAN CANDLE RECTANGLE,748,661.08,56,42,0.93,2009-12-10,2011-11-25
23482,PEARLISED IVORY HEART LARGE,418,661.02,39,32,1.58,2011-10-14,2011-12-06
84824,DANISH ROSE UMBRELLA STAND,38,660.50,32,23,17.8,2009-12-14,2011-11-20
23428,IVORY RETRO KITCHEN WALL CLOCK,77,659.61,33,25,8.78,2011-11-17,2011-12-09
17109C,FLOWER FAIRY INCENSE ROSE,3124,659.54,15,13,0.21,2009-12-02,2010-03-03
16169K,WRAP FOLK ART,2075,658.75,60,56,0.32,2009-12-04,2011-09-28
17012D,ORIGAMI ROSE INCENSE/CANDLE SET,520,658.72,116,41,1.27,2010-03-12,2011-12-08
21298,EDWARDIAN 2 DRAWER WALL CABINET,52,656.10,14,14,14.53,2009-12-14,2010-03-16
20856,DENIM PATCH PURSE PINK BUTTERFLY,408,655.94,122,70,1.65,2009-12-06,2011-08-09
21441,BLUE BIRDHOUSE DECORATION,928,655.46,133,67,0.71,2009-12-13,2011-12-08
22056,CERAMIC PLATE LOVE HEART DESIGN,607,655.38,34,23,1.08,2009-12-08,2010-07-27
21263,GREEN GOOSE FEATHER TREE 60CM,299,654.39,56,39,2.2,2010-09-13,2011-12-06
85168B,BLACK BAROQUE CARRIAGE CLOCK,72,652.17,52,17,9.06,2009-12-02,2011-12-09
23120,PACK OF 6 SMALL FRUIT STRAWS,1685,652.15,100,69,0.4,2011-06-17,2011-12-08
90184C,BLACK CHUNKY BEAD BRACELET W STRAP,72,651.89,49,21,9.05,2009-12-06,2011-12-09
90082D,DIAMANTE BOW BROOCH BLACK COLOUR,103,651.65,51,28,6.45,2009-12-01,2011-11-27
37474,SET/4 2 TONE EGG SHAPE MIXING BOWLS,63,651.05,44,33,10.33,2009-12-02,2010-12-06
21265,PINK GOOSE FEATHER TREE 60CM,321,650.59,34,26,2.2,2009-12-04,2011-12-07
71403,"PINK/WHITE ""KEEP CLEAN"" BULLET BIN",176,650.15,69,20,3.73,2009-12-04,2011-11-16
20714,POSY SHOPPER BAG,1580,649.82,28,10,0.41,2009-12-01,2010-01-12
84993A,75 GREEN PETIT FOUR CASES,1471,648.61,177,88,0.44,2009-12-03,2011-12-09
20618,QUEEN OF THE SKIES PASSPORT COVER,297,648.54,137,50,2.18,2009-12-01,2011-12-06
21307,SET/4 BUTTERFLY MIRROR MAGNETS,749,647.97,72,41,0.87,2009-12-01,2011-07-13
21003,ROSE DU SUD CUSHION COVER,109,647.75,64,10,5.94,2010-03-02,2011-12-08
21134,VICTORIAN METAL POSTCARD CHRISTMAS,377,646.44,46,40,1.71,2009-12-01,2010-11-16
84916,HAND TOWEL PALE BLUE W FLOWERS,261,646.43,58,28,2.48,2009-12-04,2011-05-04
46776D,WOVEN SUNSET CUSHION COVER,153,646.14,76,7,4.3,2009-12-04,2011-12-09
17164B,ASS COL SMALL SAND GECKO P'WEIGHT,1620,645.72,81,64,0.4,2009-12-01,2011-01-26
23042,PAPER LANTERN 7 POINT SNOW STAR,103,645.01,28,25,6.91,2011-04-28,2011-12-05
47597,NEW ENGLAND TEATOWELS,322,644.88,124,34,2.0,2009-12-10,2010-08-31
85215,ASSORTED CHEESE FRIDGE MAGNETS,831,643.89,66,33,0.77,2009-12-10,2011-08-10
17181,CIRCLE OF FRIENDS CANDLE HOLDER,353,642.66,65,26,1.82,2009-12-01,2010-08-05
21350,GINGHAM HEART WREATH,225,641.85,42,39,2.88,2009-12-02,2010-11-05
85160B,BLACK BIRD GARDEN DESIGN MUG,6155,641.29,36,28,0.17,2009-12-14,2011-11-13
16169M,WRAP DAISY CARPET,2060,640.95,59,56,0.31,2009-12-03,2011-12-02
85188B,PINK METAL SWINGING BUNNY,748,640.48,74,48,0.88,2010-01-11,2011-03-27
17084N,FAIRY DREAMS INCENSE,2768,640.26,187,42,0.23,2009-12-02,2011-12-09
16047,POP ART PEN CASE & PENS,10612,639.98,31,21,0.1,2009-12-01,2010-10-24
85186C,BUNNY EGG GARLAND,1400,639.71,152,75,0.47,2009-12-01,2011-10-20
84865,NEW BAROQUE BLACK PHOTO ALBUM,77,639.42,48,26,8.3,2009-12-22,2011-07-01
84986B,SET OF 36 SILVER PAPER DOILIES,432,639.06,75,58,1.48,2009-12-01,2010-10-13
35004P,SET OF 3 PINK FLYING DUCKS,120,638.97,43,17,5.32,2009-12-01,2010-12-10
21665,TRIANGULAR RIDGED GLASS POSY HOLDER,879,638.80,75,35,0.73,2009-12-02,2010-05-26
23224,CHERUB HEART DECORATION GOLD,738,637.40,71,44,0.88,2011-06-02,2011-12-09
47592A,CAROUSEL DES CHILD'S OVERALL,331,637.37,101,31,1.93,2009-12-02,2010-09-13
84872a,TEATIME FUNKY FLOWER BACKPACK FOR 2,58,636.47,45,0,10.97,2009-12-01,2011-04-26
85185D,FROG SOCK PUPPET,195,636.11,66,38,3.26,2009-12-01,2011-05-25
21816,CHRISTMAS TREE T-LIGHT HOLDER,422,635.89,50,34,1.51,2009-12-01,2011-11-27
23492,VINTAGE JINGLE BELLS WREATH,76,635.38,28,24,8.36,2011-10-20,2011-12-05
22391,PAPERWEIGHT HOME SWEET HOME,323,635.19,66,45,1.97,2010-03-30,2011-12-08
47594A,CAROUSEL DESIGN WASHBAG,344,633.45,105,65,1.97,2009-12-14,2011-11-24
22054,MINI CAKE STAND HANGING HEARTS,361,631.91,74,45,1.81,2009-12-01,2010-04-22
20819,SILVER TEDDY BEAR,228,631.49,65,39,2.77,2009-12-02,2011-11-30
23216,LAUREL HEART ANTIQUE GOLD,525,630.73,44,32,1.2,2011-06-02,2011-12-08
84964A,PINK PAINTED KASHMIRI TABLE,11,630.00,2,2,57.27,2010-02-22,2010-11-02
84520D,PACK OF 20 FAIRY CAKE PAPER NAPKINS,699,629.27,94,53,0.91,2009-12-02,2010-02-26
23019,SMALL APOTHECARY MEASURING JAR,81,629.05,28,26,7.77,2011-06-21,2011-12-08
85230E,STRAWBRY SCENTED VOTIVE CANDLE,2445,628.41,66,44,0.26,2009-12-08,2011-09-11
23027,DRAWER KNOB VINTAGE GLASS HEXAGON,295,627.95,30,26,2.13,2011-06-22,2011-12-02
21197,MULTICOLOUR  CONFETTI IN TUBE,453,627.16,45,29,1.46,2010-03-03,2011-12-02
16169N,WRAP BLUE RUSSIAN FOLKART,2025,626.25,56,52,0.31,2009-12-01,2010-12-06
23456,MEDIUM PARLOUR PICTURE FRAME,158,625.80,36,33,4.01,2011-10-16,2011-12-04
21004,ROSE DU SUD CHILDS APRON,137,625.07,70,40,4.56,2009-12-01,2010-11-05
82616A,BUBBLE GUM SCARF KNITTING KIT,316,624.21,52,42,1.98,2009-12-02,2010-10-27
71101E,STANDING FAIRY POLE SUPPORT,777,623.58,47,34,0.81,2009-12-13,2011-11-21
85218,S/5 MINI ICE CREAM FRIDGE MAGNETS,1992,620.85,2,2,0.31,2009-12-11,2010-02-15
16156N,"WRAP, FRIENDSHIP ON GREEN",1475,619.50,56,51,0.42,2009-12-01,2010-06-21
21764,VINTAGE WOODEN PLATE RACK,17,619.20,11,11,38.77,2009-12-08,2010-03-12
20696,FLORAL SOFT CAR TOY,151,617.94,60,28,4.09,2009-12-02,2011-11-11
22042,CHRISTMAS CARD SINGING ANGEL,1738,617.11,128,89,0.36,2009-12-01,2011-12-06
23471,SIX DRAWER OFFICE TIDY,65,616.79,27,26,9.49,2011-09-30,2011-12-02
23180,MUM'S KITCHEN CLOCK,122,616.14,49,29,5.09,2011-03-04,2011-12-08
23453,OVAL  MINI PORTRAIT FRAME,316,615.98,47,40,1.95,2011-10-14,2011-12-08
72772,SET/4 SCENTED CANDLES IN RAMEKINS,457,615.84,9,8,1.35,2009-12-13,2010-01-17
23408,PHOTO FRAME LINEN AND LACE SMALL,310,615.68,59,53,2.08,2011-09-07,2011-12-07
84507C,BLUE CIRCLES DESIGN MONKEY DOLL,433,614.24,70,27,1.47,2009-12-01,2011-10-23
84596J,MIXED NUTS LIGHT GREEN BOWL,810,614.24,138,50,0.77,2009-12-09,2011-05-23
22043,CHRISTMAS CARD SCREEN PRINT,2197,614.21,125,86,0.28,2009-12-06,2011-12-02
84859A,SILVER DISCO HANDBAG,293,613.53,58,40,2.09,2009-12-11,2011-12-08
85114c,RED ENCHANTED FOREST PLACEMAT,185,612.64,42,0,3.31,2009-12-01,2011-12-05
22346,PARTY PIZZA DISH GREEN POLKADOT,1300,612.61,103,43,0.47,2009-12-02,2011-12-08
37351,ORANGE FLOWER MUG,5404,612.51,11,7,0.11,2009-12-22,2011-03-20
23018,LARGE APOTHECARY MEASURING JAR,51,612.16,21,19,12.0,2011-06-26,2011-11-16
79315W,FLYING SAUCER TABLE LIGHT IN WHITE,199,611.51,13,6,3.07,2009-12-03,2010-08-09
35972,DAISY FOLKART HEART DECORATION,440,611.38,87,43,1.39,2009-12-04,2011-11-06
84858C,PINK RIVIERA HANDBAG,347,611.07,30,22,1.76,2009-12-18,2011-04-13
22538,MINI JIGSAW GO TO THE FAIR,1443,610.43,86,56,0.42,2010-03-28,2011-12-05
90198A,VINTAGE ROSE BEAD BRACELET RASPBERR,144,609.43,84,21,4.23,2009-12-14,2011-12-09
20655,QUEEN OF SKIES LUGGAGE TAG,414,608.48,189,55,1.47,2009-12-01,2011-12-04
85028L,FRENCH CHATEAU LARGE FRUIT BOWL,271,608.11,27,22,2.41,2009-12-01,2011-04-08
16012,FOOD/DRINK SPONGE STICKERS,2901,608.01,83,67,0.21,2009-12-02,2011-12-05
84051,ASS COLOUR GLOWING TIARAS,746,607.98,60,50,0.81,2009-12-06,2011-12-06
20694,FLORAL PINK MONSTER,166,607.33,54,23,3.75,2009-12-01,2011-11-22
84932C,SMALL ORIENTAL BLUE FOLDING STOOL,282,606.90,34,31,2.18,2009-12-04,2010-06-30
84952B,BLACK LOVE BIRD T-LIGHT HOLDER,364,604.24,44,15,1.69,2009-12-01,2011-12-06
23425,STORAGE TIN HOME SWEET HOME,275,604.01,56,35,2.26,2011-09-04,2011-12-09
21416,CLAM SHELL LARGE,751,603.06,22,15,0.8,2009-12-13,2011-03-22
85169D,PINK LOVE BIRD CANDLE,521,602.73,88,39,1.16,2009-12-14,2011-11-29
84247G,"DECOUPAGE,GREETING CARD,",1414,602.67,107,54,0.43,2009-12-03,2011-07-14
84932A,SMALL GREEN PEONY FOLDING STOOL,262,602.60,24,22,2.3,2009-12-04,2010-06-14
85028S,FRENCH CHATEAU SMALL FRUITBOWL,430,601.92,33,29,1.53,2009-12-01,2011-04-08
82095,HEART BUTTONS JEWELLERY BOX,100,600.91,48,21,6.01,2009-12-09,2011-07-05
23520,EMBROIDERED RIBBON REEL RUBY,167,600.55,32,30,3.6,2011-09-22,2011-12-05
20863,BLUE PATCH PENCIL CASE PINK HEART,293,599.43,50,35,2.05,2009-12-01,2010-08-15
18094C,WHITE AND BLUE CERAMIC OIL BURNER,433,599.41,98,22,1.39,2009-12-02,2011-10-07
85146,JARDIN ETCHED GLASS SMALL BELL JAR,118,599.38,29,23,5.08,2010-03-26,2011-04-07
85017C,ENVELOPE 50 CURIOUS IMAGES,1087,598.71,119,44,0.66,2009-12-01,2011-05-12
90184B,AMETHYST CHUNKY BEAD BRACELET W STR,69,598.63,47,23,9.06,2009-12-01,2011-12-05
17109D,FLOWER FAIRY INCENSE BOUQUET,1257,596.62,38,33,0.48,2009-12-04,2011-04-21
79190B,RETRO PLASTIC POLKA TRAY,1485,596.36,136,57,0.41,2009-12-02,2011-12-09
82011C,BATHROOM SCALES FOOTPRINTS IN SAND,131,595.18,71,36,4.54,2009-12-07,2011-11-23
82605,OLD DOC RUSSEL METAL SIGN,268,595.07,125,65,2.22,2009-12-02,2011-03-18
21440,12 MINI TOADSTOOL PEGS,472,595.06,95,72,1.27,2009-12-01,2010-07-01
22263,FELT EGG COSY LADYBIRD,836,595.04,105,34,0.75,2009-12-06,2011-12-08
84766,SILVER ROCOCO CANDLE STICK,200,594.80,27,24,3.19,2010-01-14,2011-11-03
85117,NIGHTINGALE COATHOOK WHITE,347,594.32,61,29,1.71,2009-12-05,2010-05-04
72122,COFFEE SCENT PILLAR CANDLE,586,593.33,120,80,1.01,2009-12-04,2011-12-08
20849,ZINC HEART LATTICE DOUBLE PLANTER,674,593.03,24,15,0.88,2009-12-07,2010-11-21
22092,BLUE PAISLEY TISSUE BOX,933,592.91,140,105,0.64,2009-12-18,2011-12-08
62096A,PINK/YELLOW FLOWERS HANDBAG,383,592.79,89,47,1.55,2010-01-07,2011-02-24
85092,CANDY SPOT TEA COSY,391,592.57,24,14,1.59,2010-01-11,2011-02-20
85113,POLKA DOT PISTACHIO PAIL,285,591.66,48,36,2.08,2009-12-02,2010-08-19
21304,ARCHED GREY MIRROR,86,591.58,18,16,6.88,2009-12-02,2010-04-13
84963B,BLUE PAINTED KASHMIRI CHAIR,18,591.50,6,5,32.86,2010-05-19,2011-08-04
20689,RETRO SISTERS EXPRESSO CUPS,429,590.70,41,25,1.43,2009-12-07,2010-07-14
21322,GLASS SPHERE CANDLE STAND LARGE,301,590.45,14,12,1.96,2009-12-09,2010-01-11
84563B,BLUE & WHITE BREAKFAST TRAY,128,590.04,59,27,4.61,2009-12-20,2011-06-19
23377,PACK OF 12 DOLLY GIRL TISSUES,1351,589.33,133,69,0.44,2011-09-04,2011-12-09
21256,"FRENCH BOTTLE, BRASSERIE DES ARTIST",326,588.64,65,31,1.81,2009-12-01,2010-02-18
21173,LOO ROLL  METAL SIGN,340,588.16,77,44,1.79,2009-12-01,2010-04-01
21893,POTTING SHED SEED TIN,172,587.80,20,13,3.42,2009-12-01,2010-02-15
20695,FLORAL BLUE MONSTER,142,587.58,61,24,4.26,2009-12-01,2011-11-17
16236,KITTY PENCIL ERASERS,2652,587.41,260,108,0.22,2009-12-02,2011-12-08
21223,SET/4 BADGES WOODLAND ANIMAL,492,587.08,43,33,1.19,2009-12-01,2010-04-08
23499,SET 12 VINTAGE DOILY CHALK,1312,586.23,110,86,0.45,2011-10-20,2011-12-08
84934,ASSTD DESIGN POP ART SLIM PEN,687,585.65,13,12,0.85,2009-12-01,2010-04-09
84925D,LA PALMIERA WALL THERMOMETER,452,584.45,26,24,1.5,2009-12-07,2011-06-23
21016,LIGHT BIRD HOUSE TREE DECORATION,834,581.17,82,58,0.7,2009-12-01,2010-11-26
23537,WALL ART I LOVE LONDON,111,581.13,34,20,5.24,2011-10-03,2011-12-09
23565,EGG CUP MILKMAID HELGA,410,580.06,63,28,1.43,2011-10-16,2011-12-09
84682,CLASSICAL ROSE DISH,295,579.24,49,31,2.02,2009-12-08,2010-09-27
90199C,5 STRAND GLASS NECKLACE CRYSTAL,99,578.94,31,24,5.91,2009-12-01,2011-11-29
84707B,PINK JEWELLED MIRROR TRINKET TRAY,79,578.72,51,22,7.83,2009-12-08,2011-12-08
47469,ASSORTED SHAPES PHOTO CLIP SILVER,1220,578.68,29,21,0.49,2010-01-19,2011-12-08
15056p,EDWARDIAN PARASOL PINK,46,577.84,38,0,12.56,2010-06-24,2011-12-05
21419,CONCH SHELL,1259,577.69,19,12,0.46,2009-12-01,2010-07-14
21167,WHITE SAGE INCENSE,2440,577.02,114,32,0.24,2009-12-10,2011-12-08
21553,CERAMIC BIRDHOUSE FINCH BLUE  LARGE,90,575.32,39,24,6.46,2009-12-01,2010-04-06
23125,6PC WOOD PLATE SET DISPOSABLE,459,574.88,38,15,1.25,2011-06-17,2011-11-29
84932D,SMALL ORIENTAL RED FOLDING STOOL,239,574.71,21,16,2.4,2009-12-04,2010-04-20
37444C,PINK BREAKFAST CUP AND SAUCER,1654,573.88,54,14,0.41,2009-12-01,2011-03-28
84924A,WAKE UP COCKEREL CALENDAR SIGN,133,571.00,62,41,4.29,2009-12-04,2011-12-02
17013D,ORIGAMI ROSE INCENSE IN TUBE,1068,570.83,31,17,0.54,2009-12-09,2011-06-07
85019C,CURIOUS  IMAGES NOTEBOOK SET,423,570.19,25,18,1.54,2009-12-04,2011-06-09
23455,SMALL PARLOUR PICTURE FRAME,207,569.43,35,32,2.75,2011-10-16,2011-12-08
90010B,BLACK/WHITE GLASS/SILVER BRACELET,63,569.07,34,16,9.17,2009-12-02,2011-04-10
85086A,CANDY SPOT HEART DECORATION,587,568.73,152,44,0.97,2009-12-01,2011-08-12
84569C,PACK 4 FLOWER/BUTTERFLY PATCHES,415,568.68,89,45,1.41,2009-12-02,2011-03-25
23219,LAUREL STAR ANTIQUE SILVER,430,568.60,61,41,1.32,2011-06-02,2011-12-08
84806B,WHITE CANDYSTUFT ARTIFICIAL FLOWER,450,568.02,32,28,1.26,2010-03-14,2011-12-06
84846A,SCENTED CANDLE IN DIGITALIS TIN,251,567.55,54,39,2.26,2009-12-04,2011-10-10
16169C,WRAP BLUE REINDEER,1350,567.00,43,42,0.42,2009-12-01,2010-11-04
47421,ASSORTED COLOUR LIZARD SUCTION HOOK,1463,565.98,74,23,0.39,2010-02-04,2011-12-08
47583A,SET OF 3 WICKER BASKET ROSE,71,562.92,6,5,8.63,2010-01-11,2010-02-17
23381,PACK OF 12 VINTAGE LEAF TISSUES,1496,562.88,80,59,0.38,2011-09-05,2011-12-09
23272,TREE T-LIGHT HOLDER WILLIE WINKIE,364,562.22,44,34,1.54,2011-06-22,2011-12-09
37345,ASSTD HEARTS DESIGN MUGS,321,561.05,9,5,1.75,2009-12-03,2010-01-07
85230B,CINNAMON SCENTED VOTIVE CANDLE,2120,561.04,68,49,0.26,2009-12-08,2011-12-06
16049,TEATIME GEL PENS ASST,3169,560.48,32,22,0.18,2009-12-04,2011-05-25
85202,HANGING WOOD AND FELT HEART,1208,560.01,208,79,0.47,2009-12-14,2011-11-29
16238,PARTY TIME PENCIL ERASERS,2447,559.54,236,104,0.23,2009-12-01,2011-12-08
84306,S/3 PINK SQUARE PLANTERS ROSES,48,557.48,31,18,11.61,2009-12-03,2011-03-22
20935,ROUND CACTUS CANDLE,300,556.78,46,35,1.91,2009-12-08,2011-11-16
23069,EDWARDIAN PHOTO FRAME,88,556.21,32,27,6.32,2011-04-26,2011-12-04
35922,EASTER BUNNY WREATH,97,556.19,36,20,5.94,2009-12-22,2011-04-08
23451,SQUARE MINI PORTRAIT FRAME,277,556.17,52,38,2.01,2011-10-14,2011-12-09
21371,MIRRORED WALL ART POPPIES,404,556.01,64,33,1.38,2009-12-01,2011-12-08
84569B,PACK 3 FIRE ENGINE/CAR PATCHES,433,555.93,76,54,1.29,2009-12-04,2011-03-22
20838,FRENCH LATTICE CUSHION COVER,446,555.60,63,36,1.27,2010-02-14,2011-12-05
23016,GLASS TWIST BON BON JAR,74,555.30,24,19,7.77,2011-06-16,2011-12-06
21881,CUTE CATS TAPE,1332,554.95,118,49,0.42,2009-12-02,2011-12-08
84773,RED ROSE AND LACE C/COVER,190,554.60,48,34,2.95,2009-12-01,2010-12-05
85129A,"WHITE PEARL BEADED HEART, SMALL",444,554.16,75,51,1.28,2009-12-01,2010-08-29
90120D,WHITE MURANO TWIST BRACELET,134,554.13,40,16,4.14,2009-12-07,2011-02-09
84876D,BLUE HEART COMPACT MIRROR,331,553.02,35,24,1.81,2009-12-16,2011-09-11
84859C,PINK DISCO HANDBAG,304,552.72,39,29,1.82,2009-12-11,2011-12-05
23473,WOODLAND SMALL RED FELT HEART,678,552.02,51,41,0.81,2011-10-20,2011-12-07
85169C,EAU DE NIL LOVE BIRD CANDLE,505,551.82,71,27,1.12,2009-12-08,2011-12-09
84805B,BLUE CLIMBING HYDRANGA ART FLOWER,340,551.40,9,7,1.62,2010-01-07,2011-12-07
23457,LARGE PARLOUR PICTURE FRAME,112,549.88,31,27,4.91,2011-10-16,2011-12-08
85071D,CHARLIE+LOLA MY ROOM DOOR SIGN,884,548.86,112,78,0.62,2009-12-01,2011-12-06
37423,WHITE WITH BLACK CATS PLATE,6168,548.68,70,17,0.14,2009-12-02,2011-03-18
84675,FROG KING WATERING CAN,206,548.11,62,39,2.78,2009-12-03,2011-01-17
23549,WRAP BIRD GARDEN,1305,548.10,52,46,0.42,2011-07-19,2011-12-01
20888,SET 3 JARDIN DE FEMME SCENT CANDLES,367,547.74,19,10,1.49,2009-12-01,2010-03-26
23484,HEART TRELLIS TRIPLE T-LIGHT HOLDER,185,547.35,35,25,2.96,2011-09-30,2011-12-08
20781,GOLD EAR MUFF HEADPHONES,103,546.99,61,34,5.63,2009-12-04,2011-12-07
90143,SILVER BRACELET W PASTEL FLOWER,79,546.63,41,15,7.58,2009-12-14,2011-12-01
20794,BLUE  TILE HOOK,212,545.12,48,27,2.79,2010-01-07,2011-12-06
22044,CHRISTMAS CARD STACK OF PRESENTS,1940,544.82,89,80,0.28,2009-12-01,2011-11-07
21339,MARAKESH LANTERN LARGE,30,544.50,12,12,18.15,2009-12-08,2010-07-14
23043,PAPER LANTERN 9 POINT HOLLY STAR L,81,543.51,23,18,6.71,2011-05-05,2011-12-05
35969,FOLKART CROWN TABLE DECORATIONS,523,542.47,76,36,1.04,2009-12-02,2010-11-18
84596K,JELLY BABIES YELLOW SMALL BOWL,428,542.16,93,48,1.27,2009-12-01,2010-11-16
47021G,SET/6 BEAD COASTERS GAUZE BAG GOLD,713,541.96,70,28,0.76,2009-12-01,2011-06-23
90195A,PURPLE GEMSTONE BRACELET,70,540.45,44,24,8.36,2009-12-02,2011-12-06
85119,WATERING CAN SINGLE HOOK PISTACHIO,413,540.44,39,36,1.37,2009-12-15,2010-12-07
21373,MIRRORED WALL ART SNOWFLAKES,636,539.89,61,52,0.86,2009-12-04,2011-12-07
20943,SET/6 GINGERBREAD STAR T-LIGHTS,381,538.96,71,46,1.42,2009-12-01,2010-10-22
16048,TEATIME ROUND PENCIL SHARPENER,3461,537.06,105,59,0.16,2009-12-07,2011-12-08
84592,CROCHET ROSE PURSE WITH SUEDE BACK,173,536.40,47,33,3.1,2009-12-06,2011-11-30
84414B,FUSCHIA/GREEN STRIPE WOOLLY BLANKET,78,536.24,9,7,6.87,2009-12-10,2010-03-25
21017,RED BIRD HOUSE TREE DECORATION,659,535.89,87,32,0.81,2009-12-01,2010-11-19
23074,EMBOSSED HEART TRINKET BOX,246,534.79,48,32,2.22,2011-09-11,2011-12-09
23398,HANGING HEART BONHEUR,606,534.50,69,53,0.88,2011-09-04,2011-12-08
20659,ECONOMY LUGGAGE TAG,369,533.51,138,55,1.45,2009-12-01,2011-12-09
85020,ROUND PINK HEART MIRROR,240,533.48,58,36,2.22,2009-12-04,2011-12-05
84984B,RED PEONY CUSHION COVER,322,532.00,16,13,1.68,2010-01-08,2011-11-08
21311,SET/4 BIRD MIRROR MAGNETS,701,531.84,94,62,0.77,2009-12-03,2011-12-04
84661B,BLACK SQUARE TABLE CLOCK,243,530.22,51,21,2.18,2009-12-16,2011-12-08
72267,PREMIUM CHURCH CANDLE,265,530.16,45,38,2.0,2009-12-01,2010-03-28
21943,CAKES AND RABBITS DESIGN FLANNEL,591,529.16,149,37,0.9,2009-12-07,2011-12-08
22394,PAPERWEIGHT KINGS CHOICE,346,528.99,55,43,1.57,2010-04-06,2011-12-09
20653,CHERRY BLOSSOM LUGGAGE TAG,2004,528.77,81,26,0.26,2009-12-02,2011-12-05
23060,HEART BEADED TRELLIS DECORATION,249,528.17,42,34,2.12,2011-04-18,2011-12-07
90175D,TIGRIS EYE CHUNKY CHARM BRACELET,58,527.82,41,11,9.1,2009-12-02,2011-12-09
21160,KEEP OUT GIRLS DOOR HANGER,794,527.23,58,44,0.7,2009-12-01,2010-12-14
90203,SILVER CHARM NECKLACE 70CM,71,526.77,34,18,7.52,2009-12-02,2010-10-25
21418,STARFISH SOAP DISH,194,526.19,66,24,2.75,2009-12-06,2011-12-07
85023B,EAU DE NILE JEWELLED PHOTOFRAME,293,526.05,38,32,2.33,2009-12-03,2011-12-05
71270,PHOTO CLIP LINE,370,525.40,81,29,1.42,2009-12-18,2011-12-09
16169P,WRAP GREEN RUSSIAN FOLKART,1750,523.25,48,46,0.31,2009-12-04,2010-12-19
72728,ROSE SCENT CANDLES IN GLASS,643,523.15,54,44,0.81,2009-12-10,2010-08-04
21403,BLUE EGG  SPOON,2319,523.07,157,80,0.23,2009-12-03,2011-12-08
22861,EASTER TIN CHICKS IN GARDEN,305,522.93,50,36,1.71,2010-12-12,2011-04-21
85226C,BLUE PULL BACK RACING CAR,989,522.31,83,54,0.53,2009-12-01,2010-11-09
90160D,PINK BOUDICCA LARGE BRACELET,76,522.27,25,18,6.96,2009-12-06,2011-11-17
85090,CANDY SPOT APRON,106,522.08,53,26,5.28,2009-12-01,2010-11-24
23336,EGG FRYING PAN PINK,225,519.25,85,46,2.31,2011-06-13,2011-12-09
20868,SILVER FABRIC MIRROR,882,518.07,71,40,0.59,2009-12-06,2011-12-08
84657,GREEN ROSE CUSHION COVER,246,517.48,20,14,2.1,2009-12-18,2010-04-19
72801C,S/4 ROSE PINK DINNER CANDLES,708,516.36,56,40,0.75,2009-12-11,2011-12-08
84683,CLASSICAL ROSE CANDLESTAND,537,515.60,46,18,0.96,2009-12-02,2011-05-03
20823,GOLD WINE GOBLET,253,515.11,19,14,2.11,2009-12-01,2011-06-09
90114,SUMMER DAISIES BAG CHARM,205,514.18,111,19,2.51,2010-02-02,2011-12-08
84931A,PINK SCOTTIE DOG W FLOWER PATTERN,204,513.69,82,42,2.52,2009-12-01,2011-11-30
71143,SILVER BOOK MARK WITH BEADS,349,513.60,99,10,1.47,2009-12-01,2011-07-13
46118,FUNKY MONKEY CUSHION COVER,373,513.58,72,23,1.38,2009-12-03,2011-12-09
85039C,S/4 BLACK MINI ROSE CANDLE IN BOWL,536,513.01,114,27,0.96,2009-12-03,2011-12-08
16168M,FUNKY MONKEY GIFT BAG MEDIUM,1686,512.38,101,42,0.3,2009-12-09,2011-12-08
72807c,SET/3 VANILLA SCENTED CANDLE IN BOX,60,511.98,44,0,8.53,2009-12-01,2011-11-23
23136,IVORY WIRE SWEETHEART LETTER TRAY,135,511.89,49,39,3.79,2011-04-21,2011-12-06
47559b,TEA TIME OVEN GLOVE,154,511.46,44,0,3.32,2010-02-19,2011-12-08
23139,SINGLE WIRE HOOK PINK HEART,414,511.30,27,20,1.28,2011-04-21,2011-12-07
84875B,GREEN SQUARE COMPACT MIRROR,373,511.01,40,16,1.37,2010-04-18,2011-12-06
85129C,BEADED CRYSTAL HEART BLUE SMALL,390,510.23,65,37,1.31,2009-12-02,2011-12-08
84989B,75 BLACK FAIRY CAKE CASES,1009,510.15,57,34,0.51,2009-12-03,2010-08-08
20804,GLASS CHICKEN BUTTER DISH,325,509.71,61,21,1.78,2009-12-01,2010-08-02
23660,HENRIETTA HEN MUG,306,508.26,42,30,1.75,2011-10-13,2011-12-09
21734,SMALL MARAKESH LANTERN ON STICK,97,506.99,29,14,5.46,2009-12-02,2010-04-22
35810B,ENAMEL BLUE RIM COFFEE CONTAINER,325,506.92,68,43,1.59,2009-12-02,2011-11-30
84615,PINK ROUND BUTTERFLY MIRROR,240,506.80,21,13,3.12,2009-12-08,2010-04-12
84842,HELLO SAILOR BATHROOM SET,1505,506.55,35,22,0.49,2009-12-07,2011-11-27
20654,FIRST CLASS LUGGAGE TAG,398,505.41,120,65,1.27,2009-12-01,2011-12-08
84509c,SET OF 4 POLKADOT PLACEMATS,67,505.26,44,0,7.54,2009-12-01,2011-12-05
20753,RETRO PINK SPOT WASHING UP GLOVES,218,504.80,56,30,2.33,2009-12-01,2010-01-25
37352,BIRD IN TREE MUG,4643,504.55,8,6,0.11,2009-12-17,2010-11-01
22541,MINI JIGSAW LEAP FROG,1245,503.92,66,34,0.4,2010-03-28,2011-12-06
85169B,BLACK LOVE BIRD CANDLE,428,502.91,93,31,1.18,2009-12-02,2011-12-08
20845,ZINC HEART LATTICE 2 WALL PLANTER,76,502.27,24,15,6.61,2009-12-02,2011-08-16
21117,BLOND DOLL DOORSTOP,328,502.08,26,23,1.53,2009-12-10,2011-11-23
90014A,SILVER/MOP ORBIT NECKLACE,55,502.01,40,18,9.13,2009-12-07,2011-12-09
84877B,GREEN ROUND COMPACT MIRROR,291,501.93,43,13,1.73,2009-12-01,2011-11-30
84218,BOX/12 CHICK & EGG IN BASKET,261,501.56,96,74,1.93,2010-01-31,2011-03-31
23021,GLASS BONNE JAM JAR,120,500.82,27,24,4.17,2011-06-20,2011-12-06
79337,BLUE FLOCK GLASS CANDLEHOLDER,1194,499.75,21,16,0.42,2010-01-04,2011-07-08
21882,SKULLS TAPE,1052,499.44,119,61,0.47,2009-12-02,2011-11-28
23560,SET OF 6 RIBBONS COUNTRY STYLE,172,499.18,26,20,2.9,2011-11-27,2011-12-08
84804B,BLUE DELPHINIUM ARTIFICIAL FLOWER,355,499.02,19,17,1.41,2010-01-05,2011-12-07
84706D,CHERRY BLOSSOM TABLE CLOCK,219,498.24,16,14,2.28,2009-12-18,2011-05-22
35600D,PINK AND WHITE CHRISTMAS TREE 180CM,141,497.70,13,11,3.53,2009-12-01,2010-09-28
85179A,GREEN BITTY LIGHT CHAIN,217,497.12,70,24,2.36,2009-12-03,2011-12-09
85230A,OPIUM SCENTED VOTIVE CANDLE,1992,497.04,48,31,0.25,2009-12-13,2011-12-02
16219,HOUSE SHAPE PENCIL SHARPENER,3357,496.67,128,58,0.15,2009-12-06,2011-12-08
23117,POPPY FIELDS CHOPPING BOARD,93,496.28,45,39,5.39,2011-09-30,2011-12-06
20864,DENIM PATCH PENCIL CASE BUTTERFLY,252,496.04,29,20,1.98,2009-12-06,2010-10-24
90058B,CRYSTAL STUD EARRINGS ASSORTED COL,1082,495.40,29,27,0.47,2009-12-23,2011-12-06
85142,JARDIN ETCHED GLASS GINGER JAR,57,494.63,34,26,8.82,2009-12-06,2010-07-08
84799,SPRIG LAVENDER ARTIFICIAL FLOWER,678,493.62,31,26,0.78,2010-01-21,2011-04-14
84247L,FAWN AND MUSHROOM GREETING CARD,1137,493.17,110,62,0.44,2009-12-03,2011-04-19
16239,BALLERINA HEART DECORATION.,347,492.17,21,13,1.42,2009-12-02,2010-03-02
85014b,RED RETROSPOT UMBRELLA,39,491.42,35,0,12.6,2009-12-01,2011-12-08
90160B,RED BOUDICCA LARGE BRACELET,71,490.92,29,19,6.91,2009-12-02,2011-11-09
84827,ASS DES PHONE SPONGE CRAFT STICKER,1027,489.79,29,23,0.48,2009-12-08,2011-12-05
23466,TUSCAN VILLA DOVECOTE BIRD FEEDER,55,489.78,27,20,9.06,2011-09-30,2011-12-08
22031,BOTANICAL LAVENDER BIRTHDAY CARD,1125,488.95,142,65,0.44,2009-12-01,2011-12-09
84876B,GREEN HEART COMPACT MIRROR,344,488.31,40,22,1.42,2009-12-10,2011-11-30
35967,FOLK ART METAL STAR T-LIGHT HOLDER,936,488.13,112,50,0.52,2009-12-02,2011-12-08
51020B,STRIPY DESIGN SHOWER CAP,1084,487.54,60,40,0.45,2009-12-04,2011-04-27
84970l,SINGLE HEART ZINC T-LIGHT HOLDER,233,487.14,65,0,2.09,2010-05-26,2011-12-07
21459,YELLOW EASTER EGG HUNT START POST,263,485.45,44,33,1.98,2010-01-28,2011-11-23
20793,BLUE TILED TRAY,281,484.75,22,13,1.85,2009-12-02,2011-09-08
84875D,BLUE SQUARE COMPACT MIRROR,371,483.75,37,17,1.3,2009-12-03,2011-09-23
23218,LAUREL STAR ANTIQUE GOLD,379,483.03,40,27,1.27,2011-07-18,2011-12-08
22407,MONEY BOX FIRST ADE DESIGN,438,482.96,75,55,1.19,2010-03-26,2011-12-07
84798B,PURPLE FOXGLOVE ARTIIFCIAL FLOWER,326,482.70,10,8,1.51,2010-01-07,2011-06-21
23691,WRAP KEEP CALM BIRTHDAY,1175,481.50,38,36,0.41,2011-11-02,2011-12-07
22038,BOTANICAL LAVENDER GIFT WRAP,1150,481.00,45,43,0.42,2009-12-22,2011-12-06
16244A,MAXWELL 2 TONE PINK 60 PAGE PHOTO A,186,479.41,28,6,2.58,2009-12-02,2010-03-15
22259,FELT FARM ANIMAL HEN,590,479.20,72,31,0.82,2010-01-24,2011-04-26
85091,CANDY SPOT BREAD BASKETS,343,479.11,20,14,1.6,2009-12-14,2010-08-17
23422,PANTRY HOOK BALLOON WHISK,213,477.89,47,29,2.24,2011-09-07,2011-12-08
21132,SILVER STANDING GNOME,93,476.61,47,25,5.12,2009-12-14,2011-12-08
72750C,"F.FAIRY S/3 CANDLE/GLASS, ROSE",232,476.40,15,12,2.05,2009-12-01,2010-03-30
23561,SET OF 6 RIBBONS PARTY,170,476.00,16,13,2.8,2011-11-27,2011-12-09
37492C,GREEN BLUE FLOWER PIGGY BANK,242,472.65,24,19,1.97,2009-12-01,2010-05-18
85027L,FRENCH CHATEAU LARGE PLATTER,190,472.20,40,36,2.83,2010-01-17,2011-04-19
40046A,RED DAISY PAPER LAMPSHADE,355,472.07,62,26,1.33,2009-12-02,2011-10-17
84926E,FLOWERS TILE COASTER,1081,471.57,52,40,0.44,2009-12-04,2011-12-06
84901,BLACK FACE LAMB WITH PANTS,123,471.13,74,44,3.83,2009-12-01,2010-10-20
84809A,WHITE CHRYSANTHEMUMS ART FLOWER,276,470.64,21,18,1.72,2010-01-27,2011-06-21
21518,BANK ACCOUNT  GREETING  CARD,1107,469.28,109,58,0.42,2009-12-02,2011-07-12
35471A,SET OF 3 BIRD L.BLUE FEATHER,421,468.06,83,41,1.19,2009-12-01,2010-11-15
72799B,PURPLE PILLAR CANDLE BLACK FLOCK,322,467.71,16,7,1.45,2009-12-01,2010-01-05
35911A,MULTICOLOUR RABBIT EGG WARMER,388,466.69,96,38,1.2,2009-12-02,2011-11-04
90010E,AMBER GLASS/SILVER BRACELET,56,465.85,35,16,8.96,2009-12-01,2011-12-02
85136B,BLUE SHARK HELICOPTER,59,465.82,47,39,8.03,2009-12-03,2010-12-14
23379,PACK OF 12 RED APPLE TISSUES,1220,465.36,76,49,0.38,2011-09-05,2011-12-09
51020A,SUMMER FUN DESIGN SHOWER CAP,1303,462.73,50,37,0.36,2009-12-16,2011-04-27
90120C,GREEN MURANO TWIST BRACELET,109,462.32,58,12,4.24,2009-12-01,2011-12-09
72132,COLUMBIAN CUBE CANDLE,549,462.15,28,22,0.84,2009-12-21,2011-11-27
84972L,GIANT PINK HEART MEMO HOLDER,117,462.15,46,41,3.95,2009-12-09,2010-07-14
85211,S/4 GROOVY CAT MAGNETS,306,460.87,75,43,1.53,2009-12-01,2011-10-13
85030,FRENCH CHATEAU OVAL PLATTER,211,460.80,29,26,2.52,2009-12-15,2011-04-08
85204,HANGING WOOD AND FELT FLOWER,2353,460.78,154,69,0.2,2009-12-14,2011-12-07
21536,DAIRY MAID  SMALL  MILK JUG,221,460.04,61,42,2.15,2009-12-03,2010-07-01
84782C,GREEN 3 TIER GLASS PLATE STAND,74,459.80,18,18,6.89,2009-12-01,2010-09-06
84915,HAND TOWEL PINK FLOWER AND DAISY,234,459.56,37,15,1.96,2010-03-30,2011-12-06
90192,JADE DROP EARRINGS W FILIGREE,94,459.28,53,10,4.99,2009-12-01,2011-12-09
85170B,SET/6 BLACK BIRD T-LIGHT CANDLES,283,459.11,58,19,1.68,2009-12-02,2011-11-29
16207B,PINK HEART RED HANDBAG,265,457.65,46,12,1.73,2009-12-11,2011-08-30
90145,SILVER HOOP EARRINGS WITH FLOWER,75,455.86,45,16,6.08,2009-12-01,2011-12-09
21757,LIGHTHOUSE PRINTED METAL SIGN,80,454.30,42,15,5.68,2009-12-08,2011-02-17
84984A,GREEN PEONY CUSHION COVER,266,452.82,17,12,1.74,2010-01-08,2011-11-08
84948,SILVER HANGING T-LIGHT HOLDER DOME,273,452.61,36,28,1.68,2009-12-01,2010-05-11
72225C,LAVENDER SCENT CAKE CANDLE,1926,452.46,38,25,0.24,2009-12-17,2011-11-29
20621,ECONOMY PASSPORT COVER,207,451.67,33,23,2.18,2009-12-02,2010-09-02
23548,WRAP MAGIC FOREST,1075,451.50,43,42,0.42,2011-07-20,2011-12-08
23509,MINI PLAYING CARDS FUN FAIR,1062,451.46,65,51,0.43,2011-09-22,2011-12-08
90120B,BLUE MURANO TWIST BRACELET,107,451.44,42,17,4.22,2009-12-09,2011-12-09
82081,PINK HEARTS PHOTO ALBUM,174,451.35,23,11,2.59,2009-12-01,2010-02-24
84601A,NEW BAROQUE IVORY CUSHION COVER,260,450.84,15,9,2.46,2009-12-01,2010-07-15
20616,CHERRY BLOSSOM PASSPORT COVER,283,449.26,121,31,1.59,2009-12-01,2011-12-08
35004S,SET OF 3 SILVER FLYING DUCKS,145,448.88,24,12,3.49,2009-12-01,2010-05-10
16218,CARTOON  PENCIL SHARPENERS,4629,448.13,98,60,0.1,2009-12-08,2011-12-09
17164D,ASS COL SMALL SAND FROG P'WEIGHT,1150,447.00,28,26,0.39,2009-12-01,2010-03-19
21663,VINTAGE GLASS SUGAR CADDY,76,446.51,32,21,6.42,2009-12-02,2010-04-13
72801D,S/4 SKY BLUE DINNER CANDLES,553,446.17,61,33,0.81,2009-12-04,2011-12-08
84597C,RETRO PINK BALL ASHTRAY,364,445.98,44,21,1.24,2009-12-02,2011-06-02
72127,COLUMBIAN CANDLE ROUND,366,444.69,65,49,1.22,2009-12-01,2011-11-23
84857C,PINK MONTE CARLO HANDBAG,197,443.08,17,13,2.26,2010-06-16,2011-07-05
72128,COLUMBIAN CANDLE ROUND,714,442.24,88,61,0.62,2009-12-07,2011-12-08
62096B,PURPLE/TURQ FLOWERS HANDBAG,257,441.99,82,42,1.72,2009-12-07,2011-03-07
90198B,VINTAGE ROSE BEAD BRACELET BLACK,104,441.90,49,22,4.25,2009-12-07,2011-12-04
16243B,BROWN COZY SQUARE PHOTO ALBUM,212,441.77,8,1,2.08,2009-12-02,2010-03-11
90154,LAZER CUT NECKLACE W PASTEL BEADS,59,439.65,7,6,7.45,2010-06-07,2011-11-18
84508B,STRIPES DESIGN TEDDY,169,438.46,74,40,2.68,2009-12-04,2011-11-27
79030A,"TUMBLER, ENGLISH ROSE",171,438.25,33,18,2.56,2009-12-01,2010-07-29
47422,ASSORTED MONKEY SUCTION CUP HOOK,1177,437.76,66,28,0.39,2010-02-07,2011-12-01
23023,RIDGED BONNE JAM JAR T-LIGHT HOLDER,274,434.52,25,23,1.6,2011-06-20,2011-12-05
79071B,ENGLISH ROSE METAL WASTE BIN,142,433.70,66,51,3.05,2010-02-01,2011-06-13
21027,NINJA RABBIT PINK,355,433.61,77,39,1.22,2009-12-04,2011-11-21
84859B,BLUE DISCO HANDBAG,282,433.46,18,14,1.54,2010-02-03,2011-12-08
37464,ROBOT MUG IN DISPLAY BOX,316,431.18,82,45,1.36,2009-12-01,2010-12-17
84858B,BLUE RIVIERA HANDBAG,326,431.00,9,8,1.32,2010-04-28,2010-06-02
23058,CHRISTMAS HANGING SNOWFLAKE,490,430.86,48,39,0.88,2011-09-14,2011-12-07
84510F,SET OF 4 NEW ENGLAND COASTERS,1099,430.25,38,23,0.39,2009-12-02,2010-10-07
16045,POPART WOODEN PENCILS ASST,9312,429.44,74,65,0.05,2010-01-07,2011-12-05
90013B,BLACK VINTAGE EARRINGS,104,428.92,79,5,4.12,2009-12-02,2011-11-30
16161M,WRAP  PINK FLOCK,1050,428.50,39,36,0.42,2009-12-03,2010-12-02
84966B,BLUE KASHMIRI BOXED MIRROR,33,428.00,4,3,12.97,2010-01-19,2010-11-02
84801A,PINK HYDRANGEA ART FLOWER,272,427.44,15,14,1.57,2010-01-05,2011-11-23
90195B,BLACK GEMSTONE BRACELET,52,424.89,26,19,8.86,2009-12-01,2011-11-09
72789,BASKET/8 SCENTED LOVE TOKEN CANDLES,122,424.03,45,42,3.78,2009-12-10,2010-10-10
21028,NINJA RABBIT BLACK,323,423.90,92,31,1.31,2009-12-05,2011-12-08
16207A,PINK STRAWBERRY HANDBAG,143,423.53,76,17,2.96,2009-12-01,2011-11-06
23044,PAPER LANTERN 9 POINT HOLLY STAR S,101,423.29,25,24,4.19,2011-05-08,2011-12-01
21678,PAISLEY PATTERN  STICKERS,572,423.00,80,39,0.74,2009-12-02,2011-12-09
84762A,WHITE PICNIC BARBECUE BUCKET,59,422.98,29,24,8.77,2009-12-04,2010-07-07
16008,SMALL FOLDING SCISSOR(POINTED EDGE),3141,422.96,85,64,0.13,2010-03-19,2011-12-09
21729,SMALL MARAKESH METAL  LANTERN,124,422.90,30,19,3.41,2009-12-02,2010-01-18
20662,FIRST CLASS HOLIDAY PURSE,728,420.33,49,23,0.65,2009-12-06,2011-10-24
46126A,ELVIS WALLHANGING / CURTAIN,317,419.99,48,23,1.32,2009-12-03,2011-05-18
84967C,GREEN KASHMIRI OCCASIONAL TABLE,9,419.85,4,3,46.65,2010-05-19,2010-10-11
47579,TEA TIME BREAKFAST BASKET,185,418.77,55,37,2.27,2009-12-02,2010-12-05
22032,BOTANICAL LILY GREETING CARD,980,418.12,111,64,0.43,2009-12-03,2011-11-25
20851,ZINC HEART LATTICE TRAY OVAL,335,417.67,28,21,1.28,2009-12-08,2011-04-27
84532B,FAIRY CAKES RECTANGLUAR BOXES,54,417.58,31,21,7.73,2009-12-02,2010-03-31
85014a,BLACK/BLUE POLKADOT UMBRELLA,33,416.12,28,0,12.61,2010-06-24,2011-11-29
35240,ENAMEL BLUE RIM OVAL TRAY SET/2,49,416.01,39,35,8.49,2010-05-27,2010-11-21
90201B,BLACK ENAMEL FLOWER RING,154,415.96,54,14,2.95,2009-12-02,2011-12-09
23045,PAPER LANTERN 5 POINT STAR MOON,118,414.98,25,22,4.22,2011-05-05,2011-12-07
84529C,YELLOW KNITTED KIDS RUCKSACK,78,414.74,37,9,5.32,2009-12-16,2010-06-04
22395,PAPERWEIGHT VINTAGE PAISLEY,234,413.76,53,31,1.77,2010-04-13,2011-12-08
84007,MAGIC GARDEN MOUNT FUJI,157,413.12,39,30,2.63,2009-12-01,2010-11-30
85112,S/3 TEAR DROP CUT GLASS DECORATION,465,412.77,34,20,0.89,2009-12-01,2010-02-07
21336,GOLD WASHBAG,1823,412.29,43,13,0.29,2009-12-04,2011-06-29
85230G,ORANGE VOTIVE CANDLE,1680,411.84,46,32,0.25,2009-12-02,2011-12-02
84884a,ANT WHITE WIRE HEART SPIRAL,49,410.89,35,0,8.39,2010-02-19,2011-12-07
21520,BOOZE & WOMEN GREETING CARD,957,410.79,108,61,0.43,2009-12-01,2011-12-05
21341,KASBAH LANTERN WITH GLASS,72,410.64,29,15,5.7,2009-12-02,2010-10-01
90149,SILVER FLOWR PINK SHELL NECKLACE,62,410.26,9,6,6.62,2010-01-31,2011-12-02
16169F,WRAP BLIZZARD,975,409.50,34,34,0.42,2009-12-01,2010-10-17
84595B,LARGE TRIFLE DESIGN L BLUE BOWL,230,408.90,16,13,1.78,2009-12-15,2010-06-27
21252,SET OF MEADOW  FLOWER STICKERS,168,408.66,22,14,2.43,2009-12-01,2010-01-25
84422,PINK/BLUE DISC/MIRROR STRING,782,408.38,38,19,0.55,2009-12-20,2011-09-16
72780,BLACK SILOUETTE CANDLE PLATE,514,407.98,44,36,0.81,2009-12-06,2011-12-08
84984D,ORIENTAL RED C/COVER,159,404.91,21,14,2.55,2009-12-01,2011-11-08
72801E,S/4 FESTIVE GREEN DINNER CANDLES,769,404.75,24,19,0.53,2009-12-01,2010-09-02
90013A,MIDNIGHT BLUE VINTAGE EARRINGS,115,404.27,77,8,3.78,2009-12-03,2011-12-09
84968e,SET OF 16 VINTAGE BLACK CUTLERY,16,404.13,13,0,25.26,2010-06-08,2011-12-09
23415,HOME SWEET HOME HOOK,328,403.93,47,42,1.26,2011-09-07,2011-12-08
82076,BEECH WOOD PHOTO FRAME,290,403.64,19,5,1.39,2009-12-01,2010-01-27
90206C,CRYSTAL DIAMANTE STAR BROOCH,80,402.61,57,9,5.03,2009-12-01,2011-12-09
84798A,PINK FOXGLOVE ARTIIFCIAL FLOWER,195,401.85,10,9,2.22,2010-01-05,2011-09-28
84510C,SET OF 4 POLKADOT COASTERS,274,401.59,101,49,1.47,2009-12-02,2011-12-05
84932B,SMALL PINK PEONY FOLDING STOOL,189,401.30,17,17,2.12,2009-12-04,2010-04-26
45016,DECORATIVE NET CANOPY LEOPARD,101,401.23,25,8,4.2,2009-12-14,2010-09-09
84984C,ORIENTAL BLUE C/COVER,232,401.16,16,11,1.73,2009-12-09,2010-11-14
23339,EGG FRYING PAN BLUE,173,400.84,76,43,2.32,2011-06-13,2011-12-08
23576,SNACK TRAY RED VINTAGE DOILY,198,400.04,37,28,2.02,2011-11-27,2011-12-08
23429,RED RETRO KITCHEN WALL CLOCK,47,400.01,23,19,8.51,2011-11-21,2011-12-09
72803B,OCEAN SCENT CANDLE JEWELLED DRAWER,92,399.38,36,28,4.43,2009-12-03,2010-11-18
21698,MOCK LOBSTER FRIDGE MAGNET,530,399.01,112,38,0.75,2009-12-08,2011-12-07
16156L,"WRAP, CAROUSEL",950,399.00,36,33,0.42,2010-01-10,2011-12-02
20889,JARDIN DE FEMME SCENTED CANDLE,657,398.04,13,12,0.61,2009-12-02,2010-03-26
84804A,CREAM DELPHINIUM ARTIFICIAL FLOWER,218,396.38,18,15,1.82,2010-01-19,2011-12-06
21025,SPACE FROG,300,396.12,81,30,1.32,2009-12-01,2011-12-06
90120A,PINK MURANO TWIST BRACELET,93,395.68,41,14,4.25,2009-12-07,2011-01-25
84726,LILLIES CANVAS PICTURE,233,394.85,5,4,1.69,2010-03-03,2010-08-20
84873A,FUNKY FLOWER PICNIC BAG FOR 4,32,394.15,16,5,12.32,2010-03-05,2011-06-01
84952A,CLEAR LOVE BIRD T-LIGHT HOLDER,148,392.53,39,13,2.65,2009-12-06,2011-11-14
21736,GOLD SCROLL GLASS T-LIGHT HOLDER,193,392.52,27,22,2.04,2009-12-04,2011-04-14
22869,NUMBER TILE COTTAGE GARDEN 1,167,391.68,57,24,2.36,2010-10-17,2011-11-29
90201D,GREEN ENAMEL FLOWER RING,133,391.37,57,12,2.94,2009-12-18,2011-12-09
90124B,BLUE MURANO TWIST NECKLACE,39,391.18,30,11,10.03,2009-12-08,2011-11-11
84711A,SILVER OVAL SHAPE TRINKET BOX,42,390.95,24,13,9.31,2009-12-13,2011-12-04
84673B,BLUE FLY SWAT,503,390.66,133,65,0.78,2009-12-01,2011-12-05
37444A,YELLOW BREAKFAST CUP AND SAUCER,2709,390.44,43,16,0.21,2009-12-01,2011-07-13
90010A,MIDNIGHT BLUE GLASS/SILVER BRACELET,49,390.15,30,12,9.06,2009-12-03,2011-12-09
84802B,PURPLE ANEMONE ARTIFICIAL FLOWER,411,389.79,17,16,0.95,2009-12-02,2011-03-01
16044,POP-ART FLUORESCENT PENS,6193,389.22,3,2,0.06,2010-01-07,2010-02-18
23337,EGG FRYING PAN MINT,180,388.75,69,49,2.16,2011-06-13,2011-12-08
23150,IVORY SWEETHEART SOAP DISH,148,388.26,49,33,2.64,2011-04-21,2011-12-05
23039,T-LIGHT HOLDER SILVER HEART HANDLE,199,388.01,28,22,2.01,2011-06-19,2011-12-05
84497,BUTTONS AND STRIPES NOTEBOOK,97,387.13,37,29,3.99,2009-12-02,2011-11-15
90180A,BLACK+WHITE NECKLACE W TASSEL,44,386.69,28,18,9.01,2009-12-02,2011-11-29
90158,ST TROPEZ NECKLACE,77,386.32,63,11,5.02,2009-12-01,2011-12-08
85007,SET OF 3 VINTAGE TEA TIME BOXES,143,385.67,21,16,2.79,2009-12-02,2010-03-02
84081,WHITE CERAMIC PARTY SET (5PCS),100,385.05,20,14,3.89,2009-12-02,2010-07-14
20857,BLUE ROSE PATCH PURSE PINK BUTTERFL,249,384.45,73,57,1.65,2009-12-06,2011-02-17
16202B,PASTEL BLUE PHOTO ALBUM,1039,384.08,22,13,0.51,2009-12-02,2011-04-19
16162L,THE KING GIFT BAG,8101,383.23,30,16,0.07,2009-12-09,2011-09-13
23116,VEGETABLE GARDEN CHOPPING BOARD,76,382.44,22,17,5.03,2011-09-30,2011-12-05
90035B,"PEARL & SHELL 42""NECKL. PINK",43,380.89,4,4,8.86,2009-12-02,2010-06-24
90184A,AMBER CHUNKY BEAD BRACELET W STRAP,42,380.82,25,11,9.07,2009-12-06,2011-11-10
79051A,SMOKEY GREY COLOUR D.O.F. GLASS,938,380.34,54,39,0.41,2009-12-02,2011-12-07
85097B,BLUE ROCKING SINGING CANARY,106,378.57,40,25,3.94,2009-12-02,2010-09-06
84292,ROSE PINK METAL FOLDING CHAIR,44,378.03,14,11,8.77,2009-12-03,2010-06-16
84533B,FAIRY CAKES ROUND NESTING BOXES,59,377.93,24,17,6.41,2009-12-01,2010-03-12
20976,12 PENCILS SMALL TUBE POSY,549,376.34,76,51,0.69,2009-12-02,2010-10-04
47562,ENGLISH ROSE IRONING BOARD COVER,104,375.80,41,16,3.75,2009-12-03,2010-03-29
16258A,SWIRLY CIRCULAR RUBBERS IN BAG,1063,375.51,101,58,0.35,2009-12-11,2011-12-08
23459,DOLLY CABINET 2 DRAWERS,33,375.00,19,19,12.5,2011-10-16,2011-12-08
85033G,SET/6 GOLD REINDEER T-LIGHT CANDLES,236,374.10,32,16,1.59,2009-12-01,2010-09-21
84741C,CITRUS GARLAND FELT FLOWERS,185,372.14,51,42,2.01,2009-12-06,2011-04-27
84877D,BLUE ROUND COMPACT MIRROR,160,371.85,43,14,2.32,2009-12-09,2011-09-25
84429A,MEDIUM PINK BUDDHA HEAD,109,371.78,42,22,3.41,2009-12-02,2011-12-08
90208,PAIR OF PINK FLOWER CLUSTER SLIDE,159,371.53,68,9,2.43,2009-12-01,2011-12-09
90201A,PURPLE ENAMEL FLOWER RING,130,371.04,54,16,2.94,2009-12-13,2011-12-09
90134,OLD ROSE COMBO BEAD NECKLACE,126,370.92,96,2,2.94,2009-12-01,2011-12-09
79191B,RETRO PLASTIC POLKA TRAY,479,370.17,70,46,0.83,2009-12-04,2011-12-09
79336,LIGHT PINK FLOCK GLASS CANDLEHOLDER,840,369.78,21,13,0.44,2009-12-02,2011-09-02
90082B,DIAMANTE BOW BROOCH RED COLOUR,58,368.30,25,18,6.35,2009-12-15,2011-12-07
20906,VINTAGE NOTEBOOK BEAUTY GIRL,101,368.24,47,25,3.65,2009-12-02,2011-04-03
22870,NUMBER TILE COTTAGE GARDEN 2,155,367.97,46,16,2.37,2010-10-18,2011-11-29
47503G,ASS FLORAL PRINT TAPE MEASURE,284,367.36,35,21,1.29,2009-12-02,2010-03-12
23575,SNACK TRAY PAISLEY PARK,179,367.35,32,22,2.05,2011-11-27,2011-12-09
35915A,CREAM KNITTED HEN,288,365.76,1,1,1.27,2009-12-18,2009-12-18
47504G,ENGLISH ROSE TAPE MEASURE,266,365.56,57,38,1.38,2009-12-01,2010-05-11
84926D,LA PALMIERA TILE COASTER,773,365.35,47,29,0.47,2009-12-04,2011-12-07
90164B,WHITE  ROSEBUD PEARL BRACELET,67,362.94,35,8,5.42,2009-12-02,2011-12-05
23661,MILK MAIDS MUG,219,360.59,33,23,1.8,2011-10-13,2011-12-09
84760S,SMALL HANGING GLASS+ZINC LANTERN,222,360.21,36,24,1.62,2009-12-09,2011-05-12
85094,CANDY SPOT EGG WARMER RABBIT,760,359.74,108,40,0.47,2009-12-15,2011-12-09
85026B,EAU DE NILE JEWELLED T-LIGHT HOLDER,300,359.05,29,20,1.23,2009-12-01,2011-12-08
21946,PARTY TIME DESIGN FLANNEL,625,358.97,67,25,0.57,2009-12-07,2011-12-08
84402D,PINK DRESS JEWELLERY STAND,373,358.93,13,9,0.96,2009-12-01,2010-03-19
90036E,"FLOWER GLASS GARLD NECKL36""AMETHYST",45,358.87,28,10,7.97,2009-12-08,2011-10-20
23579,SNACK TRAY I LOVE LONDON,169,358.75,35,22,2.12,2011-10-18,2011-12-09
90002D,FLOWER BURST SILVER RING CRYSTAL,104,358.24,34,17,3.52,2009-12-02,2011-05-08
84711B,PINK OVAL SHAPE TRINKET BOX,39,357.71,30,11,9.17,2009-12-02,2011-12-07
84680,CLASSICAL ROSE URN,94,356.40,17,14,3.96,2009-12-03,2010-09-05
35912B,WHITE/PINK CHICK DECORATION,288,355.58,30,22,1.23,2010-01-07,2011-10-30
72487,ROSES WHITE ROUND CANDLE,827,355.05,14,13,0.43,2009-12-01,2009-12-14
20865,PATCHWORK PENCIL CASE BUTTERFLY,251,355.02,33,24,1.99,2009-12-01,2010-09-20
90019A,SILVER M.O.P ORBIT BRACELET,68,354.59,51,16,5.21,2009-12-02,2011-12-05
16216,LETTER SHAPE PENCIL SHARPENER,4158,354.04,88,69,0.09,2009-12-04,2011-12-07
35968,FOLK ART METAL HEART T-LIGHT HOLDER,761,353.84,75,49,0.48,2009-12-02,2011-11-01
90082A,DIAMANTE BOW BROOCH GREEN COLOUR,55,353.71,32,16,6.43,2009-12-02,2011-12-08
20950,SET/6  ANGEL T-LIGHTS WHITE/GOLD,687,353.39,83,57,0.51,2009-12-02,2010-11-28
78033,FLAG OF ST GEORGE CHAIR,76,352.75,16,13,4.88,2010-01-27,2011-10-06
84898F,YELLOW FLOWERS FELT HANDBAG KIT,165,352.75,52,37,2.14,2009-12-01,2011-03-24
46000R,POLYESTER FILLER PAD 45x30cm,243,352.35,61,42,1.45,2010-01-26,2011-12-07
84800M,MEDIUM WHITE/PINK ROSE ART FLOWER,250,352.15,27,25,1.43,2010-01-28,2011-08-28
84809B,PINK CHRYSANTHEMUMS ART FLOWER,296,351.60,8,7,1.19,2010-01-27,2011-02-25
23420,PANTRY HOOK TEA STRAINER,164,351.37,32,26,2.14,2011-09-15,2011-12-04
90161A,ANT COPPER RED BOUDICCA BRACELET,70,349.96,43,14,5.0,2009-12-06,2011-12-08
90013C,GREEN VINTAGE EARRINGS,88,349.80,56,10,4.02,2009-12-01,2011-12-09
21038,SET/4 MODERN VINTAGE COTTON NAPKINS,166,349.58,52,39,2.14,2009-12-16,2011-05-04
79190A,RETRO PLASTIC 70'S TRAY,790,349.58,119,42,0.46,2009-12-03,2011-12-09
23421,PANTRY HOOK SPATULA,160,349.20,33,24,2.18,2011-09-08,2011-12-04
82011B,BATHROOM SCALES RUBBER DUCKS,93,348.80,48,23,3.75,2009-12-02,2011-11-23
84535A,ENGLISH ROSE NOTEBOOK A6 SIZE,607,346.93,64,44,0.57,2009-12-01,2011-05-08
84801B,WHITE HYDRANGEA ART FLOWER,214,345.00,18,14,1.61,2009-12-17,2011-04-06
20666,ECONOMY HOLIDAY PURSE,911,344.45,46,22,0.45,2009-12-08,2011-07-20
85109,PINK BOUDOIR T-LIGHT HOLDER,4211,344.39,20,17,0.11,2009-12-11,2010-12-19
35004c,SET OF 3 COLOURED  FLYING DUCKS,27,343.72,25,0,12.73,2009-12-01,2010-11-12
90191,SILVER LARIAT 40CM,40,342.60,21,13,8.57,2009-12-17,2011-12-09
22039,BOTANICAL LILY GIFT WRAP,850,342.50,30,27,0.42,2009-12-22,2011-10-25
35833P,4 PINK FLOCK CHRISTMAS BALLS,185,342.17,64,32,1.85,2009-12-06,2011-11-24
72811,SMALL ZINC/GLASS CANDLEHOLDER,445,340.45,22,18,0.77,2009-12-02,2011-12-08
75149N,STRING CRYSTALS NATURAL,272,340.00,25,18,1.25,2009-12-04,2010-05-04
79303B,BLUE STAR BLOCK TABLE LAMP,109,339.57,10,4,3.12,2009-12-02,2010-08-09
84925A,WAKE UP COCKEREL WALL THERMOMETER,179,339.29,17,14,1.9,2009-12-02,2010-03-28
84249D,FAIRY CAKE GREETINGS CARD,823,337.22,64,48,0.42,2009-12-02,2010-08-23
84576,BLUE CAT BISCUIT BARREL PINK HEART,96,337.04,32,19,3.51,2009-12-06,2011-07-20
84881,BLUE WIRE SPIRAL CANDLE HOLDER,52,336.59,24,21,6.6,2010-01-28,2011-07-17
35914,PINK CHICK EGG WARMER + EGG CUP,243,336.58,56,25,1.39,2009-12-02,2011-10-19
17011F,ORIGAMI SANDLEWOOD INCENSE+FLOWER,385,336.20,20,15,0.87,2009-12-16,2011-05-19
21306,SET/4 DAISY MIRROR MAGNETS,681,335.48,68,48,0.5,2009-12-03,2011-12-05
90014B,GOLD M PEARL  ORBIT NECKLACE,34,333.71,28,13,9.82,2009-12-04,2011-10-26
17109A,FLOWER FAIRY INCENSE LILY,709,333.61,13,12,0.47,2009-12-02,2010-03-26
23047,PAPER LANTERN 5 POINT SEQUIN STAR,58,333.50,25,25,5.75,2011-05-08,2011-11-24
90201C,RED ENAMEL FLOWER RING,119,333.24,46,16,2.95,2009-12-23,2011-12-09
21402,RED  EGG  SPOON,1698,333.00,151,81,0.2,2009-12-03,2011-12-09
90175C,BLUE GLASS CHUNKY CHARM BRACELET,37,332.95,20,15,9.0,2009-12-01,2011-11-17
20688,BEAUTY SPEED EXPRESSO CUPS,464,332.90,11,9,0.72,2009-12-04,2010-03-17
47583B,SET OF 3 WICKER BASKET TEA AND CAKE,27,332.60,6,6,12.32,2009-12-16,2010-02-17
21420,OYSTER TRINKET BOX,120,332.16,31,21,2.77,2010-01-04,2011-12-07
90070,RUBY GLASS CLUSTER BRACELET,63,331.60,35,9,6.11,2009-12-04,2011-11-24
90148,LONG SILVER NECKLACE PASTEL FLOWER,27,331.23,18,15,12.74,2009-12-02,2011-09-26
35637C,PINK STRING CURTAIN WITH POLE,100,331.14,19,14,3.31,2010-01-14,2011-11-27
85024B,EAU DE NILE JEWELLED PHOTOFRAME,218,330.90,20,19,1.52,2010-01-19,2011-12-05
22257,FELT FARM ANIMAL SHEEP,419,330.48,57,23,0.82,2010-01-21,2011-10-30
84870C,GREEN GEISHA GIRL,93,330.36,41,21,3.55,2009-12-14,2011-10-30
90129B,TURQUOISE GLASS TASSLE BAG CHARM,146,329.95,62,17,2.26,2009-12-02,2011-12-07
35921,EASTER BUNNY HANGING GARLAND,183,329.07,49,23,1.81,2010-01-22,2011-07-21
37467,PIG MUG IN TWO COLOUR DESIGNS,273,328.51,64,28,1.2,2009-12-02,2011-10-10
72739B,WHITE CHOCOLATE SCENT CANDLE,394,328.39,28,10,0.83,2009-12-01,2010-01-26
22878,NUMBER TILE COTTAGE GARDEN No,128,328.16,45,13,2.58,2010-10-18,2011-11-16
20847,ZINC HEART LATTICE CHARGER LARGE,80,326.73,27,17,4.18,2009-12-03,2011-11-25
84902,PINK KNITTED COW STUFFED TOY,84,326.33,53,28,3.88,2009-12-01,2010-07-04
84706A,ENGLISH ROSE TABLE CLOCK,137,325.88,7,6,2.38,2009-12-17,2010-02-28
20799,PINK MILKSHAKE GLASS,200,325.87,26,11,1.78,2009-12-01,2010-06-21
21722,SWEET PUDDING STICKER SHEET,347,325.20,79,33,0.94,2009-12-01,2011-12-08
23037,CANDLE HOLDER SILVER MADELINE,196,325.16,20,17,1.66,2011-06-24,2011-12-09
23478,WOODLAND LARGE PINK FELT HEART,285,324.40,13,9,1.14,2011-10-20,2011-12-01
84509E,SET OF 4 CAROUSEL PLACEMATS,161,323.36,32,11,2.01,2010-01-11,2011-12-07
90197B,BLACK GLASS BRACELET W HEART CHARMS,64,322.52,51,2,5.04,2009-12-02,2011-12-06
90178A,AMBER CHUNKY GLASS+BEAD NECKLACE,27,322.41,21,14,11.94,2009-12-01,2011-10-20
85131C,BEADED CRYSTAL HEART BLUE ON STICK,439,320.15,72,20,0.73,2010-01-28,2011-11-14
84870B,BLUE GEISHA GIRL,90,318.86,40,22,3.58,2009-12-07,2011-11-24
84795b,SUNSET CHECK HAMMOCK,19,317.72,17,0,16.72,2010-06-08,2011-11-30
85089,CANDY SPOT BUNNY,99,317.54,29,15,3.21,2009-12-02,2011-11-17
84933C,LARGE BLUE ORIENTAL FOLDING STOOL,136,317.00,6,6,2.33,2009-12-04,2010-01-22
17091B,JASMINE TEA INCENSE IN TIN,276,316.98,51,35,1.15,2009-12-06,2010-09-09
85033S,SET/6 SILVER REINDEER T-LIGHTS,258,316.70,49,34,1.23,2009-12-01,2010-11-08
85167A,WHITE GRAND BAROQUE PHOTO FRAME,176,315.80,14,12,2.25,2009-12-03,2010-03-31
21401,BLUE PUDDING SPOON,1437,315.70,121,72,0.22,2009-12-07,2011-12-08
21309,LOUVRE CHALKBOARD,49,315.65,5,5,6.64,2009-12-08,2010-03-22
85129B,BEADED CRYSTAL HEART GREEN SMALL,233,315.11,56,26,1.35,2009-12-15,2011-12-05
84933A,LARGE GREEN PEONY FOLDING STOOL,131,314.35,6,5,2.4,2009-12-01,2010-02-01
84673A,PINK FLY SWAT,500,314.19,99,57,0.63,2009-12-02,2011-11-24
90160A,PURPLE BOUDICCA LARGE BRACELET,52,313.86,25,18,6.97,2010-01-13,2011-12-06
46000U,POLYESTER FILLER PAD 30CMx30CM,251,313.75,51,39,1.25,2009-12-03,2011-12-04
90000D,COPPER/OLIVE GREEN FLOWER NECKLACE,51,313.75,34,13,6.15,2009-12-01,2011-11-25
35638B,PINK/BLUE STRING CURTAIN,118,313.29,11,7,2.66,2009-12-09,2011-11-20
23695,DOILY THANK YOU CARD,741,313.24,57,41,0.42,2011-11-09,2011-12-08
90018A,SILVER M.O.P ORBIT DROP EARRINGS,75,312.74,56,15,4.23,2009-12-14,2011-12-08
84802A,WHITE ANEMONE ARTIFICIAL FLOWER,185,312.65,24,21,1.69,2009-12-11,2010-12-19
84838,ANT WHITE HIGH RISE BIRD BOX,50,312.50,4,3,6.25,2009-12-18,2010-01-12
90016B,GOLD/M.O.P PENDANT ORBIT NECKLACE,37,312.14,30,14,8.44,2009-12-16,2011-12-09
84522,PINK PARTY SUNGLASSES,186,311.86,26,19,1.68,2009-12-07,2011-11-22
22872,NUMBER TILE COTTAGE GARDEN 4,136,311.30,39,16,2.29,2010-10-18,2011-12-08
62095B,TURQOISE ICE CREAM SUNHAT,292,310.83,21,18,1.06,2010-02-01,2010-11-28
84623,PINK GINGHAM ROSE FLOOR CUSHION,56,310.44,14,8,5.54,2009-12-02,2010-03-03
84933B,LARGE PINK PEONY FOLDING STOOL,136,309.15,6,5,2.27,2009-12-01,2010-01-22
84661A,WHITE SQUARE TABLE CLOCK,222,308.99,43,22,1.39,2009-12-07,2011-12-08
77081,FLOWER WINDMILL,242,307.13,33,17,1.27,2009-12-01,2010-08-31
21196,ROUND WHITE CONFETTI IN TUBE,178,306.89,22,16,1.72,2010-02-08,2011-12-07
84671B,CROCHET BEAR WITH BLUE STRIPES,109,306.77,32,20,2.81,2009-12-01,2010-01-11
47593A,CAROUSEL DESIGN BABY BIB,303,306.67,97,36,1.01,2009-12-07,2011-03-29
23495,SET OF 3 PANTRY WOODEN SPOONS,225,306.66,41,21,1.36,2011-10-30,2011-12-09
90209A,PURPLE ENAMEL+GLASS HAIR COMB,173,306.60,10,7,1.88,2009-12-01,2011-11-04
72130,COLUMBIAN CANDLE ROUND,753,306.35,57,39,0.41,2009-12-13,2011-11-30
16254,TRANSPARENT ACRYLIC TAPE DISPENSER,941,305.66,40,17,0.32,2010-01-11,2011-11-30
84906,PINK B'FLY C/COVER W BOBBLES,66,305.52,21,14,4.66,2009-12-03,2011-06-02
90175B,PINK GLASS CHUNKY CHARM BRACELET,36,304.95,27,6,8.97,2009-12-09,2011-11-09
20800,LARGE GLASS SUNDAE DISH CLEAR,1005,303.96,5,2,0.3,2010-01-11,2010-03-30
84219,BOX/12 MOTHER & CHICK IN BASKET/BOW,137,303.86,28,24,2.22,2010-01-31,2010-03-28
44235,ASS COL CIRCLE MOBILE,816,303.84,22,16,0.37,2010-01-13,2011-12-07
90173,PAIR BUTTERFLY HAIR CLIPS,81,302.89,51,7,3.79,2009-12-09,2011-10-12
90036D,"FLOWER GLASS GARLAND NECKL.36""BLACK",38,302.29,16,11,7.96,2009-12-01,2011-06-13
23430,BLUE RETRO KITCHEN WALL CLOCK,36,301.88,18,16,8.39,2011-11-20,2011-12-09
35645,VINTAGE BEAD PINK JEWEL BOX,61,301.81,34,18,4.95,2009-12-09,2011-10-20
90035C,"PEARL & SHELL 42""NECKL. IVORY",28,301.00,5,5,10.75,2009-12-02,2011-05-13
22889,NUMBER TILE VINTAGE FONT No,196,299.82,39,8,1.67,2010-10-25,2011-12-05
23440,PAINT YOUR OWN EGGS IN CRATE,164,299.36,5,5,1.83,2011-11-24,2011-12-07
90124A,PINK MURANO TWIST NECKLACE,30,299.28,20,16,9.98,2009-12-02,2011-10-30
35981C,WHITE SNOW SCANDINAVIAN STOCKING,589,297.62,67,55,0.51,2009-12-02,2010-10-17
17001,HEAVENS SCENT FRAGRANCE OILS ASSTD,1211,297.61,23,20,0.25,2009-12-04,2011-02-28
17012E,ORIGAMI OPIUM INCENSE/CANDLE SET,263,296.79,29,12,1.13,2009-12-16,2010-12-15
35920,FOUR RABBIT EASTER DECORATIONS,1070,296.34,24,18,0.28,2010-01-27,2011-04-19
47471,RAINBOW PEGS PHOTO CLIP STRING,428,295.72,63,35,0.69,2009-12-01,2011-12-08
DCGSSGIRL,GIRLS PARTY BAG,92,295.63,23,0,3.21,2010-06-21,2011-11-16
90129A,PINK GLASS TASSLE BAG CHARM,151,295.38,73,14,1.96,2009-12-14,2011-10-03
20869,GOLD FABRIC MIRROR,529,295.12,53,30,0.56,2009-12-02,2011-12-08
21697,SET 5 MINI DOUGHNUT FRIDGE MAGNET,372,295.08,7,6,0.79,2009-12-07,2010-02-15
79190D,RETRO PLASTIC DAISY TRAY,641,294.48,112,44,0.46,2009-12-03,2011-12-02
20795,LARGE BLUE PROVENCAL CERAMIC BALL,135,294.00,29,15,2.29,2009-12-09,2011-12-05
84926A,WAKE UP COCKEREL TILE COASTER,664,293.08,51,29,0.44,2010-03-03,2011-12-01
22954,HEN PARTY CORDON BARRIER TAPE,238,292.64,50,28,1.23,2010-11-05,2011-11-24
72801F,S/4 FESTIVE RED DINNER CANDLES,234,292.50,25,20,1.25,2009-12-01,2010-01-28
20670,VIP HOLIDAY PURSE,694,292.45,48,20,0.55,2009-12-08,2011-11-15
37422,WHITE WITH BLACK CATS BOWL,434,292.08,73,14,0.67,2009-12-01,2010-05-26
90030B,RED KUKUI COCONUT SEED NECKLACE,139,292.08,36,17,2.1,2009-12-09,2011-12-09
85147,JARDIN ETCHED GLASS CANDLEHLDR LONG,61,292.05,16,14,4.95,2009-12-01,2010-05-02
21030,SPACE CADET RED,239,290.90,51,37,1.22,2009-12-16,2011-11-21
84529A,PINK KNITTED KIDS RUCKSACK,50,290.78,19,9,5.82,2009-12-16,2010-04-20
20826,SILVER APERITIF GLASS,355,290.72,14,11,0.82,2009-12-01,2011-05-18
23567,EGG CUP HENRIETTA HEN PINK,211,290.33,37,15,1.38,2011-10-14,2011-12-09
21388,IVORY HANGING DECORATION  CHICKEN,311,290.17,29,27,0.93,2009-12-02,2010-03-29
84800S,SMALL WHITE/PINK ROSE ART FLOWER,388,289.54,19,19,0.75,2010-02-19,2011-09-11
84882,GREEN WIRE STANDING CANDLE HOLDER,66,289.43,36,22,4.39,2009-12-03,2011-11-30
22871,NUMBER TILE COTTAGE GARDEN 3,127,289.39,30,11,2.28,2010-10-18,2011-11-16
72812,LARGE ZINC GLASS CANDLEHOLDER,105,288.46,31,14,2.75,2009-12-11,2011-12-08
20987,GEISHA GIRL CHOPSTICKS SET/5,131,288.35,22,11,2.2,2009-12-01,2009-12-22
16212,FUNKY GIRLZ ASST MAGNETIC MEMO PAD,366,287.01,37,29,0.78,2009-12-02,2010-11-12
90098,NECKLACE+BRACELET PINK BUTTERFLY,137,285.98,55,22,2.2,2009-12-18,2011-11-25
90014C,SILVER/BLACK ORBIT NECKLACE,29,284.68,20,13,9.82,2009-12-02,2011-11-27
37413,ICON MUG REVOLUTIONARY,703,284.49,81,52,0.4,2011-02-07,2011-12-05
84770,ROUND GEORGIAN SILVER MIRROR,135,283.55,16,14,3.11,2010-02-28,2010-05-06
82093,HEART SHAPE BUTTON FRAME,139,283.49,28,7,2.04,2009-12-01,2010-01-22
21144,PINK POODLE HANGING DECORATION,543,282.91,60,40,0.53,2009-12-02,2011-01-05
23410,CURIO CABINET LINEN AND LACE,36,281.95,18,16,8.06,2011-09-08,2011-11-25
37444B,BLUE BREAKFAST CUP AND SAUCER,2010,281.68,28,14,0.2,2009-12-01,2011-03-28
85049g,CHOCOLATE BOX RIBBONS,115,281.44,52,0,2.45,2010-11-30,2011-12-09
84977,WIRE FLOWER T-LIGHT HOLDER,223,281.33,44,34,1.26,2009-12-01,2011-03-18
23481,PEARLISED IVORY HEART SMALL,228,281.17,29,23,1.23,2011-10-17,2011-12-06
90163A,PINK ROSEBUD & PEARL NECKLACE,37,280.71,24,5,7.59,2009-12-04,2011-12-09
23015,CORDIAL GLASS JUG,40,280.63,18,15,8.46,2011-06-17,2011-11-24
90185D,CRYSTAL DIAMANTE EXPANDABLE RING,69,280.58,35,14,4.25,2009-12-03,2011-06-02
47578A,ENGLISH ROSE SMALL SCENTED FLOWER,307,279.88,69,42,0.91,2009-12-02,2011-12-08
90115,SUMMER BUTTERFLIES BAG CHARM,108,278.96,60,11,2.58,2009-12-06,2011-06-02
84457,SET/3 RABBITS FLOWER SKIPPPING ROPE,291,278.73,64,37,0.96,2010-01-24,2011-11-09
21367,MIRRORED WALL ART GENTS,211,278.48,60,37,1.32,2009-12-08,2011-12-05
84508C,BLUE CIRCLES DESIGN TEDDY,103,277.27,43,22,2.72,2009-12-04,2011-11-17
84966C,GREEN KASHMIRI BOXED MIRROR,23,276.00,2,1,12.0,2010-09-03,2010-11-02
DCGS0076,SUNJAR LED NIGHT NIGHT LIGHT,17,275.96,14,0,16.23,2009-12-03,2010-12-20
35979,SIX STRING SCANDINAVIAN HEART DECS,94,275.63,27,19,3.31,2009-12-01,2010-04-09
23137,ZINC WIRE SWEETHEART LETTER TRAY,83,275.62,23,18,3.32,2011-04-21,2011-12-07
20663,QUEEN OF THE SKIES HOLIDAY PURSE,1074,275.56,44,13,0.34,2009-12-10,2011-10-17
21412,VINTAGE GOLD TINSEL REEL,275,275.22,67,33,1.01,2009-12-01,2011-01-05
21095,SET/6 POSIES PAPER PLATES,295,274.57,40,24,0.93,2009-12-17,2011-06-16
21193,WHITE HONEYCOMB PAPER FAN,111,274.37,22,14,2.47,2009-12-02,2010-04-07
75178,ASSTD COL BUTTERFLY/CRYSTAL W/CHIME,497,273.93,25,11,0.55,2010-02-18,2011-12-06
90122A,PINK CRYSTAL+GLASS BRACELET,55,273.89,31,14,4.98,2010-01-11,2011-11-15
23141,TRIPLE WIRE HOOK PINK HEART,79,272.91,25,18,3.45,2011-04-19,2011-12-09
84924D,LA PALMIERA METAL SIGN CALENDAR,764,272.61,15,11,0.36,2009-12-04,2010-11-11
35096A,BLUE VICTORIAN FABRIC HEART BOX,765,272.45,50,18,0.36,2009-12-02,2010-03-05
84499,BLACK FLOWER CANDLE PLATE,326,272.17,41,16,0.83,2009-12-16,2011-01-04
22874,NUMBER TILE COTTAGE GARDEN 6,126,272.02,28,15,2.16,2010-10-18,2011-11-09
90032,IVORY SHELL HEART NECKLACE,48,271.88,24,12,5.66,2010-01-21,2011-10-26
16052,TEATIME PUSH DOWN RUBBER,848,271.24,35,18,0.33,2009-12-16,2011-06-09
84192,ASSORTED COLOUR METAL CAT,226,271.10,38,29,1.2,2010-02-08,2011-12-04
20980,36 PENCILS TUBE POSY,233,271.06,58,35,1.21,2009-12-01,2011-08-08
23474,WOODLAND SMALL BLUE FELT HEART,312,270.96,37,26,0.87,2011-10-24,2011-12-08
84926F,PSYCHEDELIC TILE COASTER,484,270.94,42,24,0.57,2009-12-04,2011-12-06
47586A,PINK FAIRY CAKE CUSHION COVER,200,270.43,29,23,1.35,2009-12-14,2011-11-23
22868,NUMBER TILE COTTAGE GARDEN 0,124,270.38,27,13,2.18,2010-10-18,2011-11-21
84927F,PSYCHEDELIC TILE HOOK,335,269.27,62,44,0.82,2009-12-16,2011-12-07
90122C,TURQUOISE CRYSTAL+GLASS BRACELET,54,269.10,30,12,4.98,2009-12-14,2011-12-02
72753D,S/3 FLWR FAIRY SUMMER CANDLES,144,268.80,9,9,2.1,2009-12-06,2010-01-21
84625B,BLCK NEW BAROQUE CANDLESTICK CANDLE,180,268.80,17,15,1.55,2009-12-04,2010-03-24
20818,GOLD TEDDY BEAR,87,268.50,30,20,3.09,2009-12-02,2011-05-04
22875,NUMBER TILE COTTAGE GARDEN 7,123,268.35,30,17,2.18,2010-10-18,2011-12-08
18096C,WHITE ROUND PORCELAIN TLIGHT HOLDER,117,268.10,20,12,2.55,2009-12-01,2010-02-24
22877,NUMBER TILE COTTAGE GARDEN 9,128,267.74,28,18,2.12,2010-10-18,2011-10-04
21321,GLASS CHALICE BLUE  LARGE,122,267.60,18,10,2.47,2009-12-01,2010-04-09
85195,HANGING HEART BASKET,146,267.34,17,14,1.85,2009-12-04,2011-03-16
21372,MIRRORED WALL ART TABLE LAMP,156,267.01,50,28,1.71,2009-12-02,2011-11-28
79303D,LILAC FLOWER BLOCK TABLE LAMP,78,266.55,19,5,3.49,2009-12-01,2010-08-09
47481,50CM METAL STRING WITH  7 CLIPS,326,265.40,44,31,0.81,2009-12-03,2011-11-29
23476,WOODLAND LARGE RED FELT HEART,205,264.72,22,18,1.29,2011-10-20,2011-11-30
90157,RIVIERA NECKLACE,53,263.28,24,14,4.97,2010-01-20,2011-11-28
90129E,PURPLE GLASS TASSLE BAG CHARM,129,263.14,59,10,2.04,2009-12-16,2011-11-24
72793,BLACK BOX MIRROR LANTERN,55,262.80,10,5,4.89,2009-12-13,2010-11-17
22873,NUMBER TILE COTTAGE GARDEN 5,120,262.50,31,17,2.19,2010-10-17,2011-11-25
84806A,PINK CANDYSTUFT ARTIFICIAL FLOWER,319,261.91,20,19,0.82,2010-01-24,2011-12-07
21268,VINTAGE BLUE TINSEL REEL,397,261.66,49,31,0.66,2009-12-06,2010-12-02
90146,FINE SILVER NECKLACE W PASTEL FLOWE,41,261.49,19,12,6.74,2009-12-13,2011-12-08
72799D,BLUE PILLAR CANDLE SILVER FLOCK,78,260.67,18,12,3.34,2009-12-01,2010-09-29
44234,ASSORTED CIRCULAR MOBILE,1213,259.97,56,28,0.21,2009-12-14,2011-12-09
79328,BLUE FLOCK GLASS CANDLEHOLDER,594,259.24,17,6,0.44,2009-12-01,2010-07-26
85095,THREE CANVAS LUGGAGE TAGS,174,259.09,49,9,1.49,2010-08-19,2011-12-05
84613C,BLUE NEW BAROQUE FLOCK CANDLESTICK,62,258.06,12,11,4.16,2010-03-15,2010-12-08
47591A,CAROUSEL DES CHILD'S APRON,163,257.99,70,32,1.65,2009-12-01,2010-08-24
90035A,"PEARL & SHELL 42""NECKL. GREEN",24,257.55,16,7,10.73,2009-12-03,2011-04-13
84520b,PACK 20 ENGLISH ROSE PAPER NAPKINS,110,257.40,10,0,2.34,2010-03-05,2010-09-21
85179C,PINK BITTY LIGHT CHAIN,116,257.15,40,10,2.22,2009-12-03,2011-12-08
84371,BIG PINK POODLE,30,257.10,6,4,8.57,2009-12-02,2010-01-25
90040B,MURANO STYLE GLASS BRACELET BLACK,71,255.97,36,17,3.61,2009-12-03,2011-05-06
84597B,RETRO BROWN BALL ASHTRAY,205,255.62,27,11,1.27,2009-12-09,2011-06-19
84482,BUTTONS DESIGN JEWELLERY BOX,75,255.52,32,22,3.91,2009-12-06,2010-10-03
72801d,4 SKY BLUE DINNER CANDLES,103,254.98,61,0,2.48,2010-01-25,2011-12-08
17038,PORCELAIN BUDAH INCENSE HOLDER,2559,254.51,55,21,0.1,2009-12-14,2011-12-09
85232b,SET/3 RUSSIAN DOLL STACKING TINS,25,254.47,22,0,10.18,2009-12-22,2010-11-09
22882,NUMBER TILE VINTAGE FONT 3,126,253.13,50,18,2.02,2010-10-19,2011-12-05
21493,VINTAGE DESIGN GIFT TAGS,272,252.45,29,22,0.93,2009-12-01,2010-09-30
79338,DARK PINK FLOCK GLASS CANDLEHOLDER,553,252.29,13,8,0.46,2009-12-03,2010-03-02
22876,NUMBER TILE COTTAGE GARDEN 8,118,252.22,23,12,2.14,2010-10-18,2011-09-27
21370,MIRRORED WALL ART FOXY,54,251.97,22,15,4.67,2009-12-06,2011-12-07
DCGSSBOY,BOYS PARTY BAG,77,251.35,21,0,3.26,2010-06-21,2011-12-01
90081C,LILY BROOCH OLIVE COLOUR,50,250.47,36,13,5.01,2009-12-01,2011-12-07
90073,VINTAGE ENAMEL & CRYSTAL EARRINGS,50,250.34,34,7,5.01,2009-12-02,2011-12-07
84627,CANDY STRIPE ROSE C/COVER,50,249.90,19,15,5.95,2009-12-03,2010-09-26
21032,SPACE CADET WHITE,203,248.41,50,28,1.24,2009-12-04,2011-11-30
84030c,KNITTED RAINBOW HOT WATER BOTTLE,32,248.00,13,0,7.75,2009-12-01,2010-03-05
72739C,DARK CHOCOLATE SCENTCANDLE,326,247.83,23,10,0.86,2009-12-02,2010-01-27
23465,TUSCAN VILLA BIRD FEEDER,29,247.63,16,15,8.54,2011-10-04,2011-12-08
84621,BLUE GINGHAM ROSE FLOOR CUSHION,29,247.26,15,9,8.53,2009-12-14,2010-04-23
90036C,"FLOWER GLASS GARLAND NECKL.36""BLUE",31,246.83,15,7,7.96,2009-12-03,2011-12-02
46307,ROSES BLUE BASE CUSHION COVER,51,246.03,33,4,4.82,2009-12-21,2010-07-29
90028,NEW BAROQUE LARGE NECKLACE BLK/WHIT,29,244.79,24,5,8.44,2009-12-03,2011-11-02
47503H,ASS FLORAL PRINT SPIRIT LEVEL,160,244.17,60,45,1.54,2009-12-08,2011-12-07
84993B,75 BLACK PETIT FOUR CASES,551,243.66,86,57,0.44,2009-12-03,2011-08-08
90096,NECKLACE+BRACELET SET BLUE BLOSSOM,104,243.61,49,10,2.34,2010-01-05,2011-11-13
90129C,GREEN GLASS TASSLE BAG CHARM,107,243.38,51,16,2.27,2009-12-02,2011-12-07
90119,METALIC LEAVES BAG CHARMS,97,243.07,42,6,2.51,2010-06-23,2011-12-08
82011A,"BATHROOM SCALES, TROPICAL BEACH",59,242.83,34,19,4.18,2010-02-03,2011-11-13
90081A,LILY BROOCH AMETHYST COLOUR,49,242.80,24,15,4.96,2009-12-07,2011-12-07
23475,WOODLAND SMALL PINK FELT HEART,286,242.18,31,25,0.85,2011-10-27,2011-12-07
35818P,"ACRYLIC JEWEL ICICLE, PINK",559,242.15,25,18,0.43,2010-05-14,2011-12-05
90196B,BLACK GEMSTONE NECKLACE 45CM,19,241.98,14,9,12.74,2009-12-06,2011-11-09
10123C,HEARTS WRAPPING TAPE,650,241.87,63,39,0.39,2009-12-01,2011-03-31
23143,ZINC WIRE KITCHEN ORGANISER,30,239.97,16,12,8.0,2011-05-04,2011-12-09
82553,POP'S GREASY SPOON METAL SIGN,114,237.73,42,14,2.09,2009-12-01,2010-02-18
20940,SET/6 GARDEN GNOME T-LIGHT CANDLES,118,236.55,22,15,2.9,2009-12-01,2009-12-13
90133,TEAL/FUSCHIA COL BEAD NECKLACE,47,236.46,36,7,5.03,2009-12-02,2011-12-02
20891,LARGE GLASS ROSE SCENTED CANDLE,684,236.33,3,1,0.35,2010-01-12,2010-04-19
47587A,PINK FAIRY CAKE COASTER,2706,235.88,26,7,0.41,2009-12-01,2010-05-14
90210D,PURPLE ACRYLIC FACETED BANGLE,142,235.73,23,10,1.66,2009-12-04,2011-11-10
23580,SNACK TRAY HAPPY FOREST,116,234.92,25,20,2.03,2011-11-27,2011-12-07
84796a,PINK HAWAIIAN PICNIC HAMPER FOR 2,28,234.28,20,0,8.37,2010-03-29,2011-08-24
21460,GREEN EASTER EGG HUNT START POST,113,234.05,27,20,2.21,2010-01-29,2011-03-23
84660c,PINK STITCHED WALL CLOCK,31,233.98,28,0,7.55,2010-05-26,2011-08-11
20736,PINK MINI TAPE MEASURE,290,233.50,19,18,0.81,2009-12-02,2010-03-14
84629,WHITE 3 FRAME BIRDS AND TREE,24,232.85,13,12,9.91,2010-02-22,2011-08-16
20855,PINK PATCH PURSE BLUE HEART,142,232.65,47,41,1.65,2009-12-03,2010-09-15
84797b,BLUE SAVANNAH PICNIC HAMPER FOR 4,21,232.62,19,0,11.08,2009-12-01,2010-05-26
23036,T-LIGHT HOLDER SILVER PETIT FOUR,184,232.42,16,14,1.26,2011-06-22,2011-12-06
16256B,FLOWER PENCIL/RUBBER+5 MINI PENCILS,524,232.35,35,17,0.44,2009-12-04,2010-06-10
35991,SET/6 BLACK SNOWFLAKE T-LIGHTS,402,232.08,54,43,0.58,2009-12-01,2010-11-17
90210B,CLEAR ACRYLIC FACETED BANGLE,102,232.04,24,15,2.27,2009-12-10,2011-12-08
23447,PINK BUNNY EASTER EGG BASKET,158,231.90,4,4,1.47,2011-10-10,2011-12-07
90181B,AMETHYST GLASS/SHELL/PEARL NECKLACE,25,231.27,24,0,9.25,2009-12-02,2011-12-09
16202C,BEIGE PHOTO ALBUM,97,230.59,12,10,2.38,2009-12-02,2010-05-06
21226,POCKET MIRROR WOODLAND,213,230.55,37,17,1.08,2009-12-11,2011-11-25
90164A,PINK ROSEBUD PEARL BRACELET,40,230.39,25,7,5.76,2009-12-04,2011-12-02
37483,ENGLISH ROSE MUG IN GIFT BOX,143,230.34,10,10,1.63,2009-12-06,2010-06-08
22880,NUMBER TILE VINTAGE FONT 1,111,230.27,37,10,2.07,2010-10-25,2011-11-15
23446,BLUE BUNNY EASTER EGG BASKET,157,230.25,3,3,1.47,2011-10-10,2011-12-07
90170,DAISY HAIR BAND,150,229.78,73,10,1.66,2009-12-07,2011-12-09
37508,NEW ENGLAND CERAMIC CAKE SERVER,89,229.57,46,35,2.58,2009-12-01,2010-08-24
90196A,PURPLE GEMSTONE NECKLACE 45CM,19,229.50,11,9,12.75,2009-12-06,2011-11-29
90122B,JADE CRYSTAL+GLASS BRACELET,46,228.99,26,14,4.98,2009-12-06,2011-09-02
90199B,5 STRAND GLASS NECKLACE AMETHYST,36,228.61,31,12,6.35,2009-12-01,2011-12-02
35809B,ENAMEL BLUE RIM TEA CONTAINER,104,227.54,33,21,2.19,2009-12-02,2011-04-11
71028B,SILVER BLUE EGG T-LIGHT HOLDER,494,227.48,13,7,0.46,2009-12-01,2010-01-17
84705C,PINK FLOCK PHOTO FRAME,162,227.33,8,5,1.4,2009-12-04,2011-05-03
72750D,F.FAIRY S/3 CANDLE/GLASS,110,226.50,11,11,2.06,2009-12-07,2010-01-28
23003,TRAVEL CARD WALLET VINTAGE ROSE,542,226.20,53,38,0.42,2011-02-16,2011-06-12
90155,RESIN NECKLACE W PASTEL BEADS,30,226.16,21,12,7.54,2009-12-02,2011-12-09
84966A,PINK KASHMIRI BOXED MIRROR,13,225.95,4,3,17.38,2010-01-19,2010-11-02
84461,12 PINK HEN+CHICKS IN BASKET,99,225.74,40,33,2.56,2010-01-31,2011-04-20
90116,FRUIT SALAD BAG CHARM,106,225.52,63,11,2.13,2010-02-02,2011-12-08
21369,MIRRORED WALL ART SPLODGES,133,225.36,22,15,1.69,2009-12-23,2011-12-05
35597B,BLACKCHRISTMAS TREE 30CM,78,224.10,7,6,2.87,2009-12-13,2010-12-06
23149,ANTIQUE IVORY WIRE BOWL SMALL,99,224.06,21,17,2.54,2011-05-03,2011-11-29
90125D,PURPLE BERTIE GLASS BEAD BAG CHARM,136,223.74,36,9,1.65,2009-12-01,2011-07-13
17084P,DRAGONS BLOOD INCENSE,990,222.75,70,23,0.23,2009-12-07,2011-12-08
21639,ASSORTED TUTTI FRUTTI KEYRING,259,221.85,15,12,0.88,2009-12-01,2010-03-09
17011C,ORIGAMI LAVENDER INCENSE+FLOWER,335,221.40,2,1,0.66,2009-12-14,2009-12-16
16258B,DAISY ERASERS IN BAG,1016,221.06,15,13,0.22,2009-12-02,2009-12-22
17013B,ORIGAMI JASMINE INCENSE IN TUBE,256,221.03,3,2,0.86,2009-12-09,2009-12-16
72807b,SET/3 OCEAN SCENT CANDLE JEWEL BOX,26,220.94,19,0,8.5,2009-12-22,2011-04-15
82585,SWEET VALENCIA CANDLE+CUP,164,220.90,47,18,1.44,2009-12-02,2010-05-05
35833G,4 GOLD FLOCK CHRISTMAS BALLS,134,220.66,34,23,1.65,2009-12-06,2010-12-06
62086A,PINK RETRO BIG FLOWER BAG,113,220.35,24,20,1.95,2010-03-01,2011-06-23
90124C,GREEN MURANO TWIST NECKLACE,22,220.21,16,7,10.01,2009-12-16,2011-11-03
72225D,VANILLA SCENT CAKE CANDLE,962,219.46,11,9,0.23,2009-12-17,2010-05-13
85168A,WHITE BAROQUE CARRIAGE CLOCK,22,218.90,15,12,9.95,2009-12-02,2010-06-14
22881,NUMBER TILE VINTAGE FONT 2,112,218.82,36,9,1.95,2010-10-25,2011-12-09
22884,NUMBER TILE VINTAGE FONT 5,110,217.26,39,14,1.98,2010-10-21,2011-11-30
20821,GOLDIE LOOKING MIRROR,42,217.12,25,10,6.82,2009-12-14,2011-11-23
72781,BLACK SILOUETTE CANDLE PLATE,121,216.90,15,11,1.9,2009-12-17,2010-10-11
90005A,JADE GREEN ENAMEL HAIR COMB,106,216.87,57,5,2.05,2009-12-01,2011-04-27
35817P,"ACRYLIC JEWEL SNOWFLAKE,PINK",420,216.70,11,9,0.52,2010-05-14,2011-08-12
84725,FREESTYLE CANVAS ART PICTURE,134,216.50,29,24,1.62,2009-12-03,2011-09-22
35793,S/3 PUPPIES CHRISTMAS DECORATIONS,108,216.33,15,7,2.0,2009-12-01,2009-12-22
84807,RED POPPY ARTIFICIAL FLOWER,233,215.93,7,7,0.93,2010-01-07,2010-05-14
90036A,FLOWER GARLAND NECKLACE RED,27,215.76,20,10,7.99,2009-12-03,2011-08-05
21543,BUTTERFLY WATER TRANSFER TATTOOS,284,215.00,24,13,0.76,2009-12-01,2009-12-21
48179,DOOR MAT SWEET HOME,34,214.47,11,6,6.31,2009-12-01,2009-12-16
90123A,PINK HEART OF GLASS BRACELET,36,214.07,19,14,5.95,2009-12-13,2011-10-10
90019C,SILVER BLACK ORBIT BRACELET,40,213.38,34,7,5.33,2009-12-03,2011-12-08
84805A,CREAM CLIMBING HYDRANGA ART FLOWER,147,212.85,8,7,1.45,2010-03-02,2011-12-06
85039a,SET/4 RED MINI ROSE CANDLE IN BOWL,64,212.45,44,0,3.32,2010-02-19,2011-12-08
84313A,PINK TV TRAY TABLE,38,212.42,19,10,5.59,2009-12-15,2010-10-10
84247C,PACK/12 BLUE REINDEER CARD,72,212.40,22,22,2.95,2009-12-01,2010-11-29
21368,MIRRORED WALL ART LADIES,201,212.04,47,32,1.05,2009-12-08,2011-12-05
37492A,YELLOW RED FLOWER PIGGY BANK,108,211.42,11,7,2.0,2009-12-01,2010-01-08
22883,NUMBER TILE VINTAGE FONT 4,109,211.10,34,9,1.95,2010-10-18,2011-12-05
51012C,"FEATHER DUSTER, COAL BLACK",171,210.00,27,22,1.25,2009-12-01,2010-04-13
16201A,PASTEL PINK PHOTO ALBUM,101,209.47,9,7,2.11,2009-12-02,2010-10-11
20827,GOLD APERITIF GLASS,173,209.36,8,5,1.21,2009-12-01,2011-04-21
22885,NUMBER TILE VINTAGE FONT 6,112,208.31,35,13,1.88,2010-10-20,2011-12-09
47574B,ENGLISH ROSE SCENTED HANGING HEART,49,208.25,27,25,4.25,2010-01-06,2011-05-18
21400,RED PUDDING SPOON,1078,208.03,91,54,0.2,2009-12-07,2011-12-08
90056,CHUNKY CRACKED GLAZE NECKLACE IVORY,19,207.94,14,1,10.94,2009-12-08,2011-12-06
90016A,SILVER/M.O.P PENDANT ORBIT NECKLACE,29,207.86,16,8,7.17,2009-12-18,2011-10-26
37485,ENGLISH ROSE TEA SET IN GIFT BOX,49,207.69,15,10,4.24,2009-12-01,2010-02-22
90210A,GREY ACRYLIC FACETED BANGLE,88,207.34,21,12,2.36,2009-12-04,2011-12-09
90087,CRYSTAL SEA HORSE PHONE CHARM,311,207.06,53,13,0.8,2009-12-01,2011-12-08
47343A,FUSCHIA FLOWER PURSE WITH BEADS,200,206.26,23,21,1.03,2009-12-17,2011-08-07
90214A,"LETTER ""A"" BLING KEY RING",213,206.15,104,27,1.0,2009-12-02,2011-12-08
90058A,CRYSTAL STUD EARRINGS CLEAR DISPLAY,576,205.20,13,12,0.38,2009-12-10,2011-12-06
84927E,FLOWERS TILE HOOK,494,204.75,29,22,0.45,2010-02-02,2011-07-18
20836,FRENCH PAISLEY CUSHION COVER,224,204.64,22,18,1.12,2010-03-02,2011-11-24
17014D,ORIGAMI ROSE INCENSE CONES,479,204.36,8,5,0.43,2010-01-14,2010-08-20
90186A,AMETHYST HOOP EARRING FLORAL LEAF,69,203.73,33,14,2.95,2009-12-03,2011-11-29
90185B,AMETHYST DIAMANTE EXPANDABLE RING,67,203.68,34,12,4.25,2009-12-01,2011-12-09
35824B,"HANGING FLOWERS+MIRROR,BLUE",528,203.24,6,4,0.38,2009-12-10,2010-05-14
20890,SMALL GLASS ROSE SCENTED CANDLE,605,202.62,4,1,0.33,2010-01-21,2010-04-19
48103,DOOR MAT KISS MY.......,35,201.73,10,10,5.76,2009-12-18,2010-07-16
72754A,FLOWER FAIRY POTPOURRI CUSHION LILY,292,201.24,5,4,0.69,2009-12-04,2010-02-24
84247K,"FOLK ART GREETING CARD,pack/12",75,201.03,28,20,3.11,2009-12-02,2011-10-16
20672,PINK TEATIME PRINT BOWL,138,201.00,36,21,1.46,2009-12-02,2010-03-05
84247N,PACK/12 BLUE FOLKART CARDS,113,200.13,53,33,2.63,2010-01-11,2011-11-27
90003D,CRYSTAL PAIR HEART HAIR SLIDES,60,199.92,32,15,3.77,2009-12-01,2011-11-29
90144,SILVER DROP EARRINGS WITH FLOWER,53,199.45,33,11,3.76,2009-12-07,2011-11-28
84706F,RED PEONY TABLE CLOCK,34,199.35,17,15,6.13,2009-12-01,2011-11-27
90085,CRYSTAL STILETTO PHONE CHARM,311,199.03,29,14,0.89,2009-12-01,2011-12-02
90000A,RASPBERRY ANT COPPER FLOWER NECKLAC,33,198.98,21,14,6.03,2009-12-01,2011-11-16
84797a,PINK HAWAIIAN PICNIC HAMPER FOR 4,18,198.84,17,0,11.05,2009-12-01,2010-06-04
84690,S/2 BEACH HUT STOOLS,27,198.75,14,12,7.95,2009-12-02,2010-08-15
84855,BLOKEY SILVER TOOL SET,36,196.70,15,10,5.46,2009-12-01,2010-07-11
90040A,MURANO STYLE GLASS BRACELET RED,53,196.55,34,10,3.91,2009-12-03,2011-03-07
47504F,ENGLISH ROSE TORCH,527,196.46,14,12,0.37,2009-12-01,2010-02-15
90211B,JET BLACK LAS VEGAS NECKLACE 45CM,35,196.31,26,8,5.95,2009-12-02,2011-11-03
90090,PINK CRYSTAL HEART PHONE CHARM,263,196.27,22,12,0.87,2009-12-01,2010-11-25
90024B,NEW BAROQUE B'FLY NECKLACE RED,25,195.24,22,6,8.49,2009-12-01,2011-12-05
85070,ANT WHITE SWEETHEART TABLE W 3 DRAW,3,195.00,3,3,106.67,2010-03-02,2010-07-26
84985B,SET OF 72 BLACK PAPER DOILIES,128,194.96,24,12,1.52,2009-12-01,2010-03-07
23697,A PRETTY THANK YOU CARD,456,194.58,35,26,0.43,2011-11-09,2011-12-08
21582,KINGS CHOICE SMALL TUBE MATCHES,117,193.05,16,15,1.65,2009-12-01,2010-02-21
16202A,PASTEL PINK PHOTO ALBUM,662,192.65,21,16,0.44,2009-12-02,2011-04-17
20814,SILVER FINCH DECORATION,189,192.64,13,7,1.11,2009-12-01,2010-02-24
35819B,"ACRYLIC HANGING JEWEL,BLUE",385,192.30,32,26,0.5,2009-12-14,2011-11-30
84899F,YELLOW PURPLE DAISY FELT PURSE KIT,121,192.17,53,20,1.59,2009-12-01,2010-11-26
90036F,"FLOWER GLASS GARLD NECKL36""TURQUOIS",24,192.17,15,4,8.01,2009-12-18,2011-03-23
90178B,PURPLE CHUNKY GLASS+BEAD NECKLACE,16,191.41,11,9,11.96,2009-12-14,2010-12-17
72051S,BAG OF SILVER STONES,300,190.89,54,18,0.64,2009-12-01,2011-04-13
37506,NEW ENGLAND MILK JUG W GIFT BOX,32,190.40,26,21,5.95,2009-12-02,2010-08-24
84255B,ORANGE COCKTAIL GLASS LAMP,65,190.16,18,11,2.93,2009-12-03,2010-03-09
85128,PLANTPOT SINGLE HOOK PISTACHIO,167,188.95,4,2,1.13,2009-12-04,2010-01-12
84744,S/6 SEW ON CROCHET FLOWERS,149,188.77,31,26,1.27,2009-12-07,2011-11-15
90159,COTE D'AZURE NECKLACE,38,188.58,20,13,4.96,2009-12-06,2011-11-09
90130B,TURQ STONE/CRYSTAL EARRINGS,64,188.09,49,4,2.94,2009-12-04,2011-12-09
20837,FRENCH FLORAL CUSHION COVER,165,188.07,18,17,1.14,2009-12-04,2011-11-20
90094,NECKLACE+BRACELET SET FRUIT SALAD,74,187.62,38,20,2.54,2010-06-27,2011-12-05
79403,FROSTED WHITE BASE,216,187.12,36,19,0.92,2009-12-18,2011-12-02
85114b,IVORY ENCHANTED FOREST PLACEMAT,56,186.76,19,0,3.34,2009-12-01,2011-12-08
90029,NEW BAROQUE SMALL NECKLACE BLACK,23,186.64,12,10,8.48,2009-12-02,2011-08-30
90210C,RED   ACRYLIC FACETED BANGLE,118,186.56,14,9,1.58,2009-12-04,2011-12-08
84893,ANT WHITE IRON BASKET,33,186.35,15,12,5.65,2009-12-06,2010-03-01
84510a,SET OF 4 ENGLISH ROSE COASTERS,75,185.70,58,0,2.48,2010-06-24,2011-06-28
84877A,PINK ROUND COMPACT MIRROR,74,185.66,17,14,2.51,2009-12-17,2011-06-13
85114a,BLACK ENCHANTED FOREST PLACEMAT,56,185.64,17,0,3.32,2009-12-22,2011-06-08
20968,GREEN FLORAL FELTCRAFT SHOULDER BAG,43,185.11,19,14,4.3,2009-12-01,2010-01-12
35911B,PINK/FLOWER RABBIT EGG WARMER,159,184.76,24,12,1.16,2009-12-11,2011-03-22
23416,CHAMBRE HOOK,132,184.68,25,18,1.4,2011-09-12,2011-12-08
35838A,S/6 MULTICOLOUR ORNAMENETAL CANDLE,180,184.40,20,18,1.02,2009-12-07,2010-09-29
84803A,PINK ALLIUM  ARTIFICIAL FLOWER,112,184.21,17,16,1.69,2010-01-07,2011-02-14
84029D,LEOPARD PRINT HOT WATER BOTTLE,51,183.98,15,12,3.61,2009-12-07,2010-02-08
90129F,RED GLASS TASSLE BAG CHARM,81,183.26,41,14,2.26,2009-12-16,2011-12-07
20957,PORCELAIN HANGING BELL SMALL,126,183.16,15,12,1.47,2010-04-11,2010-12-01
90086,CRYSTAL FROG PHONE CHARM,216,182.79,46,12,0.85,2010-03-03,2011-12-09
21018,BIRD BOX CHRISTMAS TREE DECORATION,213,182.71,42,30,0.86,2009-12-01,2010-12-17
17090A,LAVENDER INCENSE 40 CONES IN TIN,173,182.65,26,24,1.06,2009-12-10,2011-11-24
20796,SMALL BLUE PROVENCAL CERAMIC BALL,99,182.16,22,11,1.84,2009-12-09,2011-11-10
84926C,FAIRY CAKES TILE COASTER,138,182.10,31,17,1.37,2009-12-01,2010-08-05
37379B,BLUE CHERRY BLOSSOM CUP & SAUCER,1122,181.50,3,3,0.16,2010-03-04,2010-03-23
79144B,PAINTED LIGHTBULB STAR+ MOON,350,181.03,91,36,0.52,2009-12-04,2011-12-08
22330,72 ROUND PINK DOILIES,128,180.50,22,15,1.55,2009-12-01,2010-02-07
79144C,PAINTED LIGHTBULB RAINBOW DESIGN,306,180.14,97,19,0.59,2009-12-14,2011-12-08
35818B,"ACRYLIC JEWEL ICICLE, BLUE",408,180.05,11,8,0.44,2010-04-13,2011-11-01
47347B,BLUE FLOWER T-LIGHT HOLDER,240,179.88,11,6,0.75,2009-12-07,2010-03-08
90180B,PURPLE AMETHYST NECKLACE W TASSEL,18,179.88,14,10,9.99,2009-12-03,2011-12-06
84962,SET/3 COLOUR PAINTED KASHMIRI STOOL,3,179.85,2,2,59.95,2010-02-22,2010-05-19
84661C,PINK SQUARE TABLE CLOCK,150,179.75,25,12,1.2,2009-12-04,2011-12-06
17011A,ORIGAMI VANILLA INCENSE+FLOWER,261,179.56,12,6,0.69,2009-12-22,2010-08-20
84464,S/60 PINK FLUFFY CHICKS IN BOX,82,179.10,11,10,2.18,2010-01-08,2010-02-19
90063A,WHITE VINT ART DECO CRYSTAL NECKLAC,21,178.48,13,10,8.5,2010-06-17,2011-11-03
90013D,PURPLE VINTAGE EARRINGS,46,178.11,17,7,3.87,2010-01-13,2011-06-29
90185A,AMBER DIAMANTE EXPANDABLE RING,55,178.04,26,8,4.24,2009-12-08,2011-11-16
90072,RUBY DROP CHANDELIER EARRINGS,44,176.31,30,4,4.01,2009-12-02,2011-12-09
82607C,GLASS BONBON JAR. SUPERFINES,115,175.61,43,16,1.53,2009-12-01,2010-03-09
84564,6 SEGMENT COLOURED SNACK BOWL,21,175.48,11,9,8.36,2009-12-08,2010-06-09
21031,SPACE CADET BLACK,144,175.45,39,23,1.23,2009-12-01,2011-11-16
22886,NUMBER TILE VINTAGE FONT 7,98,174.16,29,8,1.78,2010-10-25,2011-12-01
90214S,"LETTER ""S"" BLING KEY RING",184,173.84,86,26,0.99,2009-12-02,2011-12-08
90065A,WHITE VINTAGE CRYSTAL BRACELET,26,173.24,16,7,6.94,2009-12-02,2011-06-26
84452,METAL RABBIT LADDER EASTER,198,172.56,44,23,0.94,2009-12-04,2011-10-20
75011,BLUE DAISY MOBILE,181,172.51,15,11,0.95,2009-12-11,2011-11-28
90123D,WHITE HEART OF GLASS BRACELET,29,172.39,14,7,5.94,2009-12-04,2011-11-28
90000B,MIDNIGHT BLUE COPPER FLOWER NECKLAC,29,171.34,21,9,6.11,2009-12-07,2011-07-25
85185C,COW  SOCK PUPPET,58,171.10,27,24,2.95,2009-12-02,2010-08-01
84706B,FAIRY CAKES TABLE CLOCK,20,170.83,9,8,9.44,2009-12-03,2010-03-12
84706C,PINK FLOCK TABLE CLOCK,84,170.80,4,4,2.03,2009-12-01,2010-01-27
84927D,LA PALMIERA TILE HOOK,953,170.43,28,22,0.22,2010-04-18,2011-07-25
90063B,BLACK VINT ART DEC CRYSTAL NECKLACE,20,170.17,14,8,8.51,2009-12-03,2011-11-03
17014A,ORIGAMI VANILLA INCENSE CONES,276,170.13,16,9,0.62,2009-12-09,2011-06-27
85040a,S/4 PINK FLOWER CANDLES IN BOWL,51,169.75,34,0,3.33,2009-12-01,2011-11-30
47570b,TEA TIME TABLE CLOTH,8,169.40,8,0,21.18,2010-06-24,2011-01-25
84531A,PINK KNITTED EGG COSY,191,169.36,45,35,0.89,2009-12-07,2011-04-18
90019B,GOLD M.O.P ORBIT BRACELET,32,168.62,28,6,5.27,2010-01-20,2011-12-09
85205A,IVORY FELT EASTER RABBIT GARLAND,66,168.30,21,21,2.55,2010-02-02,2010-03-23
90186B,CRYSTAL HOOP EARRING FLORAL LEAF,57,168.26,31,13,2.95,2009-12-10,2011-11-29
21087,SET/6 POSIES PAPER CUPS,260,168.08,32,19,0.65,2010-01-25,2011-04-19
35916C,PINK FELT HANGING HEART W FLOWER,157,167.55,42,9,1.07,2009-12-01,2011-10-18
37491C,GREEN/BLUE CERAMIC CANDLE HOLDER,58,167.52,10,7,2.89,2009-12-11,2011-07-18
90211A,DIAMOND LAS VEGAS NECKLACE 45CM,28,166.57,21,5,5.95,2009-12-14,2011-12-05
84231,EASTER BUNNY WITH BASKET ON BACK,230,166.21,50,28,0.72,2010-01-24,2011-11-04
90060F,FIRE POLISHED GLASS NECKL GREEN,28,166.14,18,7,5.93,2009-12-06,2011-11-25
90003C,MIDNIGHT BLUE PAIR HEART HAIR SLIDE,51,165.29,35,10,3.76,2009-12-01,2011-12-09
23694,PAISLEY PARK CARD,376,165.08,41,23,0.44,2011-11-14,2011-12-08
90166,PINK & WHITE ROSEBUD RING,40,164.69,31,7,4.22,2009-12-08,2011-12-08
90018B,GOLD M.O.P ORBIT DROP EARRINGS,39,164.62,31,10,4.22,2009-12-02,2011-12-09
84531B,BLUE KNITTED EGG COSY,194,164.01,42,35,0.85,2009-12-07,2011-04-18
90039D,FIRE POLISHED GLASS BRACELET GREEN,43,162.66,24,4,3.78,2009-12-01,2011-12-06
90190C,SILVER/AMETHYST DROP EARRINGS LEAF,55,161.82,36,10,2.94,2009-12-08,2011-11-29
85024C,PINK SMALL JEWELLED PHOTOFRAME,99,161.70,42,33,1.65,2009-12-04,2011-11-22
90129D,AMBER GLASS TASSLE BAG CHARM,67,161.57,34,12,2.41,2009-12-16,2011-10-19
21461,BLUE EASTER EGG HUNT START POST,82,161.29,23,17,2.09,2010-01-29,2011-11-23
90042A,FRESHWATER PEARL BRACELET GOLD,63,160.79,33,6,2.55,2009-12-02,2011-04-13
90123C,GREEN HEART OF GLASS BRACELET,27,160.75,12,7,5.95,2009-12-23,2011-08-01
21353,SILVER SLEIGHBELL  WREATH,19,160.45,9,8,8.44,2009-12-01,2009-12-22
22887,NUMBER TILE VINTAGE FONT 8,92,160.36,28,10,1.74,2010-10-18,2011-12-05
84599,CANDY STRIPE ROSE FLOOR CUSHION,15,160.15,6,2,10.68,2010-01-14,2010-04-23
37479P,CUBIC MUG FLOCK PINK ON BROWN,170,160.08,34,17,0.94,2010-06-11,2011-11-08
23305,SET 4 PICNIC CUTLERY BLUEBERRY,82,159.90,9,9,1.95,2011-10-23,2011-12-06
81952V,ROUND PURPLE CLOCK WITH SUCKER,464,159.87,46,27,0.34,2009-12-02,2011-11-27
90162B,ANT SILVER LIME GREEN BOUDICCA RING,55,159.30,20,14,2.95,2010-03-01,2011-11-09
90125A,PINK BERTIE GLASS BEAD BAG CHARM,149,158.77,18,9,1.23,2009-12-01,2011-07-13
22864,MUG AND COASTER SET RED CIRCLES,378,158.76,2,1,0.42,2010-06-02,2010-06-29
48175,DOOR MAT CAMOUFLAGE,39,158.04,2,1,4.05,2009-12-14,2009-12-15
37379A,PINK CHERRY BLOSSOM CUP & SAUCER,41,157.95,16,5,3.88,2009-12-02,2011-01-19
20693,FLORAL DINOSAUR GREEN,33,157.64,18,10,4.91,2009-12-02,2010-03-14
21489,BLUE WHITE SCARF HOT WATER BOTTLE,28,157.60,14,6,5.63,2009-12-01,2010-02-17
23417,BATHROOM HOOK,146,157.50,27,21,1.08,2011-09-07,2011-12-08
16202E,BLACK PHOTO ALBUM,82,157.18,14,12,1.98,2009-12-02,2011-04-17
90214K,"LETTER ""K"" BLING KEY RING",154,157.15,83,23,1.03,2009-12-07,2011-12-08
23468,TUSCAN VILLA BIRD TABLE,19,156.75,11,11,8.25,2011-10-06,2011-11-23
17178,FLAT PALM T-LIGHT HOLDER,133,156.65,24,20,1.18,2009-12-08,2010-09-16
90214L,"LETTER ""L"" BLING KEY RING",176,156.06,68,20,0.94,2009-12-06,2011-12-08
72140E,BEST DAD CANDLE LETTERS,218,155.87,29,26,0.72,2009-12-07,2011-10-16
84914A,PINK ROSE PICNIC RUG,6,155.70,5,2,25.95,2010-05-05,2010-06-09
84228,HEN HOUSE W CHICK STANDING,354,155.65,46,19,0.44,2009-12-07,2011-11-29
20664,TROPICAL HOLIDAY PURSE,57,155.41,31,11,2.73,2009-12-15,2011-08-30
85166A,WHITE METAL BAROQUE PHOTO FRAME,77,155.15,12,8,2.06,2009-12-02,2010-01-21
90204,PAIR OF ENAMEL BUTTERFLY HAIRCLIP,50,155.06,37,9,3.37,2009-12-07,2011-12-01
90214C,"LETTER ""C"" BLING KEY RING",165,155.03,69,21,0.99,2009-12-03,2011-12-08
72351a,SET/6 TURQUOISE BUTTERFLY T-LIGHTS,37,154.89,28,0,4.19,2010-02-19,2011-10-26
90065B,BLACK VINT ART DEC CRYSTAL BRACELET,22,154.87,16,4,7.04,2009-12-13,2011-11-09
90123B,TURQUOISE HEART OF GLASS BRACELET,26,154.69,13,8,5.95,2010-01-11,2011-08-01
84924F,PSYCHEDELIC METAL SIGN CALENDAR,975,154.55,10,8,0.28,2009-12-22,2011-07-29
23496,PANTRY KITCHEN THERMOMETER,112,154.52,31,21,1.38,2011-10-30,2011-12-08
90214J,"LETTER ""J"" BLING KEY RING",157,153.97,88,19,1.03,2009-12-02,2011-12-06
72801c,4 ROSE PINK DINNER CANDLES,62,153.67,36,0,2.48,2010-02-19,2011-12-07
84723,CHERRY BLOSSOM CANVAS ART PICTURE,54,153.60,12,11,3.73,2010-02-05,2011-08-08
47369B,BLUE GREEN EMBROIDERY COSMETIC BAG,54,153.18,29,10,2.84,2009-12-13,2011-12-01
47518F,ICON PLACEMAT POP ART ELVIS,903,153.14,34,22,0.17,2010-01-26,2011-11-29
82587,TEXRIO TOMATOES CANDLE+CUP,128,151.78,40,26,1.3,2009-12-06,2010-05-13
90030C,BROWN KUKUI COCONUT SEED NECKLACE,87,151.30,16,10,1.74,2009-12-09,2011-11-25
84968a,SET OF 16 VINTAGE ROSE CUTLERY,6,150.82,4,0,25.14,2010-07-07,2011-10-31
84989a,75 GREEN FAIRY CAKE CASES,74,150.57,41,0,2.03,2010-06-04,2011-08-24
79161A,ST GEORGE SET OF 10 PARTY LIGHTS,51,150.45,16,16,2.95,2010-03-10,2011-11-22
90042C,FRESHWATER PEARL BRACELET IVORY,59,150.21,26,8,2.55,2010-06-02,2011-01-11
21310,CAPIZ CHANDELIER,6,149.75,4,3,29.95,2010-03-12,2011-05-24
17108D,FLOWER FAIRY SUMMER BOUQUET SACHET,355,149.10,23,17,0.42,2009-12-01,2010-03-28
90040D,MURANO STYLE GLASS BRACELET PINK,41,148.87,25,9,3.63,2009-12-01,2010-09-14
90185C,BLACK DIAMANTE EXPANDABLE RING,64,148.71,32,17,4.25,2009-12-01,2011-10-31
71496A,A4 WALL TIDY BLUE OFFICE,244,148.01,17,8,0.61,2010-03-01,2011-11-02
47351B,BLUE  VOILE LAMPSHADE,98,147.50,14,11,2.75,2009-12-06,2011-11-06
84927A,WAKE UP COCKEREL TILE HOOK,226,147.26,33,22,0.7,2010-02-03,2011-08-24
90059A,DIAMANTE HAIR GRIP PACK/2 CRYSTAL,94,147.08,48,3,1.67,2009-12-02,2011-12-09
84720,DOT MATRIX CANVAS ART PICTURE,35,147.05,3,3,4.2,2010-03-03,2010-03-25
84622,PINK GINGHAM ROSE CUSHION COVER,23,146.65,9,7,6.63,2009-12-01,2010-02-01
84527,FLAMES SUNGLASSES PINK LENSES,77,146.11,22,19,1.9,2010-03-30,2011-11-25
16054,POPART RECT PENCIL SHARPENER ASST,1210,146.04,39,32,0.13,2010-01-07,2011-12-04
46138B,BLUE CHENILLE SHAGGY CUSHION COVER,71,145.24,25,12,2.2,2009-12-07,2011-11-13
35610B,BLACK CHRISTMAS FLOCK DROPLET,179,144.07,13,13,0.8,2009-12-02,2010-12-13
90016C,SILVER/BLACK PENDANT ORBIT NECKLACE,17,144.07,14,4,8.47,2010-01-11,2011-12-08
90036B,"FLOWER GLASS GARLAND NECKL.36""GREEN",18,143.10,10,8,7.95,2010-01-18,2011-08-01
79192A,RETRO PLASTIC 70'S TRAY,114,142.64,35,26,1.34,2009-12-02,2011-02-02
90093,CLEAR CRYSTAL STAR PHONE CHARM,209,142.39,25,15,0.79,2009-12-01,2011-12-06
21102,"CANDLE IN JAR COLLAGE , VANILLA",82,142.03,20,10,2.7,2009-12-02,2010-03-12
84874B,BLUE TRAVEL FIRST AID KIT,86,141.76,36,26,1.65,2009-12-02,2011-08-02
72740A,LARGE STRAWBERRY CHOCOLATE CANDLE,65,141.23,12,5,2.17,2009-12-02,2010-01-05
47590b,PINK HAPPY BIRTHDAY BUNTING,13,140.50,10,0,10.81,2010-11-19,2011-11-13
47369A,PINK GREEN EMBROIDERY COSMETIC BAG,48,140.40,25,10,2.93,2010-03-08,2011-12-01
84617,NEW BAROQUE BLACK BOXES,11,140.25,7,7,12.75,2009-12-07,2011-11-14
90212B,JET BLACK LAS VEGAS BRACELET ROUND,37,140.07,28,7,3.79,2009-12-02,2011-05-06
78026,SEAGRASS S/3 SQU LAUNDRY BOX,12,139.95,2,1,11.66,2010-01-17,2010-09-03
90214M,"LETTER ""M"" BLING KEY RING",138,139.82,64,19,1.01,2009-12-06,2011-12-05
90003B,ROSE COLOUR PAIR HEART HAIR SLIDES,44,139.56,25,9,3.77,2009-12-01,2011-11-29
23463,VINTAGE ZINC WATERING CAN,13,139.40,8,7,10.72,2011-10-16,2011-12-09
90199D,5 STRAND GLASS NECKLACE AMBER,22,139.28,16,9,6.33,2009-12-17,2011-11-29
84510c,SET OF 4 POLKADOT COASTERS,56,138.86,34,0,2.48,2010-06-08,2011-12-05
23304,SET 4 PICNIC CUTLERY CHERRY,71,138.45,9,9,1.95,2011-10-30,2011-12-06
90183A,AMBER DROP EARRINGS W LONG BEADS,53,137.95,31,6,2.94,2010-01-19,2011-12-09
72754B,F FAIRY POTPOURRI CUSHIONS LAVENDER,170,137.54,8,8,0.81,2009-12-01,2010-01-08
35816P,"ACRYLIC JEWEL ANGEL,PINK",297,137.43,9,7,0.46,2010-02-18,2011-08-16
90156,RESIN BRACELET W PASTEL BEADS,25,137.37,14,7,5.49,2010-01-11,2011-09-04
84549,CROCHET WHITE RABBIT KEYRING,75,137.27,16,9,1.83,2009-12-08,2011-11-08
84709A,SILVER OVAL JEWELLED MIRROR,23,136.85,13,11,5.95,2010-05-28,2010-10-26
10120,DOGGY RUBBER,664,136.44,73,52,0.21,2009-12-01,2011-12-04
35824P,"HANGING FLOWERS+MIRROR,PINK",324,136.44,3,2,0.42,2010-03-22,2010-04-23
90040C,MURANO STYLE GLASS BRACELET GOLD,41,136.25,21,10,3.58,2009-12-04,2011-12-04
90151,SILVER/NATURAL SHELL NECKLACE,16,136.17,9,5,8.51,2009-12-08,2011-11-27
90024E,NEW BAROQUE B'FLY NECKLACE MONTANA,16,135.98,11,7,8.5,2009-12-02,2011-03-29
90194,SILVER LARIAT BLACK STONE EARRINGS,32,135.84,21,14,4.25,2009-12-10,2011-10-19
90038A,GLASS AND PAINTED BEADS BRACELET TO,36,135.80,22,4,3.77,2009-12-07,2011-11-24
17011D,ORIGAMI ROSE INCENSE+FLOWER,209,135.70,4,2,0.65,2009-12-15,2010-08-20
77079,DOLPHIN WINDMILL,64,135.68,12,10,2.12,2010-03-03,2011-06-12
85132a,CHARLIE + LOLA BISCUITS TINS,10,135.13,10,0,13.51,2009-12-01,2011-05-10
90002A,FLOWER BURST SILVER RING OPAL,36,135.00,14,14,3.75,2009-12-07,2010-11-04
72134,COLUMBIAN  CUBE CANDLE,339,134.85,29,15,0.4,2009-12-13,2011-12-08
16020C,CLEAR STATIONERY BOX SET,160,134.50,39,22,0.84,2009-12-07,2011-07-05
22879,NUMBER TILE VINTAGE FONT 0,82,134.40,21,7,1.64,2010-10-19,2011-10-04
35015,JACOBS LADDER SMALL,2072,134.08,39,35,0.06,2009-12-02,2010-11-07
84555A,YELLOW VW BEETLE CERAMIC MONEY BOX,47,133.85,16,13,2.85,2010-02-02,2010-06-13
35609A,PINK FEATHER CHRISTMAS DECORATION,447,133.23,24,17,0.3,2009-12-02,2010-12-10
90199A,5 STRAND GLASS NECKLACE BLACK,22,133.15,16,9,6.34,2009-12-16,2011-11-03
46137D,GREEN CHENILLE SHAGGY RUG,45,132.75,4,2,2.95,2010-01-29,2010-03-19
90190B,GOLD/AMBER DROP EARRINGS W LEAF,45,132.58,15,6,2.95,2009-12-03,2011-11-22
90137,PINK COMBO MINI CRYSTALS NECKLACE,26,132.52,15,8,5.1,2009-12-10,2011-07-20
79191D,RETRO PLASTIC DAISY TRAY,138,132.01,56,28,1.04,2009-12-02,2011-12-09
45013,FOLDING SHOE TIDY,48,132.00,8,8,2.75,2010-05-12,2011-10-23
47592B,SCOTTIES DESIGN CHILD'S OVERALL,67,131.90,29,15,1.97,2009-12-03,2010-07-21
90214E,"LETTER ""E"" BLING KEY RING",142,131.78,67,25,0.98,2009-12-07,2011-12-08
90023,FILIGREE DIAMANTE EARRINGS,31,131.74,21,7,4.25,2009-12-01,2011-11-27
90165B,WHITE ROSEBUD  PEARL EARRINGS,52,131.65,35,5,2.53,2009-12-04,2011-12-09
35933,PINK STOCKING CHRISTMAS DECORATION,319,131.38,28,20,0.41,2009-12-01,2011-11-06
35980C,REDWHITE STRIPE SCANDINAVIAN HEART,377,130.92,29,28,0.39,2009-12-14,2010-10-13
84656,WHITE ROSE C/COVER,22,130.90,13,12,5.95,2009-12-01,2010-05-20
22888,NUMBER TILE VINTAGE FONT 9,79,130.83,23,9,1.66,2010-11-04,2011-12-09
16119,FUNKY GIRL ADDRESS BOOK,273,130.71,8,7,0.48,2009-12-10,2009-12-22
84925E,FLOWERS WALL THERMOMETER,75,130.05,3,3,1.73,2009-12-02,2010-01-12
20899,VINTAGE NOTEBOOK RED ROSE,44,129.80,12,12,2.95,2009-12-09,2010-05-16
90099,NECKLACE+BRACELET SET BLUE HIBISCUS,42,129.69,25,16,3.09,2009-12-07,2011-12-06
90190A,SILVER/CRYSTAL DROP EARRINGS W LEAF,44,129.59,31,8,2.95,2009-12-02,2011-11-24
37471,MULTICOLOUR DOTS PLATE,1405,129.45,10,4,0.14,2009-12-22,2011-10-12
10080,GROOVY CACTUS INFLATABLE,315,129.29,27,23,0.41,2009-12-02,2011-11-21
85160a,WHITE BIRD GARDEN DESIGN MUG,8,129.04,3,0,16.13,2010-03-05,2010-12-21
84858A,NATURAL RIVIERA HANDBAG,53,128.83,8,7,2.43,2009-12-04,2010-09-15
90181A,AMBER GLASS/SHELL/PEARL NECKLACE,14,128.64,14,2,9.19,2010-01-26,2011-11-30
84251G,"GREETING CARD, OVERCROWDED POOL.",472,127.56,91,32,0.27,2009-12-01,2011-12-08
84782B,BLACK 3 TIER GLASS PLATE STAND,10,127.50,6,6,12.75,2009-12-15,2010-06-06
90024D,NEW BAROQUE B'FLY NECKLACE PINK,15,127.50,13,11,8.5,2009-12-09,2011-09-29
85018C,S/6 PAPER BOXES CURIOUS IMAGES,36,127.20,4,4,3.53,2009-12-09,2010-11-24
16168S,FUNKY MONKEY GIFT BAG SMALL,1283,126.83,11,4,0.1,2009-12-10,2010-02-05
23303,SET 4 PICNIC CUTLERY FONDANT,65,126.75,6,6,1.95,2011-10-26,2011-12-05
84559D,3D SHEET OF SEA WORLD STICKERS,147,126.71,31,23,0.86,2009-12-01,2010-11-15
84367,LA STREGA CANVAS PICTURE,74,126.30,8,6,1.71,2009-12-09,2010-08-04
81950B,FLOWER BLUE CLOCK W/SUCKER,216,125.89,34,21,0.59,2009-12-03,2011-08-17
16053,POPART COL BALLPOINT PEN ASST,4313,125.73,10,8,0.04,2010-01-07,2010-11-16
23578,SNACK TRAY RED GINGHAM,60,125.72,14,11,2.1,2011-11-27,2011-12-08
90138,WHITE/PINK MINI CRYSTALS NECKLACE,24,125.64,17,5,5.24,2009-12-10,2011-12-09
84558a,3D DOG PICTURE PLAYING CARDS,21,125.17,19,0,5.96,2009-12-01,2011-12-09
82607E,GLASS BONBON JAR. D'AMANDES,101,125.00,25,18,1.25,2009-12-03,2010-11-05
90162C,ANT SILVER FUSCHIA BOUDICCA RING,42,123.90,16,10,2.95,2010-03-01,2011-10-30
90202D,PINK ENAMEL FLOWER HAIR TIE,48,123.79,24,5,2.95,2009-12-15,2011-12-09
17191A,ROSE FLOWER CANDLE+INCENSE 16X16CM,33,123.75,12,9,3.75,2009-12-09,2011-12-04
23477,WOODLAND LARGE BLUE FELT HEART,92,123.47,13,8,1.34,2011-10-20,2011-11-30
72133,COLUMBIAN CANDLE RECTANGLE,109,122.63,31,24,1.13,2009-12-13,2011-12-08
21228,"POCKET MIRROR ""GLAMOROUS""",97,122.57,31,25,1.26,2009-12-09,2011-03-09
79308B,MOSAIC CANDLE DISH BLUE PURPLE,144,122.40,2,1,0.85,2010-06-02,2010-06-29
90205C,LARGE CRYSTAL DIAMANTE HAIRSLIDE,78,122.31,24,5,1.57,2009-12-09,2011-11-28
44242B,PINK FEATHERS CURTAIN,109,121.53,9,8,1.11,2009-12-06,2011-09-26
90022,EDWARDIAN DROP EARRINGS JET BLACK,37,120.92,32,4,3.77,2009-12-04,2011-12-08
23467,VINTAGE ZINC PLANTER,32,120.08,11,5,3.75,2011-10-17,2011-12-09
79532,MOSAIC GLASS BALL CANDLEHOLDER,97,120.00,18,15,1.25,2010-06-07,2010-10-05
35916B,BLUE FELT HANGING HEART WITH FLOWER,132,119.67,46,5,0.91,2009-12-01,2011-10-18
84886,BLUE METAL WALL SHELF,12,119.40,9,8,9.95,2010-01-28,2010-07-01
84199,GLOW IN DARK DOLPHINS,554,118.56,69,58,0.22,2009-12-01,2011-12-06
35607A,PINK FLUFFY CHRISTMAS DECORATION,554,118.43,31,27,0.21,2009-12-11,2011-01-18
20887,BOX OF 6 PEBBLE CANDLES,18,118.39,8,4,6.58,2009-12-01,2009-12-22
90139,FLOWER BROOCH 4 ASSORTED COLOURS,23,118.24,18,3,5.14,2009-12-02,2010-03-21
90177D,DROP DIAMANTE EARRINGS PURPLE,46,118.06,25,9,2.95,2009-12-10,2011-12-02
84510E,SET OF 4 GREEN CAROUSEL COASTERS,148,117.77,28,12,0.8,2010-01-11,2011-12-06
85190,PINK FLOWER HANGING HEART,138,117.36,17,14,0.89,2009-12-14,2010-03-17
35824C,"HANGING FLOWERS+MIRROR,CLEAR",235,117.05,8,8,0.5,2009-12-03,2010-04-08
90002C,FLOWER BURST SILVER RING MIDN'T BLU,33,116.88,19,8,3.77,2009-12-02,2010-08-18
16206B,RED PURSE WITH PINK HEART,96,116.40,16,14,1.21,2010-01-31,2011-01-26
90101,WHITE FRANGIPANI NECKLACE,52,115.86,29,4,2.52,2009-12-09,2011-12-08
90108,BLUE BLOSSOM HAIR CLIP,109,115.33,21,12,1.15,2010-01-15,2011-12-01
20848,ZINC HEART LATTICE CHARGER SMALL,39,115.05,12,10,2.95,2009-12-10,2011-11-06
20896,VINTAGE NOTEBOOK PINK FLOWER,39,115.05,14,13,2.95,2009-12-09,2010-08-18
84288B,SET/2 BLUE  NOODLE BASKETS,61,115.05,24,19,1.95,2009-12-01,2010-06-23
84462,3 PINK HEN+CHICKS IN BASKET,100,114.86,14,13,1.15,2010-02-02,2011-04-14
84765,SILVER ROCOCO CANDELABRA,9,114.73,6,4,15.58,2009-12-02,2010-03-16
23185,FRENCH STYLE STORAGE JAR JAM,317,114.56,30,27,0.36,2011-03-04,2011-12-06
20698,LITTLE PINK MONSTER SOFT TOY,47,114.45,21,17,2.44,2010-01-17,2011-11-23
23151,ZINC SWEETHEART SOAP DISH,61,114.33,21,18,1.87,2011-05-05,2011-12-09
90018C,SILVER BLACK ORBIT DROP EARRINGS,28,114.26,20,7,4.23,2009-12-14,2011-11-25
90030A,SPOTTED WHITE NATURAL SEED NECKLACE,79,113.76,10,8,1.44,2009-12-09,2011-11-28
84705B,FAIRY CAKES PHOTO FRAME,84,113.27,3,2,1.35,2009-12-08,2009-12-23
84249A,"GREETING CARD,SQUARE, DOUGHNUTS",252,113.22,34,18,0.45,2010-02-04,2011-12-09
84614A,PINK BAROQUE FLOCK CANDLE HOLDER,17,112.93,10,7,7.34,2010-02-18,2010-12-03
16043,POP ART PUSH DOWN RUBBER,2145,112.62,13,11,0.08,2009-12-16,2011-06-09
21089,SET/6 GREEN SPRING PAPER CUPS,323,112.54,40,32,0.35,2010-01-15,2011-08-17
44236,PINK/PURPLE CIRCLE CURTAIN,64,112.32,12,9,1.76,2010-01-24,2011-08-21
71510,SQUARE METAL CANDLEHOLDER BASE,177,112.05,17,11,0.63,2009-12-17,2011-11-24
35916A,YELLOW FELT HANGING HEART W FLOWER,129,112.04,44,7,0.87,2009-12-07,2011-10-18
71495B,CD WALL TIDY RED FLOWERS,294,111.57,18,8,0.38,2010-01-28,2011-11-24
35966,FOLKART CHRISTMAS TREE T-LIGHT HOLD,255,111.34,26,20,0.44,2009-12-02,2011-08-24
90103,PURPLE FRANGIPANI NECKLACE,44,110.85,30,5,2.52,2009-12-22,2011-12-05
82069,BEECH WOOD P/FRAME,17,109.85,11,2,6.46,2009-12-16,2010-10-18
90048,GREEN WITH METAL BAG CHARM,31,109.39,8,4,5.13,2009-12-08,2011-07-07
85185F,LION SOCK PUPPET,37,109.15,19,16,2.95,2009-12-02,2010-03-08
90071,RUBY GLASS CLUSTER EARRINGS,87,108.99,73,2,1.25,2009-12-02,2011-12-05
20667,CHERRY BLOSSOM PURSE,40,108.69,24,6,2.72,2009-12-17,2011-08-30
90104,PURPLE FRANGIPANI HAIRCLIP,129,108.11,49,11,0.84,2010-06-21,2011-04-18
72753C,S/3 FLWR FAIRY ROSE CANDLES,43,107.68,6,5,2.5,2009-12-06,2010-01-20
84751B,BLACK MEDIUM GLASS CAKE STAND,38,107.57,19,18,3.05,2010-02-23,2011-04-12
23626,SET 10 CARDS DINKY TREE 17076,43,107.07,16,0,2.49,2011-10-03,2011-12-08
90179C,BLACK FINE BEAD NECKLACE W TASSEL,19,106.83,16,7,5.94,2010-06-15,2011-12-01
84562B,BLUE/WHITE RIBBED MELAMINE JUG,10,106.59,7,5,10.66,2009-12-02,2010-01-22
35096B,RED VICTORIAN FABRIC HEART BOX,293,106.49,25,20,0.36,2009-12-02,2010-03-05
90165A,PINK ROSEBUD PEARL EARRINGS,42,106.49,27,2,2.54,2009-12-07,2011-11-16
35840,FLAT GLASS  BAUBLE WHITE FLOCK,45,106.28,11,5,2.38,2009-12-04,2009-12-23
90168,2 DAISIES HAIR COMB,42,106.06,24,3,2.95,2009-12-01,2011-12-09
72038P,PRICE'S CANDLE PEACH,1050,106.00,9,9,0.11,2009-12-02,2010-08-27
22987,"WRAP , SUMMER ROSE DESIGN",252,105.84,11,10,0.42,2010-09-07,2011-10-10
84867A,PINK BABY GIRLS PHOTO ALBUM,16,105.82,4,3,6.61,2010-01-07,2010-03-09
90051,CRACKED GLAZE NECKLACE RED,15,105.72,11,4,7.05,2010-06-28,2011-10-09
35610A,PINK CHRISTMAS FLOCK DROPLET,143,105.43,12,8,0.74,2009-12-07,2010-12-15
84458,S/3 RABBIT FLOWER/EGG/CARROT ROPE,124,105.40,20,17,0.85,2010-01-18,2010-03-21
90003E,GREEN PAIR HEART HAIR SLIDES,32,105.31,22,3,3.76,2009-12-16,2011-12-09
17090D,VANILLA INCENSE 40 CONES IN TIN,88,105.20,28,21,1.2,2009-12-13,2011-07-11
16169D,WRAP WINTER FOREST,250,105.00,9,9,0.42,2009-12-01,2009-12-13
90141A,GREEN PENDANT TRIPLE SHELL NECKLACE,20,104.95,17,4,5.25,2009-12-06,2011-11-30
90079,VINTAGE ENAMEL & CRYSTAL NECKLACE,21,104.77,13,5,4.99,2009-12-17,2011-10-09
21118,SHOPPING BAG DOORSTOP,69,104.25,7,7,1.51,2009-12-02,2010-01-11
21337,SILVER WASHBAG,33,103.53,12,7,3.14,2009-12-02,2010-11-30
35910A,MULTICOLOUR EASTER RABBIT,53,103.35,13,12,1.95,2009-12-13,2011-03-28
90125C,TURQUOISE BERTIE GLASS BEAD CHARM,92,101.35,10,5,1.1,2009-12-01,2011-05-26
72369A,PINK CLEAR GLASS CANDLE PLATE,67,101.29,14,8,1.51,2009-12-03,2011-11-28
16248B,BLUE HOLE PUNCH,81,101.25,12,12,1.25,2010-09-20,2011-10-30
84921,CREAM AND PINK FLOWERS PONY,27,101.25,14,13,3.75,2009-12-13,2011-10-19
85050,FRENCH ENAMEL SOAP DISH WITH LID,48,100.80,1,1,2.1,2010-05-11,2010-05-11
84968d,SET OF 16 VINTAGE RED CUTLERY,4,100.37,4,0,25.09,2010-06-08,2011-10-04
75172,PAINTED SEA SHELL METAL WINDCHIME,97,100.31,11,11,1.03,2010-06-23,2011-07-04
78027,SEAGRASS S/2 CORNER LAUNDRY,6,100.15,5,3,16.69,2010-01-31,2010-09-03
23611,SET 10 CARDS RED RIDING HOOD 17214,40,99.60,16,0,2.49,2011-09-12,2011-12-09
10123G,ARMY CAMO WRAPPING TAPE,2251,99.32,16,12,0.07,2009-12-01,2010-11-29
23464,VINTAGE ZINC WATERING CAN SMALL,18,99.20,8,6,5.51,2011-10-16,2011-12-09
21266,VINTAGE SILVER TINSEL REEL,23,98.90,9,0,4.3,2009-12-01,2009-12-16
90163B,WHITE ROSEBUD & PEARL NECKLACE,13,98.45,9,2,7.57,2009-12-09,2011-12-05
84705D,CHERRY BLOSSOM PHOTO FRAME,22,97.90,14,3,4.45,2009-12-02,2010-07-12
84613A,PINK NEW BAROQUE FLOCK CANDLESTICK,22,97.65,10,9,4.65,2010-02-23,2011-02-02
16161G,WRAP BAD HAIR DAY,975,97.50,33,31,0.1,2010-01-19,2011-11-24
90150,BLUE SHELL+SILVER NECKLACE,13,97.50,8,7,7.5,2009-12-06,2010-09-24
84679,CLASSICAL ROSE TABLE LAMP,14,97.35,4,4,7.38,2010-03-02,2011-12-06
90067A,PINK VINTAGE VICTORIAN EARRINGS,33,97.24,16,8,2.95,2009-12-01,2011-11-15
90059D,DIAMANTE HAIR GRIP PACK/2 PERIDOT,64,96.84,40,5,1.67,2009-12-03,2011-12-09
20697,LITTLE GREEN MONSTER SOFT TOY,40,96.60,21,17,2.42,2009-12-13,2011-11-23
20861,GOLD COSMETIC BAG PINK STAR,46,96.60,16,15,2.1,2009-12-03,2010-12-10
84465,15 PINK FLUFFY CHICKS IN BOX,32,96.51,23,18,3.02,2010-02-03,2011-11-04
85132b,CHARLIE AND LOLA TABLE TINS,10,95.84,10,0,9.58,2010-03-05,2011-06-21
17084J,LOVE POTION MASALA INCENSE,456,95.76,20,17,0.21,2009-12-01,2011-09-13
72821,CUPID SCENTED CANDLE IN GLASS,61,95.70,14,13,1.65,2010-01-31,2011-02-10
84559a,3D SHEET OF DOG STICKERS,57,95.70,40,0,1.68,2010-02-01,2011-06-27
90174,BUTTERFLY HAIR BAND,50,95.52,32,4,2.52,2009-12-04,2011-12-09
84967A,PINK KASHMIRI OCCASIONAL TABLE,3,94.95,3,2,58.3,2010-02-02,2010-10-24
72606A,BROWN ANTIQUE CUBE CANDLE,226,94.92,18,18,0.42,2010-01-11,2010-10-05
90214R,"LETTER ""R"" BLING KEY RING",91,93.73,50,15,1.03,2009-12-06,2011-12-08
90024C,NEW BAROQUE B'FLY NECKLACE GREEN,11,93.48,10,5,8.5,2009-12-03,2011-07-25
90026A,GLASS BEAD HOOP NECKLACE BLACK,11,93.47,9,6,8.5,2010-03-19,2011-06-13
35594,WOODEN CHRISTMAS TREE 3 HANGING,165,92.98,39,18,0.62,2009-12-01,2010-10-29
84575A,PINK DOG CANNISTER,24,92.85,13,13,4.12,2010-02-21,2011-04-19
17084A,TRANQUILITY MASALA INCENSE,442,92.82,18,14,0.21,2010-02-04,2011-09-13
35913B,WHITE/PINK CHICK EASTER DECORATION,100,92.39,21,17,0.92,2010-01-07,2011-11-06
90075,MONTANA DIAMOND CLUSTER NECKLACE,10,92.18,8,3,9.22,2010-03-07,2011-11-24
84753A,PINK EAU DE COLOGNE BOTTLE,97,92.17,24,14,0.95,2009-12-04,2010-02-19
90118,PINK DAISY BAG CHARM,42,92.09,29,3,2.56,2010-06-16,2011-12-05
90089,PINK CRYSTAL SKULL PHONE CHARM,104,91.90,26,11,0.88,2009-12-03,2011-12-08
90177B,DROP DIAMANTE EARRINGS BLACK DIAMON,31,91.38,19,5,2.95,2009-12-10,2011-12-08
90177C,DROP DIAMANTE EARRINGS CRYSTAL,37,91.33,24,6,2.95,2009-12-10,2011-12-09
90112,PINK DOLLY HAIR CLIPS,84,91.25,20,13,1.09,2009-12-07,2010-12-23
84437A,S/6 PINK EASTER DECS IN BOX,106,90.95,18,17,0.86,2010-01-11,2010-04-09
90214D,"LETTER ""D"" BLING KEY RING",100,90.82,50,11,0.91,2009-12-03,2011-12-08
84539,KNITTED RABBIT DOLL,55,90.75,11,9,1.65,2009-12-07,2011-07-10
72783,BLACK SIL'T SQU CANDLE PLATE,43,90.30,9,7,2.1,2009-12-01,2011-12-08
23574,PACKING CHARGE,14,90.00,14,9,7.5,2011-07-06,2011-12-07
71406C,BLACK ORANGE SQUEEZER,210,89.92,35,21,0.43,2009-12-03,2011-11-29
20816,GOLD FLOWER CUSHION COVER,24,89.85,7,5,5.15,2010-02-04,2011-04-28
79026B,"S/4 ICON COASTER,ELVIS LIVES",69,89.25,37,17,1.29,2009-12-01,2011-05-18
47598,NEW ENGLAND EGG WARMER,138,89.12,32,17,0.65,2009-12-01,2010-06-25
20660,VIP LUGGAGE TAG,71,88.75,26,22,1.25,2009-12-01,2010-08-01
90162A,ANT SILVER TURQUOISE BOUDICCA RING,30,88.50,11,8,2.95,2010-01-24,2011-11-07
35638A,PINK AND BLACK STRING CURTAIN,39,88.05,6,6,2.26,2010-01-25,2011-11-20
84721,MANHATTAN CANVAS ART PICTURE,20,87.80,2,2,4.39,2009-12-03,2009-12-04
71495A,CD WALL TIDY BLUE OFFICE,225,87.54,20,5,0.39,2010-02-09,2011-11-24
84891B,GREEN WIRE GOBLET CANDLEHOLDER,11,87.45,6,5,7.95,2010-05-30,2010-11-18
20835,FRENCH LATTICE CUSHION COVER,80,87.02,10,8,1.09,2010-03-03,2011-11-10
35822B,"ACRYLIC BEAD CHAIN, BLUE",229,87.02,1,1,0.38,2010-01-27,2010-01-27
37462B,"PET MUG, BUDGIE",170,86.86,32,4,0.51,2009-12-01,2010-10-12
90039C,FIRE POLISHED GLASS BRACELET BLACK,23,86.65,12,3,3.77,2009-12-10,2011-12-08
23614,SET 10 CARDS 12 DAYS WRAP  17058,26,86.58,11,0,3.33,2011-09-07,2011-12-08
84424A,FOUR PICTURE WHITE GLASS FRAME,23,86.25,10,10,3.75,2010-06-09,2010-10-24
35271S,GOLD PRINT PAPER BAG,420,85.97,20,17,0.2,2009-12-05,2010-12-02
90012B,BLACK DROP CRYSTAL NECKLACE,17,85.90,6,3,5.05,2009-12-03,2011-11-13
84388,WISE MAN STAR SHAPE EGG PAN,70,85.74,22,21,1.27,2009-12-01,2011-04-19
90162D,ANT SILVER PURPLE BOUDICCA RING,29,85.55,14,7,2.95,2010-01-24,2011-10-30
84454,WOBBLING METAL CHICKEN EASTER,93,85.53,18,11,0.92,2009-12-07,2010-04-09
85099c,JUMBO  BAG BAROQUE BLACK WHITE,17,85.17,10,0,5.01,2010-06-24,2010-07-26
35838B,S/6 SILVER ORNAMENETAL CANDLE,100,85.00,23,21,0.85,2009-12-09,2010-09-28
90026D,GLASS BEAD HOOP NECKLACE AMETHYST,10,85.00,8,6,8.5,2010-06-07,2011-11-18
90001D,ANTIQUE OLIVE GREEN FLOWER EARRINGS,20,84.96,11,7,4.25,2009-12-06,2011-10-09
17027A,INCENSE BAZAAR CANNABIS,228,84.84,2,1,0.37,2010-02-04,2010-03-10
46775B,BERRIES CHUNKY KNITTED THROW,5,84.75,4,3,16.95,2009-12-02,2009-12-10
16051,TEATIME PENCIL W STAMP ASST,941,84.69,4,3,0.09,2009-12-10,2010-06-09
81952B,ROUND BLUE CLOCK W/SUCKER,254,84.56,20,14,0.33,2010-01-11,2011-07-26
84450B,PINK/YELLOW RABBIT SAT EASTER,139,84.55,35,7,0.61,2009-12-10,2010-04-01
90214G,"LETTER ""G"" BLING KEY RING",100,84.43,48,13,0.93,2009-12-07,2011-12-07
84251F,"GREETING CARD, RITA",341,83.97,50,26,0.25,2009-12-01,2010-09-20
90141C,TURQ PENDANT TRIPLE SHELL NECKLACE,16,83.69,13,4,5.23,2009-12-06,2011-11-22
90169,DAISY HAIR COMB,39,83.57,23,3,2.54,2009-12-09,2011-12-09
22016,Dotcomgiftshop Gift Voucher £100.00,1,83.33,1,0,83.33,2011-08-02,2011-08-02
23442,12 HANGING EGGS HAND PAINTED,40,83.20,7,7,2.08,2011-11-15,2011-12-07
90002B,FLOWER BURST SILVER RING ROSE,22,82.74,11,7,3.76,2009-12-02,2010-10-25
90189A,SILVER 2 STRAND NECKLACE-LEAF CHARM,11,82.64,8,5,7.51,2010-01-18,2011-11-18
84251B,"GREETING CARD, STICKY GORDON",319,82.56,61,19,0.27,2010-03-08,2011-09-25
90130A,WHITE STONE/CRYSTAL EARRINGS,28,82.51,16,6,2.95,2009-12-18,2011-11-25
90069,RUBY GLASS CLUSTER NECKLACE,11,82.50,5,5,7.5,2009-12-10,2011-11-03
21699,SET 5 MINI CHOCOLATE FRIDGE MAGNETS,108,82.44,3,2,0.76,2009-12-15,2010-02-15
90183B,AMETHYST DROP EARRINGS W LONG BEADS,28,81.93,24,0,2.93,2009-12-22,2011-12-05
35610C,WHITE CHRISTMAS FLOCK DROPLET,94,81.56,8,6,0.87,2009-12-10,2010-12-13
72779,SET/6 BLACK ROSE T-LIGHT CANDLES,48,81.12,15,14,1.69,2009-12-02,2010-05-05
16201B,PASTEL BLUE PHOTO ALBUM,34,81.10,5,2,2.39,2009-12-02,2009-12-10
84596I,WRAP SWEETS LIGHT PINK SMALL BOWL,72,80.62,10,9,1.12,2010-02-19,2010-04-11
17011E,ORIGAMI OPIUM SCENT INCENSE+FLOWER,124,80.60,1,1,0.65,2009-12-16,2009-12-16
DCGS0069,OOH LA LA DOGS COLLAR,5,80.31,5,0,16.06,2010-03-15,2011-01-28
35265,COLOURFUL FLOWER FRUIT BOWL,21,80.00,16,14,3.81,2010-05-25,2011-10-02
84415B,BLUE FLOCK CUSHION COVER,24,80.00,7,3,3.33,2009-12-03,2011-06-08
90206A,GOLD DIAMANTE STAR BROOCH,16,79.60,12,5,4.97,2009-12-17,2011-12-08
90049,IVORY GOLD METAL BAG CHARM,20,79.59,6,3,5.71,2010-05-23,2011-11-23
90125B,AQUA BERTIE GLASS BEAD BAG CHARM,44,79.57,17,6,1.81,2009-12-08,2011-12-02
84795E,RIO PINK STRIPE HAMMOCK,10,79.50,5,3,7.95,2009-12-02,2010-08-01
84548,CROCHET BEAR RED/BLUE  KEYRING,48,79.20,13,11,1.65,2009-12-03,2011-07-08
90038B,GLASS AND PAINTED BEADS BRACELET OL,21,79.19,13,2,3.77,2009-12-14,2011-12-08
90064A,WHITE VINTAGE CRYSTAL EARRINGS,20,79.14,12,4,3.96,2010-01-13,2011-11-17
90039B,FIRE POLISHED GLASS BRACELET MONTAN,21,78.99,11,3,3.76,2010-01-12,2011-07-27
90059E,DIAMANTE HAIR GRIP PACK/2 RUBY,53,78.41,33,5,1.67,2009-12-09,2011-12-09
35931,PINK STAR CHRISTMAS DECORATION,156,78.12,15,14,0.5,2009-12-01,2010-11-12
84455,SET OF 3 RABBIT CARROTS EASTER,85,77.96,20,15,0.92,2010-01-11,2010-04-09
90214H,"LETTER ""H"" BLING KEY RING",83,77.71,53,14,0.94,2009-12-01,2011-12-07
21595,Dad's Cab Electronic Meter,9,76.95,9,0,8.55,2009-12-02,2010-12-07
84247H,PACK/12 DECOUPAGE CARD,42,76.68,20,12,2.6,2009-12-22,2010-06-17
84251C,"GREETING CARD, TWO SISTERS.",247,76.68,53,13,0.31,2009-12-14,2011-08-04
84425A,WHITE GLASS TV TRIPLE FRAME,18,76.60,9,8,4.26,2009-12-04,2010-05-13
90100,NECKLACE+BRACELET SET PINK DAISY,30,76.50,12,7,2.55,2009-12-07,2011-02-24
90214N,"LETTER ""N"" BLING KEY RING",78,76.40,43,11,0.98,2009-12-06,2011-12-08
90020,FILIGREE DIAMANTE CHAIN,6,76.23,4,2,12.71,2009-12-17,2011-08-30
35815P,"ACRYLIC JEWEL SNOWFLAKE, PINK",168,75.88,7,7,0.45,2010-10-18,2011-09-26
90176D,DIAMANTE NECKLACE PURPLE,11,75.31,7,6,7.53,2009-12-15,2011-11-08
16161E,WRAP BOUDOIR,750,75.00,9,8,0.1,2009-12-07,2010-02-22
37399,"ASS RETROSPOOF MUGS,SPORTS",143,75.00,6,6,0.52,2009-12-13,2009-12-22
90064B,BLACK VINTAGE  CRYSTAL EARRINGS,21,75.00,12,8,3.75,2009-12-17,2011-10-12
72802a,ROSE SCENT CANDLE IN JEWELLED BOX,9,74.97,4,0,8.33,2010-06-08,2011-07-08
72807a,SET/3 ROSE CANDLE IN JEWELLED BOX,9,74.79,6,0,8.31,2010-03-29,2011-11-25
84757,ENCHANTED GARDEN WROUGHT IRON TABLE,5,74.75,4,4,14.95,2010-05-16,2010-06-06
21267,VINTAGE PINK TINSEL REEL,24,74.60,10,3,3.11,2009-12-02,2009-12-18
90012A,MIDNIGHT BLUE DROP CRYSTAL NECKLACE,13,74.38,7,2,5.72,2009-12-03,2011-10-11
62043B,BLUE CHECK BAG W HANDLE 34X20CM,54,74.33,10,8,1.39,2010-04-30,2011-05-19
90202C,GREEN ENAMEL FLOWER HAIR TIE,31,73.76,25,4,2.95,2009-12-09,2011-12-09
84593,CROCHET ROSE DES CLOTHES HANGER,25,73.75,7,7,2.95,2009-12-06,2011-03-07
15030,FAN BLACK FRAME,254,73.66,26,23,0.29,2009-12-13,2011-12-06
90130C,GREEN STONE/CRYSTAL EARRINGS,25,73.62,24,2,2.94,2009-12-04,2011-12-09
79331,PINK FLOCK GLASS CANDLEHOLDER,60,73.60,9,8,1.23,2010-02-10,2011-04-07
90202A,PURPLE ENAMEL FLOWER HAIR TIE,31,73.20,23,3,2.93,2010-02-10,2011-12-08
84899E,YELLOW + BROWN BEAR FELT PURSE KIT,53,72.68,21,11,1.39,2009-12-01,2010-05-14
16151A,FLOWERS HANDBAG blue and orange,52,72.50,5,5,1.39,2010-04-30,2011-05-25
84447,6 RABBIT CHAIN EASTER,69,72.42,19,7,1.05,2010-01-27,2010-03-23
90214B,"LETTER ""B"" BLING KEY RING",75,72.33,40,13,0.96,2009-12-09,2011-12-05
84427B,BLACK GLASS TV DOUBLE P/FRAME 15X10,17,72.25,5,5,4.25,2009-12-04,2010-03-07
90027D,GLASS BEAD HOOP EARRINGS AMETHYST,23,72.18,16,6,3.14,2009-12-02,2011-12-09
84746,PINK EASTER HENS+FLOWER,23,72.06,16,6,3.13,2009-12-07,2011-07-20
90031,BILI NUT AND WOOD NECKLACE,52,71.90,9,5,1.38,2009-12-15,2011-11-25
21950,SET OF 6 DOTS CHOPSTICKS,211,71.58,18,2,1.25,2009-12-03,2010-08-12
90038C,GLASS AND BEADS BRACELET IVORY,19,71.46,9,3,3.76,2009-12-18,2011-09-02
35937,CERISE+GOLD CHRISTMAS STOCKING DEC,188,71.44,17,16,0.38,2009-12-15,2010-10-18
17007B,S/3 POT POURI CUSHIONS BLUE COLOURS,34,71.40,6,6,2.1,2009-12-14,2011-06-08
84925C,FAIRY CAKES  WALL THERMOMETER,28,71.40,10,10,2.55,2009-12-02,2010-05-11
90060D,FIRE POLISHED GLASS NECKL BRONZE,12,71.40,8,6,5.95,2009-12-06,2010-12-15
84415A,PINK FLOCK SUEDE CUSHION COVER,27,71.25,6,3,2.64,2009-12-08,2011-06-24
90037B,TINY CRYSTAL BRACELET GREEN,28,71.17,10,5,2.54,2010-03-16,2011-12-06
90179A,AMBER FINE BEAD NECKLACE W TASSEL,12,71.00,9,5,5.92,2010-01-26,2011-12-08
90187B,GREEN DROP EARRINGS W BEAD CLUSTER,21,70.60,15,2,3.36,2009-12-03,2011-12-08
20958,PORCELAIN HANGING BELL LARGE,38,70.50,10,9,1.86,2010-03-26,2010-11-29
90059F,DIAMANTE HAIR GRIP PACK/2 LT ROSE,48,69.97,27,5,1.66,2009-12-16,2011-12-09
90131,PINK/AMETHYST/GOLD NECKLACE,10,69.62,5,4,6.96,2009-12-01,2011-06-01
72140F,HAPPY ANNIVERSARY CANDLE LETTERS,175,69.18,14,14,0.4,2009-12-01,2010-11-24
37509,NEW ENGLAND MUG W GIFT BOX,28,68.85,14,14,2.55,2010-03-22,2010-12-06
90176A,CLASSIC DIAMANTE NECKLACE JET,10,68.38,7,3,7.59,2009-12-03,2011-11-08
71215,METAL BASE FOR CANDLES,177,68.10,12,10,0.38,2009-12-09,2011-05-26
47420,ASSORTED COLOUR SUCTION CUP HOOK,358,68.02,31,23,0.19,2009-12-02,2011-12-04
84857A,SILVER MONTE CARLO HANDBAG,8,68.00,3,2,8.5,2010-02-03,2010-05-21
90121B,VINTAGE ROSE BEAD BRACELET BLUE,19,68.00,9,8,4.25,2009-12-01,2010-01-28
DCGS0004,HAYNES CAMPER SHOULDER BAG,4,67.94,4,0,16.99,2009-12-03,2011-04-27
90140,PINK SWEETIE NECKLACE,9,67.90,7,2,7.54,2009-12-13,2011-08-30
84086B,YELLOW/BLUE RETRO RADIO,24,67.85,12,7,2.95,2010-05-16,2011-12-06
90026B,GLASS BEAD HOOP NECKLACE MONTANA,8,67.82,7,4,8.48,2009-12-13,2011-03-31
90026C,GLASS BEAD HOOP NECKLACE GREEN,8,67.82,6,5,8.48,2009-12-10,2011-11-09
84596e,SMALL LICORICE DES PINK BOWL,27,67.77,17,0,2.51,2010-01-25,2010-12-14
84864A,PINK PAISLEY PHOTO ALBUM,7,67.71,4,3,9.67,2010-02-08,2010-08-19
90078,PINK/WHITE GLASS DEMI CHOKER,9,67.64,5,4,7.52,2010-02-16,2010-12-13
90024F,NEW BAROQUE B'FLY NECKLACE CRYSTAL,8,67.61,6,2,8.45,2010-04-19,2011-11-30
47341B,BLUE TABLE RUN FLOWER,48,67.50,14,13,1.41,2009-12-09,2011-11-30
84926B,SCOTTS ROSES TILE COASTER,54,67.50,10,8,1.25,2009-12-02,2010-04-18
72045D,ROSES ON BLUE TEACUP CANDLE,539,66.89,6,3,1.7,2009-12-03,2010-03-03
35819P,"ACRYLIC HANGING JEWEL,PINK",95,66.55,7,7,0.7,2011-09-16,2011-11-13
90037A,TINY CRYSTAL BRACELET RED,26,66.31,12,4,2.55,2009-12-14,2011-01-25
90037C,TINY CRYSTAL BRACELET BLUE,26,66.08,13,4,2.54,2009-12-14,2011-12-06
85072,OCCASIONS GIFT CARD ASSORTMENT,120,66.00,1,1,0.55,2009-12-10,2009-12-10
79329,PINK FLOCK GLASS CANDLEHOLDER,100,65.94,7,7,0.66,2009-12-02,2011-04-10
84340,LARGE FIBRE OPTIC CHRISTMAS TREE,21,65.76,11,5,3.13,2009-12-01,2009-12-22
84493,BLUE/PINK NEST STRIPE BOX,1142,65.76,5,5,0.1,2010-06-13,2010-09-28
79406,FROSTED WHITE BASE,259,65.62,21,14,0.25,2009-12-04,2011-12-08
90088,CRYSTAL KEY+LOCK PHONE CHARM,101,65.45,14,8,0.86,2009-12-01,2010-11-25
90179B,PURPLE FINE BEAD NECKLACE W TASSEL,11,65.31,9,5,5.94,2009-12-02,2011-12-05
16256C,HEARTS PENCIL/RUBBER+5 MINI PENCILS,169,65.10,10,8,0.42,2009-12-13,2010-05-23
47016,LIGHT DECORATION BATTERY OPERATED,31,65.10,5,4,2.1,2009-12-07,2011-11-01
84705A,ENGLISH ROSE PHOTO FRAME,14,65.10,7,5,4.65,2009-12-02,2010-04-07
90177E,DROP DIAMANTE EARRINGS GREEN,28,65.01,22,3,2.95,2009-12-10,2011-11-21
90141B,IVORY PENDANT TRIPLE SHELL NECKLACE,13,64.94,9,2,5.0,2009-12-16,2011-12-09
90092,BLUE CRYSTAL BOOT PHONE CHARM,102,64.56,10,6,0.86,2009-12-01,2011-01-12
84551,CROCHET DOG KEYRING,39,64.35,8,6,1.65,2009-12-08,2011-10-06
90074,BLACK DIAMOND CLUSTER NECKLACE,7,64.09,6,4,9.16,2010-03-07,2011-11-28
79534,MULTICOLOUR GLASS PLATE,116,63.80,16,14,0.55,2009-12-02,2010-10-05
85018A,S/6 PAPER BOXES ROMANTIC IMAGES,15,63.75,10,10,4.25,2009-12-16,2010-08-13
85018B,S/6 PAPER BOXES BLOSSOM IMAGES,15,63.75,10,10,4.25,2009-12-16,2010-11-03
20905,VINTAGE KEEPSAKE BOX BEAUTY GIRL,10,63.50,4,3,6.35,2009-12-02,2010-01-28
90205A,LARGE MINT DIAMANTE HAIRSLIDE,38,63.46,22,6,1.67,2009-12-09,2011-11-24
37491D,PURPLE/BLUE CERAMIC CANDLE HOLDER,26,63.28,13,5,2.43,2010-01-27,2011-07-18
72709,IVORY SCULPTED RND CANDLE,74,62.90,13,10,0.85,2010-04-19,2011-11-13
84529B,BLUE KNITTED KID'S RUCKSACK,13,62.35,5,2,4.8,2010-02-14,2010-04-23
35607B,BLACK FEATHER CHRISTMAS DECORATION,312,62.30,17,15,0.2,2009-12-11,2011-09-15
47348A,FUSCHIA VOILE POINTY SHOE DEC,103,62.01,16,12,0.6,2010-04-11,2011-09-01
90176C,DIAMANTE NECKLACE,10,62.00,6,4,7.7,2009-12-14,2011-08-22
17136A,BLUE STONES ON WIRE FOR CANDLE,743,61.78,34,28,0.08,2009-12-03,2011-11-03
20620,RED SPOTTY PASSPORT COVER,15,61.76,14,1,4.12,2009-12-02,2010-02-03
35817B,"ACRYLIC JEWEL SNOWFLAKE,BLUE",143,61.30,3,2,0.43,2009-12-03,2010-05-14
35973,GERANIUM FOLKART HEART DECORATION,49,61.25,13,11,1.25,2009-12-09,2010-03-21
40002,WHITE BAMBOO RIBS LAMPSHADE,78,61.20,1,1,0.85,2009-12-18,2010-03-16
35910B,PINK FLOWERS RABBIT EASTER,29,61.07,8,6,2.11,2010-01-07,2011-11-06
84875A,PINK SQUARE COMPACT MIRROR,16,60.00,12,10,3.75,2009-12-02,2010-11-30
23629,SET 10 CARDS DRESSING UP 17077,24,59.76,10,0,2.49,2011-09-21,2011-11-25
90021,LASER CUT MULTI STRAND NECKLACE,5,59.75,4,4,11.95,2010-08-18,2011-04-27
90171,DAISY RING,47,59.65,27,2,1.27,2009-12-01,2010-03-12
44241C,BLUE BUTTERFLY ON SPRING,70,59.50,8,7,0.85,2010-01-25,2010-08-04
84582,PINK CROCHET CAT WITH SCARF,14,59.50,11,9,4.25,2009-12-01,2010-03-26
35654,VINTAGE BEAD FILLED PINK CUSHION,12,59.40,5,4,4.95,2010-01-05,2010-08-04
90214P,"LETTER ""P"" BLING KEY RING",77,59.09,33,13,0.86,2009-12-07,2011-12-08
90011B,BLACK CRYSTAL DROP EARRINGS,20,59.06,15,4,2.95,2009-12-03,2011-11-30
35909A,RABBIT EASTER DECORATION,20,59.00,5,5,2.95,2010-02-23,2011-04-26
81985A,"ICON ALARM CLOCK,FUSCHIA  PIN UP",23,58.65,7,7,2.55,2009-12-07,2010-08-22
90188,DROP EARRINGS W FLOWER & LEAF,23,58.50,20,3,2.54,2009-12-01,2011-12-09
84226,HEN HOUSE W FAMILY IN BARN & NEST,77,58.31,18,17,0.76,2010-02-28,2011-06-08
90059C,DIAMANTE HAIR GRIP PACK/2 MONTANA,41,58.28,23,6,1.66,2009-12-09,2011-12-08
21343,GOLD JEWELERY BOX,20,58.10,3,3,4.6,2009-12-09,2010-02-11
35816B,"ACRYLIC JEWEL ANGEL,BLUE",139,58.07,3,2,0.42,2009-12-16,2010-05-14
17129C,SKY BLUE COLOUR GLASS GEMS IN BAG,86,57.98,11,7,0.67,2009-12-09,2010-05-04
35821B,"JEWELLED DECORATION,BLUE",150,57.00,3,3,0.38,2009-12-10,2010-04-08
72771B,BURG FLOCK GOLD CUP/CANDLE,117,56.90,8,6,0.49,2009-12-10,2009-12-15
90002E,FLOWER BURST SILVER RING GREEN,18,56.52,11,7,3.76,2009-12-02,2010-08-18
90050,CRACKED GLAZE NECKLACE IVORY,10,56.26,6,2,7.02,2010-01-26,2011-11-14
90212C,PURPLE LAS VEGAS BRACELET ROUND,15,56.25,7,5,3.75,2009-12-13,2011-09-06
47344B,BLUE FLOWER DES PURSE,54,56.16,10,10,1.04,2009-12-17,2011-06-02
85023C,PINK LARGE JEWELED PHOTOFRAME,23,56.10,11,10,2.55,2010-01-18,2011-01-09
90033,IVORY SHELL HEART EARRINGS,22,55.88,18,2,2.54,2009-12-02,2011-11-29
84803B,WHITE ALLIUM  ARTIFICIAL FLOWER,42,55.77,11,10,1.69,2010-02-04,2011-08-10
85080,PADDED RED HEART DECORATION,113,55.76,22,19,0.49,2009-12-02,2010-09-26
90214T,"LETTER ""T"" BLING KEY RING",57,55.57,24,9,0.97,2009-12-06,2011-12-05
85151,WELCOME METAL SIGN,44,55.00,8,8,1.25,2009-12-02,2009-12-14
90135A,ORANGE/FUSCHIA STONES NECKLACE,11,54.62,4,2,4.97,2010-03-08,2011-04-19
90142D,MOP PENDANT SHELL NECKLACE,11,54.59,5,4,4.96,2010-11-24,2011-10-23
90043,COPPER AND BRASS BAG CHARM,10,54.51,6,5,5.45,2009-12-17,2011-10-17
20820,SILVER LOOKING MIRROR,11,54.45,8,6,4.95,2009-12-17,2011-03-01
20953,PORCELAIN CHERUB BELL LARGE,33,54.45,9,7,1.65,2010-03-19,2010-11-29
90046,WHITE WITH METAL BAG CHARM,13,54.45,7,6,4.95,2010-03-26,2011-07-07
46115B,GREEN POP ART MAO CUSHION COVER,286,54.34,22,19,0.19,2010-05-11,2011-03-04
85023A,CRYSTAL LARGE JEWELLED PHOTO FRAME,22,53.55,10,9,2.55,2009-12-04,2010-04-19
84559b,3D SHEET OF CAT STICKERS,32,53.54,25,0,1.67,2010-09-28,2011-09-20
90214I,"LETTER ""I"" BLING KEY RING",62,53.50,27,10,0.98,2009-12-07,2011-12-08
35001B,HAND OPEN SHAPE BLACK,17,53.43,6,5,3.49,2009-12-01,2010-03-16
84660b,BLACK STITCHED WALL CLOCK,7,53.18,6,0,7.6,2010-06-24,2011-09-07
72798C,SET/4 GARDEN ROSE DINNER CANDLE,28,53.11,15,10,1.9,2009-12-01,2011-02-03
90202B,WHITE ENAMEL FLOWER HAIR TIE,24,52.79,16,3,2.94,2009-12-02,2011-12-08
84030C,KNITTED RAINBOW HOT WATER BOTTLE,21,52.78,6,4,3.94,2009-12-01,2010-03-05
84660a,WHITE STITCHED WALL CLOCK,7,52.70,5,0,7.53,2010-08-02,2011-06-21
84292B,BLUE COL METAL FOLDING CHAIR,8,51.80,5,4,6.48,2010-01-04,2010-04-29
84951b,S/4 BLACK LOVEBIRD COASTERS,10,51.26,5,0,5.13,2009-12-01,2010-03-05
84845D,GERANIUM SQUARE HANDY TIN,41,51.25,11,11,1.25,2009-12-06,2010-10-21
35071,ASSORTED SANTA CHRISTMAS DECORATION,50,51.14,7,5,1.02,2009-12-01,2009-12-09
84402B,PURPLE DRESS JEWELLERY STAND,62,51.14,4,4,0.82,2010-11-17,2011-07-21
20964,POLYESTER FILLER PAD 60x40cm,20,51.00,6,6,2.55,2009-12-01,2011-05-06
84612B,SET/4 BLACK  BAROQUE FLOCK COASTER,20,51.00,4,4,2.55,2010-01-08,2010-10-26
84968b,S/16 VINTAGE IVORY CUTLERY,2,50.98,2,0,25.49,2010-07-30,2010-11-01
84968f,SET OF 16 VINTAGE SKY BLUE CUTLERY,2,50.98,2,0,25.49,2010-10-04,2010-12-21
90001B,ANTIQUE MID BLUE FLOWER EARRINGS,13,50.87,10,4,4.24,2010-01-13,2011-11-08
85035b,CHOCOLATE 3 WICK MORRIS BOX CANDLE,6,50.82,6,0,8.47,2010-02-19,2010-12-21
85124a,PINK JUICY FRUIT PHOTO FRAME,10,50.60,9,0,5.06,2010-05-26,2010-08-19
90034,WHITE SILVER NECKLACE SHELL GLASS,5,50.48,5,2,10.1,2009-12-02,2011-04-18
72083A,STRAWBERY SWIRL FLARE CANDLE,24,50.40,7,7,2.1,2010-02-24,2010-03-31
22657,HEN & 2 CHICKS IN BASKET,59,50.15,7,7,0.85,2010-01-31,2010-03-21
20870,OPULENT VELVET CANDLE IN BOX,29,50.10,7,4,1.8,2009-12-01,2009-12-22
90141E,ORANGE PENDANT TRIPLE SHELL NECKLAC,10,50.06,5,3,5.01,2009-12-06,2011-10-12
23603,SET 10 CARD KRAFT REINDEER 17084,20,49.80,14,0,2.49,2011-10-14,2011-12-08
90052,CRACKED GLAZE NECKLACE BROWN,7,49.58,5,1,7.08,2009-12-22,2011-11-15
17013C,ORIGAMI LAVENDER INCENSE IN TUBE,213,49.14,2,2,0.42,2009-12-16,2010-03-03
84537B,FAIRY CAKES GIFT BAG,117,49.14,11,10,0.42,2009-12-03,2010-03-15
72129,COLUMBIAN CANDLE ROUND,74,49.11,18,16,0.66,2009-12-18,2010-09-29
84845C,CARNATION SQUARE HANDY TIN,42,48.75,14,14,1.25,2009-12-06,2010-08-18
35603C,SET/16 WHITE SHINY & MATT BAUBLES,83,48.30,24,19,0.58,2009-12-02,2010-11-09
37491A,YELLOW/PINK CERAMIC CANDLE HOLDER,18,48.30,13,5,2.68,2009-12-15,2011-10-31
90083,CRYSTAL CZECH CROSS PHONE CHARM,52,48.08,15,6,0.92,2009-12-03,2011-12-08
21347,GOTHIC CARRIAGE LANTERN,8,47.60,4,4,5.95,2009-12-02,2010-04-01
20895,VINTAGE NOTEBOOK FRENCH LETTER,16,47.20,4,3,2.95,2009-12-08,2010-02-02
35909B,PINK FLOWERS RABBIT EASTER,16,47.20,6,6,2.95,2009-12-06,2011-06-14
90067B,BROWN VINTAGE VICTORIAN EARRINGS,16,47.12,6,2,2.95,2009-12-01,2011-07-27
84227,HEN HOUSE W CHICK IN NEST,112,47.04,13,13,0.42,2010-02-18,2011-03-14
90181C,BLACK GLASS/SHELL/PEARL NECKLACE,5,46.93,5,0,9.39,2009-12-02,2011-04-18
84596f,SMALL MARSHMALLOWS PINK BOWL,19,46.89,14,0,2.47,2010-09-13,2011-12-05
20988,TRELLIS FLOWER CHOPSTICKS SET/5,24,46.80,9,8,1.95,2009-12-02,2010-02-28
90001C,ANTIQUE OPAL WHITE FLOWER EARRINGS,11,46.70,10,5,4.25,2009-12-11,2011-10-20
90001A,ANTIQUE RASPBERRY FLOWER EARRINGS,11,46.60,10,3,4.24,2009-12-15,2011-10-31
37489A,YELLOW/PINK FLOWER DESIGN BIG MUG,46,46.56,23,21,1.01,2009-12-13,2011-11-21
16050,TEATIME PENCIL WITH RUBBER,151,46.45,8,4,0.31,2010-02-16,2010-04-19
47341A,FUSCHIA TABLE RUN FLOWER,29,46.25,7,7,1.59,2010-09-13,2011-06-08
90128A,PINK LEAVES AND BEADS PHONE CHARM,31,46.21,10,5,1.49,2010-01-24,2011-07-26
72024U,LILAC VOTIVE CANDLE,220,46.20,11,10,0.21,2009-12-02,2011-06-27
85081,PADDED HOLLY CHRISTMAS DECORATION,104,46.17,21,20,0.44,2009-12-09,2010-10-07
85132c,CHARLIE AND LOLA FIGURES TINS,4,46.10,4,0,11.53,2010-07-07,2011-04-26
84626,CANDY STRIPE ROSE QUILT,1,45.95,1,1,45.95,2009-12-09,2009-12-09
35611B,BLACK ASSORTED DROPLET DECORATION,62,45.76,3,2,0.74,2009-12-03,2010-11-23
16161C,WRAP SPEED DEMONS,450,45.00,2,2,0.1,2009-12-01,2009-12-22
72724,SET/6 CHRISTMAS ICICLE T-LIGHTS,36,45.00,10,9,1.25,2009-12-01,2009-12-10
23625,SET 6 CARDS SPARKLY REINDEER 17262,9,44.91,4,0,4.99,2011-09-15,2011-12-02
90135,ORANGE/WHT/FUSCHIA STONES NECKLACE,9,44.75,3,1,4.97,2010-11-23,2011-04-26
37462E,"PET MUG, GOLDFISH",107,44.60,28,9,0.44,2010-01-10,2011-12-05
72796B,S/3 FRENCH VANILLA SQU CANDLE,27,44.55,12,11,1.65,2009-12-02,2010-07-04
90197D,AMBER GLASS BRACELET HEART CHARMS,9,44.55,4,4,4.95,2010-02-02,2010-04-07
90011A,MIDNIGHT BLUE CRYSTAL DROP EARRINGS,15,44.28,15,2,2.95,2009-12-03,2011-11-24
35085E,IVORY ROSE LAMPSHADE,39,44.25,9,7,1.13,2009-12-01,2010-07-14
84586L,"PINK ROSES/GINGHAM PATCH RABBIT 8""",15,44.25,9,9,2.95,2009-12-06,2010-01-31
90084,PINK CRYSTAL GUITAR PHONE CHARM,64,44.20,9,8,0.85,2009-12-01,2011-03-06
90125E,AMBER BERTIE GLASS BEAD BAG CHARM,18,44.19,17,2,2.46,2009-12-02,2011-05-26
35815B,"ACRYLIC JEWEL SNOWFLAKE,BLUE",95,43.94,3,2,0.46,2009-12-07,2009-12-15
17014C,ORIGAMI LAVENDER INCENSE CONES,97,43.75,2,1,0.45,2009-12-05,2009-12-10
79063C,"RETRO PILL BOX KEY CHAIN,THE KING",235,43.65,14,13,0.19,2011-03-09,2011-12-08
18097A,PINK TALL PORCELAIN T-LIGHT HOLDER,17,43.35,12,10,2.55,2010-03-05,2011-06-22
90042B,FRESHWATER PEARL BRACELET PINK,17,43.35,6,4,2.55,2009-12-02,2010-11-24
35822P,"ACRYLIC BEAD CHAIN, PINK",114,43.32,1,1,0.38,2010-01-27,2010-01-27
90054,CRACKED GLAZE EARRINGS RED,17,43.02,17,2,2.53,2009-12-14,2011-12-08
23038,T-LIGHT HOLDER SILVER SAUCER,44,42.92,8,4,0.98,2011-07-11,2011-12-05
84857B,BLUE MONTE CARLO HANDBAG,24,42.90,1,1,1.95,2011-07-20,2011-07-21
79066k,RETRO MOD TRAY,26,42.71,16,0,1.64,2010-02-19,2011-11-20
84993a,75 GREEN PETIT FOUR CASES,51,42.71,30,0,0.84,2010-01-25,2011-12-05
21596,Hypochondriac Pill Stress Ball,10,42.64,9,0,4.26,2009-12-01,2010-11-04
90024A,NEW BAROQUE B'FLY NECKLACE BLACK,5,42.50,4,4,8.5,2010-01-28,2010-11-05
90126C,AMBER BERTIE MOBILE PHONE CHARM,21,42.10,5,2,2.0,2009-12-18,2011-07-15
72771C,BLACK FLOCK GOLD CANDLE,54,42.08,6,4,0.78,2009-12-07,2009-12-13
20860,GOLD COSMETICS BAG WITH BUTTERFLY,20,42.00,11,10,2.1,2010-04-08,2010-12-13
15060b,FAIRY CAKE DESIGN UMBRELLA,5,41.81,5,0,8.36,2010-03-05,2011-11-20
90060C,FIRE POLISHED GLASS NECKL SILVER,7,41.65,3,3,5.95,2009-12-06,2010-07-04
90152C,BLUE/NAT SHELL NECKLACE W PENDANT,7,41.65,4,4,5.95,2010-04-01,2011-02-14
35809a,ENAMEL PINK TEA CONTAINER,10,41.54,10,0,4.15,2010-11-26,2011-05-10
23448,CREAM BUNNY EASTER EGG BASKET,25,41.25,3,3,1.65,2011-10-10,2011-11-30
90027C,GLASS BEAD HOOP EARRINGS GREEN,14,41.17,12,2,2.94,2009-12-14,2011-11-25
18096c,WHITE ROUND PORCELAIN TLIGHT HOLDER,8,41.14,6,0,5.14,2009-12-01,2010-01-25
21119,Glow In The Dark Shot Glasses,3,41.01,3,0,13.67,2009-12-18,2010-09-27
35644,PAIR PINK/BLACK COATHANGERS,21,40.95,7,6,1.95,2010-02-03,2010-11-21
44228,CANNABIS LEAF BEAD CURTAIN,48,40.80,3,3,0.85,2010-11-18,2011-08-23
84798C,WHITE FOXGLOVE ARTIIFCIAL FLOWER,16,40.80,3,3,2.55,2010-01-05,2010-02-04
90136,PALE PINK/AMETHYST STONE NECKLACE,4,40.47,3,2,10.12,2010-11-23,2011-04-26
90152A,SILVER/NAT SHELL NECKLACE W PENDANT,7,40.34,7,4,5.76,2009-12-08,2011-11-30
20994,JAZZ HEARTS SPIRAL NOTEPAD,47,39.95,12,12,0.85,2009-12-01,2010-01-25
47013A,WINE BOTTLE DRESSING LT.BLUE,141,39.87,25,21,0.28,2009-12-16,2011-04-19
37468,HARDMAN MUG 3 ASSORTED,65,39.81,14,11,0.61,2009-12-18,2011-10-19
47013C,WINE BOTTLE DRESSING DARK BLUE,147,39.08,27,18,0.28,2009-12-04,2011-06-20
82545A,COGNAC AUX OEUFS METAL 1 HOOK,31,38.75,11,11,1.25,2010-01-14,2010-10-21
47567b,TEA TIME KITCHEN APRON,3,38.72,3,0,12.91,2009-12-22,2010-11-19
35963,FOLKART ZINC CLIP ON ANGEL WINGS,101,38.38,11,10,0.38,2009-12-16,2010-09-22
85184B,SET 4 EASTER DECOUPAGE OVAL BOXES,14,38.35,7,7,2.95,2009-12-09,2010-05-10
90130D,RED STONE/CRYSTAL EARRINGS,13,38.31,8,1,2.95,2010-01-11,2011-11-28
90027B,GLASS BEAD HOOP EARRINGS MONTANA,13,38.28,10,3,2.94,2009-12-09,2011-11-25
90183C,BLACK DROP EARRINGS W LONG BEADS,13,38.12,13,2,2.93,2009-12-02,2011-12-09
90182C,BLACK 3 BEAD DROP EARRINGS,19,38.04,13,2,2.93,2009-12-13,2011-12-09
90177A,CLASSIC DIAMANTE EARRINGS JET,19,37.99,14,2,2.93,2009-12-10,2011-12-09
47518f,ICON PLACEMAT POP ART ELVIS,9,37.75,9,0,4.19,2009-12-01,2011-10-26
85115B,S/4 BLACK DISCO PARTITION PANEL,6,37.62,2,1,6.27,2010-06-09,2011-10-11
90176B,DIAMANTE NECKLACE BLACK,5,37.62,4,2,7.52,2010-11-05,2011-11-16
90039A,FIRE POLISHED GLASS BRACELET RED,10,37.61,5,2,3.76,2009-12-18,2011-12-05
35233,PASTA ENAMEL/BRASS CONTAINER,10,37.50,8,8,3.75,2009-12-08,2010-05-18
37112,YELLOW BIRDS FELT DES FOODCOVER,10,37.50,5,4,3.75,2009-12-04,2010-02-02
37477B,"FLOWER FAIRY MUG+COASTER,LAVENDER",11,37.50,8,6,3.75,2009-12-02,2010-11-22
79413,GLASS WINE GLASS DECORATIONS,30,37.50,9,7,1.25,2009-12-04,2010-05-04
84509b,SET OF 4 FAIRY CAKE PLACEMATS,5,37.30,4,0,7.46,2011-02-02,2011-11-13
84705F,RED PEONY PHOTO FRAME,8,37.20,5,4,4.65,2009-12-02,2010-04-18
90126A,PINK BERTIE MOBILE PHONE CHARM,20,37.14,5,3,1.86,2009-12-06,2010-12-13
84251J,"GREETING CARD, THE BLACK CAT",74,37.04,17,4,0.5,2009-12-01,2010-06-07
16162M,THE KING GIFT BAG 25x24x12cm,88,36.96,13,10,0.42,2010-06-14,2011-11-27
72715,SPHERICAL IVORY CANDLE,88,36.96,13,8,0.42,2010-02-16,2010-08-26
17014E,ORIGAMI OPIUM INCENSE CONES,95,36.60,6,4,0.39,2010-05-10,2010-08-20
90141D,ROSE PENDANT TRIPLE SHELL NECKLACE,7,36.33,5,1,5.19,2010-01-19,2011-07-18
90214F,"LETTER ""F"" BLING KEY RING",44,36.28,27,11,0.82,2009-12-10,2011-12-07
90037D,TINY CRYSTALS BRACELET BLACK,14,35.87,8,1,2.56,2009-12-07,2010-06-23
90060B,FIRE POLISHED GLASS NECKL GOLD,6,35.70,4,4,5.95,2009-12-13,2010-12-15
90132,LIGHT TOPAZ TEAL/AQUA COL NECKLACE,7,35.63,7,0,5.09,2009-12-16,2011-08-30
47504J,ENGLISH ROSE SET/3 GARDEN TOOLS,5,35.45,4,2,13.45,2009-12-03,2010-03-17
85184c,S/4 VALENTINE DECOUPAGE HEART BOX,6,35.35,6,0,5.89,2009-12-22,2011-10-26
90011C,GREEN CRYSTAL DROP EARRINGS,12,35.33,7,1,2.94,2009-12-04,2011-11-24
90152B,BLUE/GREEN SHELL NECKLACE W PENDANT,6,35.26,5,4,5.88,2009-12-06,2010-12-13
79063D,"RETRO PILL BOX , REVOLUTIONARY",189,35.14,11,9,0.19,2011-02-09,2011-11-27
84510e,SET OF 4 GREEN CAROUSEL COASTERS,14,35.09,6,0,2.51,2010-04-09,2011-04-15
82613b,"METAL SIGN,CUPCAKE SINGLE HOOK",14,35.04,11,0,2.5,2010-02-01,2011-07-08
90059B,DIAMANTE HAIR GRIP PACK/2 BLACK DIA,27,34.97,16,4,1.66,2010-01-19,2011-12-05
84745B,BLUE HANGING GINGHAM EASTER HEN,83,34.86,17,15,0.42,2009-12-03,2011-04-27
DCGS0058,MISO PRETTY  GUM,42,34.82,30,0,0.83,2009-12-01,2010-10-22
37482p,CUBIC MUG PINK POLKA DOT,2,34.70,2,0,17.35,2009-12-01,2009-12-22
84546,CROCHET POODLE KEYRING,21,34.65,3,3,1.65,2010-03-01,2010-07-14
90081B,LILY BROOCH WHITE/SILVER COLOUR,7,34.65,3,2,4.95,2010-10-19,2011-05-18
35955,SMALL FOLKART CHRISTMAS TREE DEC,135,34.62,4,4,0.26,2009-12-01,2010-05-13
44265,M/COLOUR POM-POM CURTAIN,8,34.00,4,4,4.25,2009-12-08,2011-02-10
90066A,PINK VINTAGE VICTORIAN CHOKER,5,33.75,2,2,6.75,2010-07-19,2010-10-07
47591b,SCOTTIES CHILDRENS APRON,8,33.60,4,0,4.2,2010-09-22,2011-12-08
DCGS0003,BOXED GLASS ASHTRAY,13,32.59,13,0,2.51,2009-12-09,2011-05-05
82613c,"METAL SIGN,CUPCAKE SINGLE HOOK",13,32.48,12,0,2.5,2010-02-01,2011-10-26
85079,EMBROIDERED REINDEER DECORATION,23,32.25,8,6,1.4,2009-12-03,2009-12-23
84608,ORNATE EDWARDIAN CANDLE HOLDER,6,31.80,4,4,7.95,2009-12-04,2010-01-15
20952,PORCELAIN CHERUB BELL SMALL,329,31.56,24,19,0.46,2009-12-10,2010-11-23
90214O,"LETTER ""O"" BLING KEY RING",36,31.42,18,11,0.87,2009-12-09,2011-12-06
23632,SET 10 CARDS CHEERFUL ROBIN 17065,15,31.20,10,0,2.08,2011-09-23,2011-11-30
44091C,MULTICOLOUR CRUSOE CHECK LAMPSHADE,61,30.66,17,10,0.5,2009-12-17,2010-08-04
37348,SET OF 4 PASTEL STACKING MUGS,14,30.60,7,5,2.55,2009-12-02,2010-03-31
21919,Electronic Talking Breath-A-Loser,6,30.47,5,0,5.08,2009-12-14,2010-10-07
90076,MONTANA DIAMOND CLUSTER EARRINGS,12,30.45,7,1,2.75,2010-01-14,2011-11-24
37489B,BLUE/YELLOW FLOWER DESIGN BIG MUG,38,30.42,17,17,0.8,2010-02-12,2011-11-21
84745A,PINK HANGING GINGHAM EASTER HEN,72,30.24,15,13,0.42,2009-12-03,2011-04-27
90025F,BAROQUE BUTTERFLY EARRINGS CRYSTAL,8,30.23,8,2,3.78,2010-01-11,2011-10-20
18010,ASSORTED FRAGRANCE BATH CONFETTI,64,30.16,9,6,0.47,2009-12-01,2010-01-28
37491B,BLUE/YELLOW CERAMIC CANDLE HOLDER,14,30.08,8,5,2.15,2010-01-11,2011-07-18
47563B,WAVELINE SURF IRONING BOARD COVER,8,30.00,6,6,3.75,2010-02-14,2010-11-28
90176E,DIAMANTE NECKLACE GREEN,4,29.98,3,2,7.5,2011-08-22,2011-12-02
21767,FRENCH STYLE WIRE DOOR CABINET,1,29.95,1,1,29.95,2009-12-01,2009-12-01
21685,MEDINA STAMPED METAL TRAY,3,29.90,2,2,14.95,2009-12-01,2010-02-26
79065A,TEATIME ROUND CAKE TINS,4,29.85,1,1,9.95,2009-12-02,2010-01-21
22351,DOTCOMGIFTSHOP TEA TOWEL,15,29.81,3,1,1.99,2010-08-26,2011-06-29
84985a,SET OF 72 GREEN PAPER DOILIES,10,29.80,8,0,2.98,2010-06-24,2010-11-17
35598A,DUSTY PINK CHRISTMAS TREE 60CM,10,29.50,3,3,2.95,2009-12-07,2011-11-20
10138,ASSORTED COLOUR JUMBO PEN,261,29.32,21,14,0.43,2009-12-02,2010-04-20
78034B,BLUE NETTING STORAGE HANGER,15,29.25,9,9,1.95,2010-06-16,2011-10-02
90214V,"LETTER ""V"" BLING KEY RING",38,28.98,24,7,0.76,2010-02-03,2011-12-05
46776f,WOVEN ROSE GARDEN CUSHION COVER,7,28.91,1,0,4.13,2011-10-31,2011-10-31
37489D,PINK/GREEN FLOWER DESIGN BIG MUG,46,28.86,20,20,0.63,2010-01-14,2011-12-05
44089C,LILAC GAUZE BUTTERFLY LAMPSHADE,68,28.56,18,14,0.42,2010-02-04,2011-09-23
40005B,BLUE ORGANDY ROUND LAMPSHADE W BEA,33,28.05,13,11,0.85,2010-03-25,2011-11-22
17091F,SANDALWOOD INCENSE IN TIN,19,27.71,8,6,1.46,2009-12-06,2010-01-10
23613,SET 10 XMAS CARDS & BADGES 17070,11,27.39,6,0,2.49,2011-09-07,2011-11-28
23637,SET 10 CARDS OUT OF ORDER 17216,11,27.39,9,0,2.49,2011-09-07,2011-12-08
21097,SET/6 GREEN SPRING  PAPER PLATE,32,27.20,7,5,0.85,2010-01-15,2010-06-21
84867b,BLUE BABY BOY'S PHOTO ALBUM,2,27.14,1,0,13.57,2010-01-25,2010-01-25
90187A,BLUE DROP EARRINGS W BEAD CLUSTER,8,27.04,7,1,3.38,2009-12-07,2011-02-28
23702,High Resolution Image,4,27.00,3,3,6.75,2011-10-19,2011-11-16
17013F,ORIGAMI SANDLEWOOD INCENSE IN TUBE,62,26.70,5,4,0.43,2009-12-21,2010-08-20
90027A,GLASS BEAD HOOP EARRINGS BLACK,9,26.52,6,3,2.95,2010-03-21,2011-08-30
90025E,BAROQUE BUTTERFLY EARRINGS MONTANA,7,26.50,7,3,3.79,2009-12-02,2011-06-06
23636,SET 10 CARDS WISHING TREE 17116,9,26.19,7,0,2.91,2011-10-24,2011-12-08
90182A,AMBER 3 BEAD DROP EARRINGS,9,26.16,9,0,2.91,2010-11-29,2011-12-06
37489C,GREEN/BLUE FLOWER DESIGN BIG MUG,27,26.06,12,10,0.97,2009-12-01,2011-09-14
85164b,BLACK BAROQUE CUCKOO CLOCK,1,26.04,1,0,26.04,2009-12-01,2009-12-01
90041,PEARL AND CHERRY QUARTZ BRACLET,7,25.67,6,2,3.67,2009-12-09,2011-12-02
20954,*USB Office Mirror Ball,3,25.59,3,0,8.53,2009-12-02,2010-12-17
90142A,GREEN PENDANT SHELL NECKLACE,5,25.45,4,0,5.09,2010-06-25,2010-12-17
DCGS0070,CAMOUFLAGE DOG COLLAR,2,25.44,2,0,12.72,2010-04-01,2010-12-21
85035a,GARDENIA 3 WICK MORRIS BOXED CANDLE,3,25.41,3,0,8.47,2010-11-24,2010-12-21
90214Y,"LETTER ""Y"" BLING KEY RING",68,25.34,10,4,0.37,2010-11-03,2011-12-06
35597D,PINK/WHITE CHRISTMAS TREE 30CM,58,25.28,7,7,0.44,2009-12-04,2011-09-01
90055,CRACKED GLAZE EARRINGS BROWN,10,25.28,10,1,2.53,2010-01-11,2011-12-09
90053,CRACKED GLAZE EARRINGS IVORY,10,25.23,10,0,2.52,2010-01-11,2011-10-07
72801g,S/4 BURGUNDY WINE DINNER CANDLES,10,25.10,3,0,2.51,2010-02-19,2010-11-04
84596b,SMALL DOLLY MIX DESIGN ORANGE BOWL,10,25.10,8,0,2.51,2010-06-08,2010-12-21
90128C,GREEN LEAVES AND BEADS PHONE CHARM,17,25.04,6,3,1.47,2009-12-18,2011-09-28
23620,SET 10 CARDS PERFECT POST 17090,10,24.90,7,0,2.49,2011-09-02,2011-11-18
85034a,3 GARDENIA MORRIS BOXED CANDLES,3,24.87,3,0,8.29,2011-05-23,2011-11-08
84550,CROCHET LILAC/RED BEAR KEYRING,15,24.75,5,4,1.65,2009-12-11,2011-11-25
35633B,BLUE TINSEL GARLAND,130,24.70,12,12,0.19,2009-12-04,2010-11-28
35596,WOOD XMAS TREE 9 FIG SHELVES,29,24.65,4,4,0.85,2010-10-12,2010-10-22
10124A,SPOTS ON RED BOOKCOVER TAPE,58,24.36,18,18,0.42,2010-03-19,2011-11-06
37494a,FAIRY CAKE CERAMIC BUTTER DISH,4,24.16,3,0,6.04,2009-12-22,2009-12-22
84575B,BROWN DOG CANNISTER W BONE,4,23.80,3,3,5.95,2009-12-09,2010-02-15
84611B,BLACK NEW BAROQUE FLOCK BOX,7,23.80,4,4,5.95,2010-01-07,2010-11-15
79302m,"ART LIGHTS,FUNK MONKEY",4,23.77,4,0,5.94,2009-12-22,2010-04-09
90128B,BLUE LEAVES AND BEADS PHONE CHARM,18,23.76,6,5,1.32,2010-01-24,2010-12-09
17014F,ORIGAMI SANDLEWOOD INCENSE CONES,61,23.70,4,4,0.39,2010-01-21,2010-08-20
47556b,TEA TIME TEA TOWELS,4,23.64,4,0,5.91,2010-02-19,2010-08-02
90011E,AMBER CRYSTAL DROP EARRINGS,8,23.61,8,1,2.95,2009-12-08,2011-09-15
85040b,SET/4 BLUE FLOWER CANDLES IN BOWL,7,23.52,3,0,3.36,2010-04-26,2010-06-24
23623,SET 10 CARD CHRISTMAS WELCOME 17112,8,23.28,6,0,2.91,2011-09-02,2011-11-29
84456,SET OF 3 RABBIT EGG EASTER,37,22.95,16,12,0.9,2009-12-04,2010-06-25
90095,NECKLACE+BRACELET SET PINK BLOSSOM,8,22.91,3,2,2.86,2010-03-08,2010-06-27
90025C,BAROQUE BUTTERFLY EARRINGS GREEN,6,22.56,6,2,3.76,2010-02-17,2010-10-24
37477C,"FLOWER FAIRY MUG+COASTER,ROSE",6,22.50,1,1,3.75,2010-11-23,2010-11-23
84450A,PINK RABBIT SITTING EASTER,52,22.50,5,4,0.47,2009-12-16,2010-02-03
84876C,SILVER HEART COMPACT MIRROR,7,22.50,4,4,3.75,2009-12-13,2010-03-07
85225,BLING KEY RING STAND,19,22.50,11,10,1.18,2009-12-13,2011-12-07
90189B,GOLD 2 STRAND NECKLACE-LEAF CHARMS,3,22.50,2,2,7.5,2010-02-16,2010-04-29
23640,SET 10 CARDS SCOTTIE DOG 17211,9,22.41,8,0,2.49,2011-09-07,2011-12-08
23645,SET 10 CHRISTMAS CARDS HOHOHO 16956,9,22.41,4,0,2.49,2011-10-27,2011-12-08
35652,VINTAGE BEAD CHAISE LONG JEWEL BOX,18,21.50,2,2,1.19,2009-12-16,2010-03-08
90214Z,"LETTER ""Z"" BLING KEY RING",31,21.49,18,5,0.69,2009-12-10,2011-12-05
84387A,BIRD ON BRANCH CANVAS SCREEN,11,21.45,1,1,1.95,2011-07-21,2011-07-21
21387,IVORY HANGING DECORATION  RABBIT,25,21.25,4,4,0.85,2010-02-23,2010-03-01
35591T,TURQUOISE CHRISTMAS TREE,17,21.25,9,9,1.25,2010-09-05,2011-11-20
90128D,PURPLE LEAVES AND BEADS PHONE CHAR,13,21.24,7,2,1.63,2010-02-24,2011-02-15
21594,Dr. Jam's Arouzer Stress Ball,5,21.06,5,0,4.21,2009-12-09,2011-01-14
23692,WRAP A PRETTY THANK YOU,50,21.00,2,2,0.42,2011-11-09,2011-11-30
84868B,BLUE BABY BOY'S MEMORY BOX,5,20.85,4,4,6.95,2010-01-26,2010-05-09
DCGS0072,CAT CAMOUFLAGUE COLLAR,4,20.68,3,0,5.17,2009-12-14,2009-12-18
46776a,WOVEN BUBBLE GUM CUSHION COVER,5,20.65,1,0,4.13,2011-10-31,2011-10-31
10002R,ROBOT PENCIL SHARPNER,4,20.57,3,0,5.14,2009-12-02,2010-01-25
79172D,PURPLE TINT ACRYLIC FLOWER VASE,24,20.40,4,4,0.85,2010-03-08,2010-10-31
85232a,SET/3 POLKA DOT STACKING TINS,2,20.34,2,0,10.17,2010-04-09,2010-05-26
47552A,DOTS IRONING BOARD COVER,12,20.10,11,11,1.95,2009-12-10,2010-06-17
84536a,ENGLISH ROSE NOTEBOOK A7 SIZE,25,19.97,12,0,0.8,2010-03-29,2011-11-20
90082C,DIAMANTE BOW BROOCH WHITE COLOUR,3,19.93,3,1,6.64,2010-01-13,2010-02-10
23601,SET 10 CARDS SNOWY SNOWDROPS  17100,8,19.92,4,0,2.49,2011-09-23,2011-11-28
23616,SET 10 CARDS JINGLE BELLS 17217,8,19.92,7,0,2.49,2011-11-09,2011-12-09
23646,SET 10 CARDS JINGLE BELLS 16957,8,19.92,5,0,2.49,2011-09-07,2011-11-17
90127A,PINK BEADS+HAND PHONE CHARM,14,19.92,2,1,1.42,2010-11-21,2011-07-15
84570B,WHITE SATIN DRESS JEWEL STAND,4,19.80,2,2,4.95,2009-12-15,2010-01-20
37487B,YELLOW/ORANGE FLOWER DESIGN PLATE,68,19.72,2,2,0.29,2011-04-11,2011-04-13
44092C,PURPLE/COPPER HANGING LAMPSHADE,23,19.55,10,6,0.85,2009-12-18,2011-10-20
20680,PINK FLOWERS CHILDS UMBRELLA,6,19.50,4,4,3.25,2009-12-10,2010-01-22
79062D,"RETRO TIN ASHTRAY,REVOLUTIONARY",52,19.40,4,4,0.37,2011-02-17,2011-08-16
81950V,FLOWER PURPLE CLOCK W/SUCKER,32,18.80,10,10,0.59,2009-12-03,2011-07-13
84030B,KNITTED POM POM HOT WATER BOTTLE,5,18.75,3,2,3.75,2010-02-09,2010-03-05
90025D,BAROQUE BUTTERFLY EARRINGS PINK,5,18.69,5,2,3.74,2010-02-16,2011-09-29
84732B,CUTE BIRD CEATURE SCREEN,28,18.48,6,6,0.66,2009-12-17,2011-08-18
72796A,S/3 ENGLISH LAVENDER SQU CANDLE,11,18.15,5,5,1.65,2009-12-02,2010-04-29
84311,CAMOFLAGE CUSHION COVER,11,18.15,1,1,1.65,2010-02-09,2010-02-09
84986b,SET OF 36 SILVER PAPER DOILIES,6,17.88,5,0,2.98,2010-05-26,2010-08-06
18097B,BLUE TALL PORCELAIN T-LIGHT HOLDER,7,17.85,3,3,2.55,2009-12-02,2010-01-17
21450,DISTRESSED CANDLE STICK WHITE,13,17.85,3,3,5.95,2009-12-03,2009-12-20
71050,SMALL SINGLE FLAME CANDLE HOLDER,51,17.85,8,7,0.35,2010-06-08,2011-12-02
84614C,BLUE BAROQUE FLOCK CANDLE HOLDER,3,17.85,1,1,5.95,2010-01-05,2010-01-05
72801e,S/4 FESTIVE GREEN DINNER CANDLES,7,17.57,4,0,2.51,2010-03-29,2010-08-12
90182B,AMETHYST 3 BEAD DROP EARRINGS,6,17.53,6,0,2.92,2009-12-16,2011-12-08
23627,SET 10 CARDS XMAS GRAPHIC  17218,7,17.43,2,0,2.49,2011-11-11,2011-11-25
37482b,CUBIC MUG BLUE POLKA DOT,1,17.35,1,0,17.35,2009-12-22,2009-12-22
DCGS0066N,NAVY CUDDLES DOG HOODIE,2,17.30,2,0,8.65,2009-12-22,2009-12-22
84796b,BLUE SAVANNAH PICNIC HAMPER FOR 2,2,17.12,2,0,8.56,2009-12-01,2010-07-26
DCGS0068,DOGS NIGHT COLLAR,2,17.12,2,0,8.56,2009-12-01,2010-01-19
84993b,75 BLACK PETIT FOUR CASES,20,16.99,13,0,0.85,2010-01-25,2010-04-26
21120,*Boombox Ipod Classic,1,16.98,1,0,16.98,2010-12-09,2010-12-09
85035c,ROSE 3 WICK MORRIS BOX CANDLE,2,16.94,2,0,8.47,2010-11-24,2010-12-07
85036b,CHOCOLATE 1 WICK MORRIS BOX CANDLE,2,16.94,2,0,8.47,2010-10-22,2010-12-03
72805,VANILLA CANDLE IN EMBOSSED ZINC POT,10,16.90,3,3,1.69,2009-12-06,2010-02-07
47591c,BLUE FAIRY CAKE CHILD'S APRON,4,16.84,3,0,4.21,2010-06-04,2010-07-07
37488A,YELLOW PINK FLOWER DESIGN BIG BOWL,31,16.82,5,4,0.64,2010-02-23,2011-04-13
21511,VINTAGE COLLAGE  GREETING  CARD,40,16.80,2,1,0.42,2010-04-13,2010-05-21
44089A,PINK GAUZE BUTTERFLY LAMPSHADE,40,16.80,13,11,0.42,2010-02-04,2011-11-27
72785A,S/4 CONTEMPORY PINK ROSEBUD CANDLES,8,16.80,4,4,2.1,2009-12-11,2010-02-19
23644,SET 10 CARDS CHRISTMAS TREE 16955,5,16.65,5,0,3.33,2011-09-30,2011-12-09
84031a,CHARLIE+LOLA RED HOT WATER BOTTLE,1,16.63,1,0,16.63,2011-10-31,2011-10-31
84031b,CHARLIE LOLA BLUE HOT WATER BOTTLE,1,16.63,1,0,16.63,2011-10-31,2011-10-31
85036a,GARDENIA 1 WICK MORRIS BOXED CANDLE,2,16.58,1,0,8.29,2011-07-12,2011-07-12
85160b,BLACK BIRD GARDEN DESIGN MUG,1,16.13,1,0,16.13,2010-03-29,2010-03-29
90102,WHITE FRANGIPANI HAIR CLIP,19,16.11,4,3,0.85,2010-01-25,2011-06-07
62074B,ELEPHANT CLIP W SUCTION CUP,38,15.96,12,8,0.42,2009-12-13,2011-07-12
84250M,"GREETING CARD, BLACKPOOL ROCK",28,15.90,13,1,0.57,2009-12-03,2010-07-15
84630,FLOWERS AND BIRDS WALL PLAQUE,2,15.90,1,1,7.95,2010-01-21,2010-01-21
35932,PINK CHRISTMAS TREE DECORATION,37,15.63,10,10,0.42,2009-12-04,2010-11-12
84912a,PINK ROSE WASHBAG,2,15.56,1,0,7.78,2009-12-22,2009-12-22
21560,TOADSTOOL  LUNCHBOX WITH CUTLERY,4,15.44,4,0,3.86,2009-12-01,2009-12-22
21853,GUMBALL CUSTOM CARS TOP TRUMPS GAME,3,15.40,3,0,5.13,2009-12-02,2010-04-19
37481,CUBIC MUG TEATIME CAKES,6,15.30,1,1,2.55,2010-06-06,2010-06-06
84509e,SET OF 4 CAROUSEL PLACEMATS,2,15.24,1,0,7.62,2010-07-07,2010-07-07
85124c,GREEN JUICY FRUIT PHOTO FRAME,3,15.18,2,0,5.06,2010-07-22,2010-08-26
17174,ASSTD RASTA KEY-CHAINS,36,15.12,7,7,0.42,2010-02-01,2011-11-24
84206A,3 BLACK CATS W HEARTS BLANK CARD,79,15.01,9,9,0.19,2009-12-06,2011-11-25
23449,SET OF 6 EASTER RAINBOW CHICKS,12,15.00,1,1,1.25,2011-11-15,2011-11-15
90068,"RUBY GLASS NECKLACE 42""",2,15.00,2,0,7.5,2010-09-28,2011-03-18
23621,SET 10 CARDS DAVID'S MADONNA 17074,6,14.94,4,0,2.49,2011-11-11,2011-12-09
84509g,SET OF 4 FAIRY CAKE PLACEMATS,2,14.92,2,0,7.46,2011-05-10,2011-05-10
35650,VINTAGE BEAD PINK JEWEL STAND,3,14.85,3,3,4.95,2010-06-03,2011-08-01
84567,FROSTED GLASS WITH SILVER SURROUND,9,14.85,1,1,1.65,2010-01-20,2010-01-20
90011D,PURPLE CRYSTAL DROP EARRINGS,5,14.75,5,0,2.95,2009-12-02,2011-11-22
SP1002,KID'S CHALKBOARD/EASEL,5,14.75,2,2,2.95,2010-10-07,2010-10-07
23634,SET 10 CARDS XMAS CHOIR 17068,5,14.55,5,0,2.91,2011-09-02,2011-12-06
90077,BLACK DIAMOND CLUSTER EARRINGS,5,14.40,5,1,2.88,2009-12-14,2011-09-07
10124G,ARMY CAMO BOOKCOVER TAPE,33,14.28,10,9,0.43,2010-05-13,2011-11-06
21852,EMPIRE TEDDY,2,13.90,2,1,6.95,2009-12-04,2009-12-18
84868A,PINK BABY GIRL'S MEMORY BOX,2,13.90,2,2,6.95,2010-01-26,2010-01-31
84406b,CREAM CUPID HEARTS COAT HANGER,2,13.82,2,0,6.91,2009-12-22,2009-12-22
16245A,PINK MINI STATIONERY SET W CASE,11,13.75,7,7,1.25,2010-03-10,2010-07-12
35936,CERISE+GOLD CHRISTMAS TREE DEC,36,13.68,9,8,0.38,2009-12-11,2010-10-17
84814B,RHOMBUS CRYSTAL PERFUME BOTTLE,7,13.65,3,2,1.95,2009-12-01,2009-12-06
35443,RASTA IN BATH W SPLIFF ASHTRAY,16,13.60,10,9,0.85,2009-12-06,2011-11-24
79342b,BROWN FLOWER LIGHTS,1,13.57,1,0,13.57,2010-02-19,2010-02-19
84867a,PINK BABY GIRLS PHOTO ALBUM,1,13.57,1,0,13.57,2010-05-05,2010-05-05
85039b,S/4 IVORY MINI ROSE CANDLE IN BOWL,4,13.44,1,0,3.36,2010-02-19,2010-02-19
62097B,BLUE STRIPES SHOULDER BAG,11,13.37,4,3,1.22,2010-06-16,2011-05-23
23639,SET 10 CARDS MAGICAL TREE 17086,4,13.32,4,0,3.33,2011-09-15,2011-11-17
23607,SET 10 CARDS HATS & STOCKINGS 17081,8,13.28,7,0,1.66,2011-09-13,2011-11-24
35004s,SET OF 3 SILVER FLYING DUCKS,1,13.00,1,0,13.0,2009-12-01,2009-12-01
85159b,"WHITE TEA,COFFEE,SUGAR JARS",1,13.00,1,0,13.0,2009-12-22,2009-12-22
16192,PINK BALLET OPENING CUBE BOX,3,12.90,1,0,4.3,2009-12-18,2009-12-18
78056,CAMOUFLAGE BACKPACK ON WHEELS,3,12.85,2,1,9.95,2009-12-02,2010-01-26
84989b,75 BLACK FAIRY CAKE CASES,10,12.80,6,0,1.28,2010-01-25,2010-06-24
84247J,PACK/12 RUSSIAN DOLL CARDS,10,12.78,9,2,1.28,2009-12-02,2009-12-18
20812,EMBOSSED FLOWER TRELLIS PHOTO FRAME,5,12.75,3,3,2.55,2009-12-01,2010-01-28
21772,VINTAGE METAL CAKE STAND CREAM,1,12.75,1,1,12.75,2010-01-05,2010-01-05
44092B,BLUE WHITE PLASTIC RINGS LAMPSHADE,15,12.75,6,4,0.85,2010-07-18,2011-09-05
72752B,"F.FAIRY,CANDLE IN GLASS,LAVENDER",3,12.75,2,2,4.25,2009-12-04,2009-12-11
84648,NEW BAROQUE WALL MIRROR,1,12.75,1,1,12.75,2009-12-01,2009-12-01
35004p,SET OF 3 PINK FLYING DUCKS,1,12.72,1,0,12.72,2010-10-22,2010-10-22
85157,SET OF 2 CHESTS CHOCOLAT AU LAIT,1,12.72,1,0,12.72,2010-01-13,2010-01-13
DCGS0037,KEY-RING CORKSCREW,1,12.72,1,0,12.72,2010-06-14,2010-06-14
DCGS0075,CAMOUFLAGUE DOG LEAD,1,12.72,1,0,12.72,2010-04-01,2010-04-01
35751C,PURPLE CURRENT CANDLE RING,31,12.61,2,2,0.41,2009-12-01,2009-12-02
35597A,DUSTY PINK CHRISTMAS TREE 30CM,10,12.50,4,4,1.25,2010-09-06,2010-12-06
23635,SET 10 CARDS CHRISTMAS HOLLY  17259,3,12.48,3,0,4.16,2011-10-05,2011-12-09
23654,SET 10 CARD SNOWMAN 16965,5,12.45,4,0,2.49,2011-10-27,2011-12-08
84596g,SMALL CHOCOLATES PINK BOWL,5,12.40,2,0,2.48,2010-11-26,2011-02-17
90000C,OPAL WHITE/SILVER FLOWER NECKLACE,2,12.32,2,1,6.16,2009-12-13,2010-01-18
79149B,SILICON STAR BULB  BLUE,29,12.18,12,11,0.42,2009-12-04,2011-12-06
44242A,LILAC FEATHERS CURTAIN,14,11.98,2,2,0.86,2010-03-25,2011-07-10
22206,"MUG , DOTCOMGIFTSHOP.COM",14,11.82,10,0,0.84,2010-06-07,2011-11-21
85179a,GREEN BITTY LIGHT CHAIN,2,11.78,2,0,5.89,2010-10-28,2011-11-29
23605,SET 10 CARDS 12 DAYS OF XMAS 17059,4,11.64,1,0,2.91,2011-10-05,2011-10-05
23608,SET 10 CARDS RUDOLPHS NOSE 17097,4,11.64,3,0,2.91,2011-11-03,2011-12-08
90025B,BAROQUE BUTTERFLY EARRINGS RED,3,11.29,3,1,3.76,2010-03-07,2011-04-21
79070b,ENGLISH ROSE SQUARE CAKE TINS,1,11.26,1,0,11.26,2009-12-01,2009-12-01
35918B,BLUE FLORIBUNDA EGG WARMER,10,11.25,5,5,1.25,2009-12-02,2010-04-08
51012L,"FEATHER DUSTER, LIGHT PINK",10,11.25,6,5,1.25,2009-12-03,2010-03-22
84366,VENDETTA CANVAS PICTURE,3,11.25,3,2,3.75,2010-02-02,2010-05-13
84743C,ORANGE FELT VASE + FLOWERS,9,11.25,5,5,1.25,2010-03-12,2011-03-31
17011B,ORIGAMI JASMINE INCENSE+FLOWER,19,11.10,2,2,0.58,2010-05-30,2010-08-20
47590a,BLUE HAPPY BIRTHDAY BUNTING,1,11.02,1,0,11.02,2010-07-07,2010-07-07
72785B,S/4 CONTEMPORY RED ROSEBUD CANDLES,9,10.90,3,3,1.21,2009-12-11,2010-01-29
84732D,CUTE RABBIT CEATURE SCREEN,15,10.89,6,6,0.73,2009-12-17,2011-08-18
16169A,WRAP CHRISTMAS DECOUPAGE,25,10.50,1,1,0.42,2010-04-29,2010-04-29
16169G,WRAP ROMANTIC DECOUPAGE,25,10.50,1,1,0.42,2009-12-10,2009-12-10
17084G,MOON INCENSE,50,10.50,2,2,0.21,2009-12-02,2009-12-07
21857,STAR WARS TOP TRUMPS GAME,2,10.23,2,0,5.12,2010-01-11,2010-01-20
21858,HIGH SCHOOL MUSICAL 3 TOP TRUMPS,2,10.23,2,0,5.12,2009-12-10,2010-03-08
85124b,BLUE JUICY FRUIT PHOTO FRAME,2,10.23,2,0,5.12,2009-12-22,2010-06-24
20939,ORANGE CANDLE,12,10.20,1,1,0.85,2009-12-11,2009-12-11
85232d,SET/3 DECOUPAGE STACKING TINS,1,10.17,1,0,10.17,2010-09-28,2010-09-28
90214W,"LETTER ""W"" BLING KEY RING",19,10.17,8,3,0.54,2010-06-07,2011-12-05
84661c,PINK SQUARE TABLE CLOCK,2,10.12,2,0,5.06,2010-03-05,2010-11-24
84661a,WHITE SQUARE TABLE CLOCK,2,10.02,2,0,5.01,2010-10-15,2011-05-17
23615,SET 10 CARDS PRINTED GRAPHIC 17219,4,9.96,4,0,2.49,2011-10-27,2011-12-06
23619,SET 10 CARDS POINSETTIA 17093,4,9.96,2,0,2.49,2011-10-05,2011-11-08
23624,SET 10 CARD PERFECT NATIVITY 17089,4,9.96,4,0,2.49,2011-09-22,2011-11-11
23650,SET 10 CARDS FILIGREE BAUBLE 16961,4,9.96,4,0,2.49,2011-09-27,2011-12-08
84971s,SMALL HEART FLOWERS HOOK,6,9.96,3,0,1.66,2010-05-26,2010-10-28
85049b,LUSH GREENS RIBBONS,4,9.94,3,0,2.49,2010-06-24,2011-09-20
85231g,ORANGE SCENTED SET/9 T-LIGHTS,6,9.78,6,0,1.63,2011-01-14,2011-05-10
81953P,ROUND ARTICULATED PINK CLOCK W/SUCK,33,9.57,6,5,0.29,2010-02-24,2011-07-21
23441,HAND PAINTED HANGING EASTER EGG,22,9.24,3,3,0.42,2011-11-23,2011-12-07
72708,SCULPTED ROUND IVORY CANDLE,44,9.24,5,5,0.21,2009-12-10,2010-08-23
90184c,BLACK CHUNKY BEAD BRACELET W STRAP,1,9.15,1,0,9.15,2011-10-31,2011-10-31
18098B,BLUE PORCELAIN B'FLY OIL BURNER,3,8.85,3,3,2.95,2009-12-13,2010-02-24
20882,MODERN CHRISTMAS TREE CANDLE,3,8.85,2,1,2.95,2009-12-13,2009-12-16
35598C,WHITE CHRISTMAS TREE 60CM,3,8.85,3,3,2.95,2009-12-18,2011-11-24
62097A,PINK STRIPES SHOULDER BAG,3,8.85,3,1,2.95,2009-12-11,2010-08-06
71496B,A4 WALL TIDY RED FLOWERS,15,8.67,6,6,0.58,2010-04-20,2011-11-02
20739,*USB Office Glitter Lamp,1,8.65,1,0,8.65,2009-12-01,2009-12-01
21406,SPOTTY CAT DOORSTOP,1,8.65,1,0,8.65,2009-12-14,2009-12-14
90013E,AMBER VINTAGE EARRINGS,2,8.57,2,0,4.29,2009-12-09,2010-01-13
79323B,BLACK CHERRY LIGHTS,242,8.50,58,35,6.47,2009-12-01,2011-02-11
84572,6 HOOK JEWEL STAND LILAC DRESS,1,8.49,1,1,8.49,2009-12-02,2009-12-02
90126B,BLUE BERTIE MOBILE PHONE CHARM,3,8.48,3,0,2.83,2009-12-18,2010-03-26
72803b,OCEAN SCENT CANDLE JEWELLED DRAWER,1,8.47,1,0,8.47,2010-12-03,2010-12-03
84030b,KNITTED POM POM HOT WATER BOTTLE,1,8.46,1,0,8.46,2010-01-25,2010-01-25
23612,SET 10 MINICARDS CUTE SNOWMAN 17071,5,8.30,2,0,1.66,2011-10-06,2011-11-17
84534b,FAIRY CAKE NOTEBOOK A5 SIZE,5,8.30,4,0,1.66,2010-06-24,2010-12-21
72802c,VANILLA SCENT CANDLE JEWELLED BOX,1,8.29,1,0,8.29,2011-11-23,2011-11-23
85034b,3 WHITE CHOC MORRIS BOXED CANDLES,1,8.29,1,0,8.29,2011-11-25,2011-11-25
84029c,BROWN FURRY HOT WATER BOTTLE,1,7.78,1,0,7.78,2009-12-22,2009-12-22
44091A,BLUE CRUSOE CHECK LAMPSHADE,18,7.56,6,6,0.42,2010-03-26,2011-07-20
46037A,PINK CANVAS DES CUSHION COVER,6,7.50,2,2,1.25,2010-05-25,2010-08-12
82011E,"BATHROOM SCALES, FAG BREAK",2,7.50,2,2,3.75,2010-02-11,2010-02-11
90025A,BAROQUE BUTTERFLY EARRINGS BLACK,2,7.50,2,2,3.75,2011-04-10,2011-10-09
82613a,"METAL SIGN,CUPCAKE SINGLE HOOK",3,7.48,3,0,2.49,2010-02-01,2011-06-08
23633,SET 10 CARDS WORLD CHILDREN 17067,3,7.47,3,0,2.49,2011-10-31,2011-11-21
84201B,HAPPY BIRTHDAY CARD STRIPEY TEDDY,39,7.41,8,6,0.19,2009-12-06,2011-11-25
90111,BLUE HIBISCUS  HAIR CLIP,7,7.35,6,6,1.05,2009-12-07,2010-03-08
85230C,ROSE SCENTED VOTIVE CANDLE,24,6.96,1,1,0.29,2009-12-10,2009-12-10
85230D,VANILLA SCENTED VOTIVE CANDLE,24,6.96,1,1,0.29,2009-12-10,2009-12-10
84705b,FAIRY CAKES PHOTO FRAME,2,6.86,2,0,3.43,2009-12-01,2009-12-22
37484,ENGLISH ROSE TEA FOR ONE GIFT BOX,1,6.75,1,1,6.75,2009-12-08,2009-12-08
48173A,DOOR MAT BLUE FLOCK,1,6.75,1,1,6.75,2010-01-26,2010-01-26
85185E,DUCK SOCK PUPPET,4,6.70,2,2,2.95,2009-12-03,2010-01-20
23604,SET 10 MINI SANTA & SNOWMAN  17087,4,6.64,2,0,1.66,2011-10-03,2011-10-17
20678,LARGE BLACK DIAMANTE HAIRSLIDE,4,6.60,1,1,1.65,2011-09-23,2011-09-23
20858,SILVER PURSE GOLD PINK BUTTERFLY,4,6.60,1,1,1.65,2009-12-14,2009-12-14
85231b,CINAMMON SET OF 9 T-LIGHTS,4,6.58,4,0,1.65,2010-10-01,2011-04-15
84536b,FAIRY CAKES NOTEBOOK A7 SIZE,8,6.48,4,0,0.81,2010-06-24,2010-12-09
20884,MODERN CHRISTMAS TREE CANDLE,3,6.30,3,2,2.1,2009-12-10,2009-12-18
79140,ASS WINDPROOF MARIJUANA LIGHTERS,15,6.30,2,2,0.42,2010-02-01,2010-06-01
20673,STRAWBERRIES PRINT BOWL,5,6.25,2,2,1.25,2009-12-01,2009-12-03
20942,SET/6 GINGERBREAD TREE T-LIGHTS,6,6.25,4,4,1.25,2009-12-01,2009-12-22
37408,ASSORTED DESIGN GEISHA GIRL MUGS,5,6.25,1,1,1.25,2009-12-04,2009-12-04
82072,WHITE WOOD SINGLE P/FRAME,5,6.25,3,3,1.25,2010-02-07,2010-08-27
23610,SET 10 CARDS CHRISTMAS ROBIN 17095,3,6.24,3,0,2.08,2011-09-23,2011-11-11
79051a,SMOKEY GREY COLOUR D.O.F. GLASS,1,6.04,1,0,6.04,2009-12-22,2009-12-22
85123b,ZINC HANGING HEART T-LITE HLDR,1,6.04,1,0,6.04,2009-12-22,2009-12-22
37409,ASSORTED DESIGN FLOWER MUGS,7,5.95,3,3,0.85,2010-01-14,2010-04-11
72751A,"F.FAIRY S/3 SML CANDLE,LILY/VALLEY",1,5.95,1,1,5.95,2009-12-04,2009-12-04
72751B,"F.FAIRY S/3 SML CANDLE, LAVENDER",1,5.95,1,1,5.95,2009-12-04,2009-12-04
72751C,"F.FAIRY S/3 SML CANDLE, ROSE",1,5.95,1,1,5.95,2010-02-07,2010-02-07
85077,KISSING REINDEER TABLE RUNNER,1,5.95,1,0,5.95,2009-12-22,2009-12-22
85184d,S/4 BLUE ROUND DECOUPAGE BOXES,1,5.91,1,0,5.91,2010-07-22,2010-07-22
18098A,PINK PORCELAIN B'FLY OIL BURNER,2,5.90,2,2,2.95,2009-12-14,2009-12-17
35821P,"JEWELLED DECORATION,PINK",2,5.90,2,2,2.95,2009-12-02,2009-12-15
35823P,"ACRYLIC BEAD GARLAND,PINK",2,5.90,2,2,2.95,2010-02-21,2010-07-15
79303A,WHITE ROHMBIC BLOCK TABLE LAMP,2,5.90,1,1,2.95,2010-01-26,2010-01-26
35051B,PINK BEADED CONE CHRISTMAS,14,5.88,2,2,0.42,2009-12-01,2009-12-07
85186B,BUNNY BUNCH OF FLOWERS,14,5.88,2,2,0.42,2010-03-17,2010-03-21
23617,SET 10 CARDS SWIRLY XMAS TREE 17104,2,5.82,1,0,2.91,2011-11-29,2011-11-29
23638,SET 10 CARDS ROBIN WATERPUMP  17096,2,5.82,2,0,2.91,2011-09-27,2011-11-24
23652,SET 10 CARD CHRISTMAS STAMPS 16963,2,5.82,1,0,2.91,2011-11-17,2011-11-17
35537,CANDLE RING W/CLEAR BEADS,13,5.46,3,3,0.42,2009-12-06,2010-05-19
21838,DADDY MOUSE RED GINGHAM BOW TIE,1,5.45,1,1,5.45,2009-12-02,2009-12-02
35751D,PINK CURRENT CANDLE RING,28,5.32,1,1,0.19,2009-12-02,2009-12-02
16215,FUNKY GIRLZ MAGNETIC TO DO LIST,8,5.20,3,3,0.65,2009-12-03,2009-12-03
21854,EURO FOOTBALL STARS TOP TRUMPS GAME,1,5.17,1,0,5.17,2009-12-04,2009-12-04
21860,DR WHO TOP TRUMPS GAME,1,5.17,1,0,5.17,2009-12-02,2009-12-02
71101A,ANGEL ON KNEES METAL POLE 100CM H,6,5.10,1,1,0.85,2009-12-13,2009-12-13
71434B,"BLACK RND BULLET""KEEP CLEAN"" BIN",2,5.10,2,1,2.55,2010-01-26,2010-03-10
90142B,IVORY PENDANT SHELL NECKLACE,1,5.09,1,0,5.09,2010-11-22,2010-11-22
90142C,ROSE PINK PENDANT SHELL NECKLACE,1,5.09,1,0,5.09,2010-11-08,2010-11-08
84942,KASHMIR FOLKART HEART DISHES,3,5.07,3,3,1.69,2009-12-16,2010-01-24
72740B,LARGE WHITE CHOCOLATE CANDLE,1,5.06,1,0,5.06,2010-01-11,2010-01-11
DCGS0041,HAYNES MINI-COOPER PLAYING CARDS,1,5.06,1,0,5.06,2010-06-04,2010-06-04
20877,MODERN CHRISTMAS BAUBLE CANDLE,12,5.04,5,3,0.42,2009-12-10,2009-12-18
84596j,MIXED NUTS LIGHT GREEN BOWL,2,5.02,2,0,2.51,2010-04-09,2010-11-29
23649,SET 10 CARDS DECK THE HALLS 16960,2,4.98,2,0,2.49,2011-11-15,2011-11-25
47593b,SCOTTIE DOGS BABY BIB,6,4.98,1,0,0.83,2011-10-31,2011-10-31
84661b,BLACK SQUARE TABLE CLOCK,1,4.96,1,0,4.96,2011-10-17,2011-10-17
85232C,RUSSIAN FOLKART STACKING TINS,1,4.95,1,1,4.95,2010-01-15,2010-01-15
84971l,LARGE HEART FLOWERS HOOK,2,4.92,1,0,2.46,2011-11-25,2011-11-25
85049d,BRIGHT BLUES RIBBONS,2,4.92,2,0,2.46,2011-03-29,2011-05-10
90214U,"LETTER ""U"" BLING KEY RING",13,4.73,2,2,0.36,2010-11-03,2011-12-05
45014,FOLDING SHIRT TIDY,1,4.65,1,1,4.65,2010-07-15,2010-07-15
81953B,ROUND BLUE CLOCK WITH SUCKER,14,4.64,6,5,0.33,2010-05-09,2011-07-18
79151B,"SILICON CUBE 25W, BLUE",11,4.62,2,2,0.42,2010-12-05,2011-11-28
37326,FAIRY DESIGN MUGS,2,4.61,2,1,2.31,2010-01-11,2010-03-29
72529w,WHITE ADVENT CANDLE,1,4.30,1,0,4.3,2009-12-01,2009-12-01
21409,SPOTTY COCKEREL DOORSTOP,1,4.25,1,1,4.25,2010-01-18,2010-01-18
72752A,"F.FAIRY,CANDLE IN GLASS,LILY/VALLEY",1,4.25,1,1,4.25,2009-12-04,2009-12-04
79157B,UBO-LIGHT TRIOBASE BLUE,5,4.25,3,3,0.85,2010-02-07,2011-12-06
79157V,UBO-LIGHT TRIOBASE PURPLE,5,4.25,3,3,0.85,2011-10-09,2011-11-03
47594a,CAROUSEL DESIGN WASHBAG,1,4.21,1,0,4.21,2010-05-05,2010-05-05
84255A,PINK GLASS COCKTAIL LAMP,2,4.20,2,2,2.1,2009-12-13,2010-01-21
46776b,WOVEN BERRIES CUSHION COVER,1,4.13,1,0,4.13,2011-10-31,2011-10-31
46776e,WOVEN CANDY CUSHION COVER,1,4.13,1,0,4.13,2011-10-31,2011-10-31
37432,MUG PINK AND PURPLE ARABIC DESIGN,6,3.90,1,1,0.65,2009-12-08,2009-12-08
72084B,CHOCOLATE ICE CREAM CANDLE,2,3.90,1,1,1.95,2010-03-26,2010-03-26
16010,FOLDING CAMPING SCISSOR W/KNIF & S,32,3.84,4,4,0.12,2010-01-17,2011-03-28
35995,SET/6 BLACK GLITTER REINDEER CANDLE,5,3.78,5,4,0.76,2009-12-01,2009-12-23
35974,S/6 CHRISTMAS TREE PLACE SETTING,1,3.75,1,1,3.75,2009-12-16,2009-12-16
37438,FUNKY FLOWER COFFEE POT,1,3.75,1,1,3.75,2009-12-13,2009-12-13
40046C,PINK BUTTERFLY PAPER LAMPSHADE,3,3.75,3,3,1.25,2009-12-06,2009-12-16
90004A,JADE GREEN PAIR ENAMEL HAIR SLIDES,1,3.75,1,1,3.75,2009-12-15,2009-12-15
84731,3 BIRDS CANVAS SCREEN,3,3.69,3,3,1.23,2010-04-27,2011-07-31
35001P,HAND OPEN SHAPE PINK,2,3.49,2,2,3.49,2009-12-14,2010-04-01
35818C,"ACRYLIC JEWEL ICICLE, CLEAR",1,3.43,1,0,3.43,2009-12-14,2009-12-14
21081,SET/20 POSIES PAPER NAPKINS,4,3.40,4,4,0.85,2009-12-01,2010-01-31
84559d,3D SHEET OF SEA WORLD STICKERS,2,3.38,1,0,1.69,2010-10-22,2010-10-22
23643,SET 10 CARDS CHRISTMAS BAUBLE 16954,1,3.33,1,0,3.33,2011-10-31,2011-10-31
20683,RAIN GIRL CHILDS UMBRELLA,1,3.25,1,1,3.25,2009-12-11,2009-12-11
84985b,SET OF 72 BLACK PAPER DOILIES,1,2.98,1,0,2.98,2010-05-26,2010-05-26
23602,SET 10 CARDS 3 WISE MEN 17107,1,2.91,1,0,2.91,2011-11-11,2011-11-11
23609,SET 10 CARDS SNOWY ROBIN 17099,1,2.91,1,0,2.91,2011-11-28,2011-11-28
23628,SET 10 CARDS TRIANGLE ICONS  17220,1,2.91,1,0,2.91,2011-10-31,2011-10-31
90183c,BLACK DROP EARRINGS W LONG BEADS,1,2.90,1,0,2.9,2011-10-31,2011-10-31
DCGS0044,HANDZ-OFF CAR FRESHENER,1,2.57,1,0,2.57,2009-12-15,2009-12-15
20881,MODERN CHRISTMAS TREE CANDLE,3,2.55,2,1,0.85,2009-12-10,2009-12-16
21036,SET/2 TEA TOWELS MODERN VINTAGE,1,2.55,1,1,2.55,2009-12-14,2009-12-14
35999,S/6 SCANDINAVIAN HEART T-LIGHT,1,2.55,1,1,2.55,2009-12-13,2009-12-13
47554,S/3 COLOURS FLOCK TEA TOWELS,1,2.55,1,1,2.55,2009-12-06,2009-12-06
47556,SET/2 SPOTTY + ROSE TEA TOWELS,1,2.55,1,1,2.55,2009-12-02,2009-12-02
85171,S/2 HYACINTH BULB CANDLES,1,2.55,1,1,2.55,2009-12-07,2009-12-07
90091,CRYSTAL DRAGONFLY PHONE CHARM,3,2.55,2,2,0.85,2010-05-10,2010-10-11
17028J,INCENSE BAZAAR PEACH,6,2.52,1,1,0.42,2011-01-31,2011-01-31
21008,ETCHED GLASS HEART TREE DECORATION,1,2.51,1,0,2.51,2010-02-01,2010-02-01
47593a,CAROUSEL DESIGN BABY BIB,1,2.51,1,0,2.51,2010-05-26,2010-05-26
DCGS0062,ROAD-RAGE CAR FRESHENER,1,2.51,1,0,2.51,2010-10-25,2010-10-25
21225,POCKET MIRROR BUTTERFLY,2,2.50,2,2,1.25,2009-12-11,2009-12-21
21290,LARGE SPOTTY CHOCOLATE GIFT BAG,2,2.50,1,0,1.25,2009-12-23,2009-12-23
90127B,BLUE BEADS+HAND PHONE CHARM,2,2.50,2,2,1.25,2010-02-19,2010-09-09
23630,SET 10 CARDS HANGING BAUBLES 17080,2,2.49,2,1,2.74,2011-09-21,2011-11-30
84596l,BISCUITS SMALL BOWL LIGHT BLUE,1,2.46,1,0,2.46,2011-05-26,2011-05-26
85049c,ROMANTIC PINKS RIBBONS,1,2.46,1,0,2.46,2011-11-23,2011-11-23
84510b,SET OF 4 FAIRY CAKES COASTERS,1,2.15,1,0,2.15,2010-08-02,2010-08-02
17061,ASSORTED SHAPED STENCIL FOR HENNA,52,2.08,1,1,0.04,2009-12-07,2009-12-07
35945,GOLD CHRISTMAS STOCKING DECORATION,1,1.95,1,1,1.95,2009-12-18,2009-12-18
46138D,GREEN CHENILLE SHAGGY C/COVER,1,1.95,1,1,1.95,2010-03-25,2010-03-25
84814A,HEXAGONAL CRYSTAL PERFUME BOTTLE,1,1.95,1,1,1.95,2010-03-26,2010-03-26
85192S,HANGING SPRING FLOWER HEART SMALL,3,1.95,2,2,0.65,2010-02-07,2010-02-08
84201C,HAPPY BIRTHDAY CARD TEDDY/CAKE,10,1.90,3,3,0.19,2010-08-23,2011-08-28
84206C,CHAMPAGNE TRAY BLANK CARD,10,1.90,4,4,0.19,2009-12-06,2011-11-25
84206B,CAT W SUNGLASSES BLANK CARD,9,1.71,2,2,0.19,2010-08-24,2011-11-20
20737,RED MINI TAPE MEASURE,1,1.70,1,0,1.7,2009-12-02,2009-12-02
30086C,ASSORTED FRUIT STRAWS,1,1.70,1,0,1.7,2009-12-01,2009-12-01
35837,SET OF SIX SILVER+RED FLOCK BAUBLES,2,1.70,1,1,0.85,2009-12-10,2009-12-10
72754D,F FAIRY POTPOURRI CUSHIONS SUMMER,1,1.69,1,1,1.69,2009-12-02,2009-12-02
10109,BENDY COLOUR PENCILS,4,1.68,1,1,0.42,2009-12-03,2009-12-03
85231e,STRAWBERRY SCENTED SET/9 T-LIGHTS,1,1.66,1,0,1.66,2010-03-29,2010-03-29
21585,SWALLOW SMALL TUBE MATCHES,1,1.65,1,1,1.65,2010-08-01,2010-08-01
23664,FLOWER SHOP DESIGN MUG,1,1.65,1,1,1.65,2011-11-11,2011-11-11
72796C,S/3 ROSE GARDEN SCENT SQU CANDLE,1,1.65,1,1,1.65,2010-01-17,2010-01-17
85024A,CRYSTAL SMALL JEWELLED PHOTOFRAME,1,1.65,1,1,1.65,2009-12-04,2009-12-04
35980B,RED TOP SCANDINAVIAN HEART,4,1.52,2,2,0.38,2009-12-18,2010-05-16
35950,FOLKART HEART CHRISTMAS DECORATIONS,1,1.25,1,1,1.25,2010-03-03,2010-03-03
84845A,HOLLYHOCK SQUARE HANDY TIN,1,1.25,1,1,1.25,2009-12-06,2009-12-06
20721,OWLS CHARLOTTE BAG,1,0.85,1,1,0.85,2009-12-07,2009-12-07
51014c,"FEATHER PEN,COAL BLACK",1,0.83,1,0,0.83,2011-10-31,2011-10-31
35930,PINK HEART CHRISTMAS DECORATION,1,0.38,1,1,0.38,2009-12-16,2009-12-16
84205C,HAPPY BIRTHDAY GINGER CAT CARD,2,0.38,1,1,0.19,2010-03-03,2010-03-03
20715,LITTLE FLOWER SHOPPER BAG,400,0.00,1,1,1.06,2010-01-07,2010-01-20
20791,BLUE TILED SET OF 3 DRAWERS,5,0.00,1,1,12.75,2010-01-14,2010-02-25
20822,SILVER WINE GOBLET,2,0.00,1,1,4.65,2010-02-01,2010-02-01
20885,BOX OF 3 PEBBLE CANDLES,1,0.00,1,1,2.95,2009-12-22,2009-12-22
21475,SWEETHEART CREAM STEEL FOLDIN CHAIR,1,0.00,1,1,14.95,2009-12-16,2009-12-16
21496,WOODLAND CREATURES  WRAP,25,0.00,1,1,0.42,2009-12-17,2010-01-15
21525,BEWARE OF THE CAT DOORMAT,2,0.00,2,1,6.75,2009-12-18,2009-12-18
22850,BREAD BIN DINER STYLE BLACK,8,0.00,1,1,15.45,2010-10-17,2010-10-18
23843,"PAPER CRAFT , LITTLE BIRDIE",80995,0.00,1,1,2.08,2011-12-09,2011-12-09
44217M,MULTICOLOUR FEATHERS CURTAIN,72,0.00,3,1,3.28,2010-02-15,2010-02-18
47569,ENGLISH ROSE DESIGN SHOPPING BAG,1,0.00,1,1,2.55,2009-12-02,2010-01-05
35631B,BLUE GREEN CHRISTMAS HANGING BALL,,-0.19,0,0,,2009-12-10,2009-12-10
85083,KISS REINDEER SCANDINAVIAN STOCKING,5,-2.55,2,2,2.55,2009-12-01,2009-12-10
37451,CERAMIC CAKE TEAPOT WITH CHERRY,1,-3.55,1,1,4.95,2010-01-05,2010-02-07
21053,ZINC HEART HANGER WITH HOOKS,,-4.25,0,0,,2009-12-08,2009-12-08
85219,S/4 HEART CRYSTAL FRIDGE MAGNETS,,-4.95,0,0,,2010-01-05,2010-01-05
21346,LARGE SILVER BALUSTRADE CANDLESTICK,,-5.95,0,0,,2010-01-22,2010-01-22
85043,RED HEART CANDY POP LIGHTS,1,-9.90,1,1,4.95,2009-12-06,2010-01-27
35001C,HAND OPEN SHAPE CHROME,,-10.17,0,0,,2009-12-11,2009-12-11
21254,SET OF KITCHEN WALL  STICKERS,,-11.80,0,0,,2009-12-01,2009-12-01
47567,ENGLISH ROSE DESIGN KITCHEN APRON,,-11.90,0,0,,2010-01-21,2010-02-16
35976B,WHITE SCANDINAVIAN HEART CHRISTMAS,1,-13.75,1,1,1.25,2009-12-06,2009-12-08
20779,PINK EAR MUFF HEADPHONES,,-14.79,0,0,,2010-01-25,2010-02-25
79340P,PURPLE ORCHID FLOWER LIGHTS,,-15.90,0,0,,2009-12-11,2010-02-21
21315,LARGE GLASS HEART TRINKET POT,,-17.00,0,0,,2009-12-18,2009-12-18
79301,FEATHER HEART LIGHTS,1,-20.00,1,1,2.95,2010-01-21,2010-09-01
21701,SET 6 MINI SUSHI SET FRIDGE MAGNETS,,-20.28,0,0,,2009-12-08,2009-12-08
35603B,S/16 BLACK SHINY/MAT BAUBLES,50,-29.40,2,1,0.42,2009-12-17,2010-01-14
21766,VINTAGE WOOD ORGANISER,,-33.90,0,0,,2009-12-11,2009-12-11
79340W,WHITE ORCHID FLOWER LIGHTS,,-45.30,0,0,,2009-12-06,2010-02-17
85069,CREAM SWEETHEART DOUBLE SHELF,3,-50.85,1,1,16.95,2009-12-03,2009-12-11
22003,VINTAGE BLUE VACUUM FLASK 0.5L,,-67.50,0,0,,2009-12-07,2009-12-07
20879,TREE OF NOAH FESTIVE SCENTED CANDLE,57,-133.80,11,8,1.19,2009-12-04,2009-12-22
