customer_id,country,first_purchase_date,last_purchase_date,recency_days,frequency,monetary,r_score,f_score,m_score,fm_score,rfm_cell,segment
17589,United Kingdom,2010-03-07,2011-10-10,61,18,13661.22,3,5,5,5,355,Loyal Customers
14850,United Kingdom,2010-05-20,2011-02-01,312,7,1599.76,2,4,4,4,244,At Risk
13173,United Kingdom,2009-12-10,2011-12-05,5,11,2370.97,5,5,4,5,554,Champions
16451,United Kingdom,2009-12-04,2011-09-13,88,3,1009.40,3,3,3,3,333,Loyal Customers
17165,United Kingdom,2009-12-11,2011-02-28,285,6,1783.63,2,4,4,4,244,At Risk
17706,United Kingdom,2010-01-19,2011-12-05,5,31,19066.07,5,5,5,5,555,Champions
12429,Denmark,2010-06-11,2011-11-30,10,8,5792.01,5,4,5,5,545,Champions
18069,United Kingdom,2010-02-28,2011-11-13,27,11,4434.17,4,5,5,5,455,Champions
12484,Spain,2010-01-27,2011-11-04,36,9,5490.80,4,5,5,5,455,Champions
13627,United Kingdom,2010-03-09,2011-10-11,60,7,2217.55,3,4,4,4,344,Loyal Customers
12461,Switzerland,2011-07-08,2011-07-08,155,1,626.88,3,1,3,2,313,Need Attention
13862,United Kingdom,2010-11-15,2011-11-21,19,9,2534.04,5,5,4,5,554,Champions
15159,United Kingdom,2010-10-04,2011-12-08,2,34,22049.40,5,5,5,5,555,Champions
14224,United Kingdom,2010-06-13,2011-08-21,111,9,1841.71,3,5,4,5,354,Loyal Customers
14527,United Kingdom,2009-12-02,2011-12-07,3,121,26359.18,5,5,5,5,555,Champions
14159,United Kingdom,2009-12-03,2011-11-20,20,20,7526.62,5,5,5,5,555,Champions
13211,United Kingdom,2009-12-06,2011-11-29,11,10,2596.32,5,5,4,5,554,Champions
14711,United Kingdom,2011-03-22,2011-11-29,11,11,2809.02,5,5,4,5,554,Champions
17071,United Kingdom,2010-01-24,2011-11-11,29,13,3730.96,4,5,5,5,455,Champions
17183,United Kingdom,2011-08-26,2011-12-02,8,6,3286.91,5,4,5,5,545,Champions
15136,United Kingdom,2011-09-04,2011-12-07,3,4,1282.45,5,3,4,4,534,Champions
13495,United Kingdom,2009-12-07,2011-12-02,8,10,4790.41,5,5,5,5,555,Champions
15356,United Kingdom,2010-10-13,2011-11-08,32,13,3239.57,4,5,5,5,455,Champions
15581,United Kingdom,2009-12-02,2011-07-06,157,34,4350.06,3,5,5,5,355,Loyal Customers
12626,Germany,2011-01-17,2011-11-16,24,9,5722.35,4,5,5,5,455,Champions
14849,United Kingdom,2010-01-10,2011-11-18,22,43,15186.60,4,5,5,5,455,Champions
17843,United Kingdom,2010-10-24,2011-02-09,304,2,312.65,2,2,2,2,222,Hibernating
12668,Germany,2010-01-31,2011-11-28,12,9,9842.06,5,5,5,5,555,Champions
14122,United Kingdom,2009-12-02,2010-10-29,407,3,309.77,2,3,2,3,232,At Risk
17735,United Kingdom,2010-07-30,2011-12-07,3,26,16707.98,5,5,5,5,555,Champions
17203,United Kingdom,2010-11-16,2011-11-04,36,10,5564.09,4,5,5,5,455,Champions
15862,United Kingdom,2009-12-17,2011-12-01,9,13,2507.14,5,5,4,5,554,Champions
13599,United Kingdom,2009-12-01,2011-12-08,2,33,9435.47,5,5,5,5,555,Champions
12757,Portugal,2011-05-12,2011-11-24,16,9,4161.75,5,5,5,5,555,Champions
16900,United Kingdom,2011-10-07,2011-11-23,17,3,869.20,5,3,3,3,533,Loyal Customers
17811,United Kingdom,2010-09-20,2011-12-05,5,47,9351.83,5,5,5,5,555,Champions
16729,United Kingdom,2011-04-12,2011-11-01,39,21,7045.41,4,5,5,5,455,Champions
15298,United Kingdom,2009-12-08,2011-12-07,3,23,7958.43,5,5,5,5,555,Champions
16348,United Kingdom,2010-10-05,2011-11-07,33,8,1742.08,4,4,4,4,444,Champions
15450,United Kingdom,2011-11-09,2011-11-09,31,1,429.84,4,1,2,2,412,Potential Loyalists
13077,United Kingdom,2009-12-11,2011-12-08,2,11,2716.15,5,5,4,5,554,Champions
14702,United Kingdom,2009-12-10,2011-12-08,2,29,6298.48,5,5,5,5,555,Champions
16222,United Kingdom,2009-12-18,2011-01-25,319,2,1272.05,2,2,4,3,224,At Risk
13958,United Kingdom,2009-12-05,2010-11-25,380,8,4504.78,2,4,5,5,245,Cannot Lose Them
16168,United Kingdom,2009-12-03,2011-11-29,11,66,10279.02,5,5,5,5,555,Champions
15716,United Kingdom,2009-12-07,2011-07-17,146,11,2482.74,3,5,4,5,354,Loyal Customers
12862,United Kingdom,2010-08-01,2010-10-10,426,2,984.62,1,2,3,3,123,At Risk
17665,United Kingdom,2010-08-03,2010-08-03,494,1,563.10,1,1,2,2,112,Lost
16779,United Kingdom,2009-12-03,2011-12-07,3,53,32522.40,5,5,5,5,555,Champions
18065,United Kingdom,2009-12-09,2011-12-04,6,28,5816.88,5,5,5,5,555,Champions
17769,United Kingdom,2010-01-19,2011-11-27,13,17,6944.96,5,5,5,5,555,Champions
13821,United Kingdom,2010-01-04,2011-07-18,145,6,1355.38,3,4,4,4,344,Loyal Customers
16359,United Kingdom,2010-02-16,2011-12-02,8,16,2379.40,5,5,4,5,554,Champions
15291,United Kingdom,2009-12-03,2011-11-14,26,39,13077.44,4,5,5,5,455,Champions
13935,United Kingdom,2010-02-25,2010-04-22,597,3,6116.92,1,3,5,4,135,At Risk
16754,United Kingdom,2010-03-08,2010-12-02,373,29,54692.82,2,5,5,5,255,Cannot Lose Them
14584,United Kingdom,2010-02-17,2011-06-23,170,8,1725.16,3,4,4,4,344,Loyal Customers
18236,United Kingdom,2010-04-15,2011-11-10,30,12,1795.35,4,5,4,5,454,Champions
15247,United Kingdom,2010-06-20,2011-08-09,123,3,967.11,3,3,3,3,333,Loyal Customers
12456,Switzerland,2011-03-30,2011-10-26,45,3,2553.89,4,3,4,4,434,Champions
17461,United Kingdom,2011-11-10,2011-11-17,23,3,735.82,4,3,3,3,433,Loyal Customers
15953,United Kingdom,2009-12-03,2011-11-24,16,18,3295.49,5,5,5,5,555,Champions
12651,France,2010-08-31,2011-01-09,335,4,365.30,2,3,2,3,232,At Risk
18119,United Kingdom,2010-12-07,2010-12-07,368,1,180.70,2,1,1,1,211,Hibernating
13555,United Kingdom,2010-01-19,2011-09-27,74,13,8798.99,3,5,5,5,355,Loyal Customers
14420,United Kingdom,2010-01-17,2011-09-01,100,4,1627.72,3,3,4,4,334,Loyal Customers
17017,United Kingdom,2009-12-03,2011-12-07,3,29,12397.49,5,5,5,5,555,Champions
15592,United Kingdom,2011-10-24,2011-10-24,47,1,388.58,4,1,2,2,412,Potential Loyalists
16471,United Kingdom,2010-02-25,2011-03-10,275,4,1186.18,2,3,4,4,234,At Risk
16448,United Kingdom,2010-08-25,2011-05-25,199,2,361.12,2,2,2,2,222,Hibernating
16586,United Kingdom,2010-03-14,2011-04-05,249,3,1462.78,2,3,4,4,234,At Risk
16626,United Kingdom,2011-03-18,2011-12-09,1,17,4379.65,5,5,5,5,555,Champions
14449,United Kingdom,2010-09-29,2011-11-21,19,8,2230.96,5,4,4,4,544,Champions
12880,United Kingdom,2010-05-14,2010-11-23,382,2,640.13,2,2,3,3,223,At Risk
13225,United Kingdom,2009-12-17,2011-12-06,4,16,15879.27,5,5,5,5,555,Champions
12709,Germany,2009-12-09,2011-11-24,16,32,28708.10,5,5,5,5,555,Champions
12504,Germany,2010-04-22,2011-11-21,19,4,321.00,5,3,2,3,532,Loyal Customers
16161,United Kingdom,2010-02-08,2011-12-08,2,43,12279.97,5,5,5,5,555,Champions
15294,United Kingdom,2010-10-25,2010-10-25,411,1,222.30,1,1,1,1,111,Lost
13260,United Kingdom,2011-10-09,2011-10-09,62,1,557.62,3,1,2,2,312,Need Attention
15860,United Kingdom,2009-12-06,2011-10-30,41,17,2358.80,4,5,4,5,454,Champions
16225,United Kingdom,2010-02-07,2011-10-26,45,15,2813.81,4,5,4,5,454,Champions
16843,United Kingdom,2009-12-10,2011-10-28,43,35,19528.78,4,5,5,5,455,Champions
13993,United Kingdom,2009-12-03,2011-10-28,43,19,6690.36,4,5,5,5,455,Champions
17749,United Kingdom,2010-06-11,2011-06-14,179,3,1026.18,3,3,3,3,333,Loyal Customers
14282,United Kingdom,2010-02-15,2011-12-06,4,25,7245.76,5,5,5,5,555,Champions
17330,United Kingdom,2010-03-02,2011-11-17,23,4,423.80,4,3,2,3,432,Loyal Customers
16523,United Kingdom,2010-01-24,2011-12-08,2,28,11760.54,5,5,5,5,555,Champions
17373,United Kingdom,2010-02-28,2011-10-30,41,7,1167.50,4,4,3,4,443,Champions
15971,United Kingdom,2009-12-08,2011-11-22,18,18,4925.48,5,5,5,5,555,Champions
13564,United Kingdom,2009-12-02,2010-12-20,355,36,15613.10,2,5,5,5,255,Cannot Lose Them
13765,United Kingdom,2010-02-24,2010-02-24,654,1,352.82,1,1,2,2,112,Lost
18271,United Kingdom,2009-12-08,2010-04-09,610,2,680.85,1,2,3,3,123,At Risk
14861,United Kingdom,2009-12-08,2011-10-18,53,10,1318.40,4,5,4,5,454,Champions
15107,United Kingdom,2010-09-14,2011-02-01,312,9,752.60,2,5,3,4,253,At Risk
16791,United Kingdom,2009-12-03,2011-11-10,30,15,3852.31,4,5,5,5,455,Champions
14141,United Kingdom,2011-08-26,2011-12-07,3,4,879.03,5,3,3,3,533,Loyal Customers
17809,United Kingdom,2009-12-02,2011-11-23,17,20,10014.58,5,5,5,5,555,Champions
13980,United Kingdom,2010-02-21,2011-10-10,61,5,722.02,3,4,3,4,343,Loyal Customers
14511,United Kingdom,2011-07-29,2011-11-28,12,5,1267.41,5,4,4,4,544,Champions
16176,United Kingdom,2010-03-29,2010-10-14,422,4,1964.04,1,3,4,4,134,At Risk
13104,United Kingdom,2010-02-24,2011-12-06,4,9,1709.10,5,5,4,5,554,Champions
15728,United Kingdom,2010-09-21,2010-11-25,380,2,409.80,2,2,2,2,222,Hibernating
12901,United Kingdom,2011-03-14,2011-12-01,9,28,16316.14,5,5,5,5,555,Champions
14367,United Kingdom,2011-03-08,2011-12-01,9,16,9134.12,5,5,5,5,555,Champions
17732,United Kingdom,2010-08-09,2010-12-02,373,8,2144.17,2,4,4,4,244,At Risk
14028,United Kingdom,2010-06-07,2010-06-07,551,3,6786.00,1,3,5,4,135,At Risk
16196,United Kingdom,2010-08-08,2010-08-08,489,1,93.30,1,1,1,1,111,Lost
15708,United Kingdom,2010-10-10,2011-10-30,41,9,3840.73,4,5,5,5,455,Champions
13895,United Kingdom,2009-12-03,2011-11-11,29,6,3923.62,4,4,5,5,445,Champions
17567,United Kingdom,2010-09-24,2011-12-02,8,9,4519.16,5,5,5,5,555,Champions
17078,United Kingdom,2011-11-03,2011-11-03,37,2,375.86,4,2,2,2,422,Potential Loyalists
13099,United Kingdom,2011-09-01,2011-09-01,100,1,207.36,3,1,1,1,311,About to Sleep
15940,United Kingdom,2011-02-01,2011-02-01,312,1,4.00,2,1,1,1,211,Hibernating
13877,United Kingdom,2010-01-19,2011-09-14,87,3,446.33,3,3,2,3,332,Loyal Customers
13296,United Kingdom,2010-05-11,2011-07-25,138,6,792.51,3,4,3,4,343,Loyal Customers
12380,Belgium,2010-02-15,2011-11-18,22,8,7171.00,4,4,5,5,445,Champions
14397,United Kingdom,2011-05-10,2011-12-07,3,19,2556.68,5,5,4,5,554,Champions
16607,United Kingdom,2010-04-29,2011-11-22,18,25,5375.18,5,5,5,5,555,Champions
13956,United Kingdom,2011-03-13,2011-12-04,6,5,1019.27,5,4,3,4,543,Champions
15965,United Kingdom,2009-12-03,2011-11-22,18,13,2758.19,5,5,4,5,554,Champions
13673,United Kingdom,2011-11-07,2011-11-21,19,2,387.44,5,2,2,2,522,Potential Loyalists
12352,Norway,2010-11-12,2011-11-03,37,9,1609.21,4,5,4,5,454,Champions
18071,United Kingdom,2009-12-05,2011-03-27,258,6,1169.68,2,4,3,4,243,At Risk
12625,Germany,2010-04-22,2011-05-12,212,4,4627.38,2,3,5,4,235,At Risk
17354,United Kingdom,2010-10-07,2011-10-20,51,4,3133.96,4,3,5,4,435,Champions
14571,United Kingdom,2010-10-10,2010-10-10,426,1,160.00,1,1,1,1,111,Lost
17710,United Kingdom,2010-10-12,2010-10-12,424,1,293.50,1,1,2,2,112,Lost
15710,United Kingdom,2010-10-18,2010-10-18,418,1,898.87,1,1,3,2,113,Lost
16445,United Kingdom,2010-10-24,2011-11-06,34,4,583.16,4,3,2,3,432,Loyal Customers
12961,United Kingdom,2010-11-25,2010-11-25,380,1,211.99,2,1,1,1,211,Hibernating
12628,Germany,2011-10-06,2011-12-05,5,3,715.61,5,3,3,3,533,Loyal Customers
13046,United Kingdom,2010-09-09,2011-11-09,31,3,949.25,4,3,3,3,433,Loyal Customers
17631,United Kingdom,2009-12-09,2011-12-08,2,7,998.49,5,4,3,4,543,Champions
13338,United Kingdom,2010-01-05,2011-07-05,158,4,2173.62,3,3,4,4,334,Loyal Customers
13141,United Kingdom,2009-12-09,2011-09-16,85,17,7524.13,3,5,5,5,355,Loyal Customers
15416,United Kingdom,2010-02-01,2011-10-06,65,7,4562.87,3,4,5,5,345,Loyal Customers
14968,United Kingdom,2010-09-07,2011-11-09,31,2,497.49,4,2,2,2,422,Potential Loyalists
16872,United Kingdom,2010-09-02,2011-09-23,78,6,1213.13,3,4,4,4,344,Loyal Customers
13373,United Kingdom,2009-12-06,2011-10-10,61,6,7587.19,3,4,5,5,345,Loyal Customers
18183,United Kingdom,2011-03-10,2011-04-26,228,2,600.52,2,2,3,3,223,At Risk
13630,United Kingdom,2011-02-27,2011-12-04,6,7,1995.68,5,4,4,4,544,Champions
15251,United Kingdom,2010-01-29,2011-11-30,10,21,20118.92,5,5,5,5,555,Champions
17828,Malta,2011-06-08,2011-11-17,23,4,1074.97,4,3,3,3,433,Loyal Customers
17734,United Kingdom,2010-03-07,2011-10-17,54,6,1442.32,4,4,4,4,444,Champions
18170,United Kingdom,2010-01-08,2011-11-06,34,9,2878.00,4,5,5,5,455,Champions
13576,United Kingdom,2009-12-08,2011-11-29,11,28,11167.00,5,5,5,5,555,Champions
15281,United Kingdom,2010-10-08,2011-10-12,59,16,8317.62,4,5,5,5,455,Champions
13512,United Kingdom,2010-05-05,2011-03-24,261,4,713.39,2,3,3,3,233,At Risk
17557,United Kingdom,2009-12-07,2011-11-25,15,4,575.46,5,3,2,3,532,Loyal Customers
13643,United Kingdom,2009-12-08,2011-11-08,32,10,2112.17,4,5,4,5,454,Champions
14000,United Kingdom,2009-12-02,2011-05-12,212,5,1877.59,2,4,4,4,244,At Risk
13904,United Kingdom,2011-02-18,2011-11-02,38,2,332.64,4,2,2,2,422,Potential Loyalists
18177,United Kingdom,2009-12-15,2011-11-08,32,9,2189.07,4,5,4,5,454,Champions
14651,United Kingdom,2010-03-18,2011-10-03,68,9,2025.52,3,5,4,5,354,Loyal Customers
18025,United Kingdom,2010-03-30,2010-11-25,380,6,1177.72,2,4,3,4,243,At Risk
17789,United Kingdom,2010-02-16,2011-03-03,282,2,397.15,2,2,2,2,222,Hibernating
13659,United Kingdom,2010-02-17,2011-05-18,206,12,4706.43,2,5,5,5,255,Cannot Lose Them
15091,United Kingdom,2010-02-03,2011-10-03,68,3,1023.11,3,3,3,3,333,Loyal Customers
12623,Germany,2010-01-12,2011-03-08,277,7,3315.84,2,4,5,5,245,Cannot Lose Them
13465,United Kingdom,2010-05-02,2010-09-19,447,2,931.12,1,2,3,3,123,At Risk
15394,United Kingdom,2009-12-15,2011-11-30,10,11,5251.40,5,5,5,5,555,Champions
15020,United Kingdom,2010-11-25,2010-11-25,380,1,198.47,2,1,1,1,211,Hibernating
14790,United Kingdom,2009-12-11,2011-11-23,17,10,2526.62,5,5,4,5,554,Champions
17534,United Kingdom,2010-02-25,2011-10-17,54,5,1668.83,4,4,4,4,444,Champions
14410,United Kingdom,2010-09-28,2011-09-08,93,11,2119.08,3,5,4,5,354,Loyal Customers
13025,United Kingdom,2009-12-08,2009-12-08,732,1,323.39,1,1,2,2,112,Lost
12414,Austria,2010-09-02,2011-05-06,218,4,442.41,2,3,2,3,232,At Risk
16138,United Kingdom,2010-04-28,2010-11-26,379,3,902.40,2,3,3,3,233,At Risk
14506,United Kingdom,2010-04-19,2011-11-22,18,7,2960.25,5,4,5,5,545,Champions
13812,Germany,2011-08-26,2011-10-28,43,3,485.00,4,3,2,3,432,Loyal Customers
13477,United Kingdom,2010-01-25,2011-11-02,38,11,2806.12,4,5,4,5,454,Champions
17026,United Kingdom,2010-10-18,2011-06-07,186,3,175.83,3,3,1,2,331,Need Attention
15885,United Kingdom,2010-01-21,2011-09-07,94,13,1707.57,3,5,4,5,354,Loyal Customers
12407,Belgium,2011-03-20,2011-10-21,50,5,1507.12,4,4,4,4,444,Champions
14426,United Kingdom,2010-03-04,2011-11-16,24,17,11103.97,4,5,5,5,455,Champions
15590,United Kingdom,2010-04-12,2010-11-22,383,5,1496.60,2,4,4,4,244,At Risk
16738,United Kingdom,2011-02-15,2011-02-15,298,1,3.75,2,1,1,1,211,Hibernating
14838,United Kingdom,2009-12-03,2010-10-12,424,2,769.92,1,2,3,3,123,At Risk
13851,United Kingdom,2010-01-29,2011-09-05,96,8,4516.76,3,4,5,5,345,Loyal Customers
17386,United Kingdom,2010-11-19,2011-12-02,8,7,2812.77,5,4,4,4,544,Champions
15016,United Kingdom,2010-06-14,2011-06-20,173,5,612.89,3,4,3,4,343,Loyal Customers
16292,United Kingdom,2010-04-14,2011-08-10,122,5,1171.46,3,4,3,4,343,Loyal Customers
12502,Spain,2011-02-03,2011-09-05,96,5,2995.87,3,4,5,5,345,Loyal Customers
14703,United Kingdom,2011-11-25,2011-11-25,15,1,318.17,5,1,2,2,512,Potential Loyalists
16891,United Kingdom,2009-12-04,2011-12-08,2,11,1727.94,5,5,4,5,554,Champions
17999,United Kingdom,2010-11-26,2011-11-02,38,3,528.46,4,3,2,3,432,Loyal Customers
16039,United Kingdom,2010-03-21,2010-10-12,424,2,449.65,1,2,2,2,122,Lost
12858,United Kingdom,2010-11-21,2010-11-21,384,1,147.27,2,1,1,1,211,Hibernating
16224,United Kingdom,2010-11-17,2011-10-13,58,5,1616.54,4,4,4,4,444,Champions
13860,United Kingdom,2011-09-14,2011-12-08,2,5,1240.00,5,4,4,4,544,Champions
15889,United Kingdom,2009-12-10,2011-07-06,157,8,1396.60,3,4,4,4,344,Loyal Customers
15494,United Kingdom,2009-12-10,2011-11-18,22,5,3702.60,4,4,5,5,445,Champions
13527,United Kingdom,2010-01-21,2011-11-06,34,12,4507.59,4,5,5,5,455,Champions
15338,United Kingdom,2010-01-31,2010-01-31,678,1,277.93,1,1,2,2,112,Lost
13584,United Kingdom,2010-02-02,2011-02-06,307,3,340.40,2,3,2,3,232,At Risk
12687,Sweden,2010-08-16,2010-08-16,481,1,1858.91,1,1,4,3,114,At Risk
15480,Malta,2010-02-01,2011-08-15,117,3,3592.25,3,3,5,4,335,Loyal Customers
13920,United Kingdom,2010-05-26,2010-10-04,432,4,1734.88,1,3,4,4,134,At Risk
16726,United Kingdom,2010-10-24,2011-11-13,27,7,2063.88,4,4,4,4,444,Champions
14632,United Kingdom,2011-03-22,2011-03-22,263,1,114.56,2,1,1,1,211,Hibernating
17519,United Kingdom,2009-12-01,2011-11-22,18,15,4769.22,5,5,5,5,555,Champions
17972,United Kingdom,2011-04-12,2011-04-12,242,1,135.19,2,1,1,1,211,Hibernating
15614,United Kingdom,2010-03-23,2010-09-28,438,4,3008.86,1,3,5,4,135,At Risk
16096,United Kingdom,2010-03-04,2011-03-20,265,4,1584.97,2,3,4,4,234,At Risk
17070,United Kingdom,2010-10-25,2011-08-17,115,2,437.42,3,2,2,2,322,Need Attention
15568,United Kingdom,2011-09-27,2011-12-07,3,3,758.29,5,3,3,3,533,Loyal Customers
13820,United Kingdom,2010-01-28,2010-10-17,419,3,632.50,1,3,3,3,133,At Risk
14908,United Kingdom,2010-09-02,2011-09-26,75,2,381.90,3,2,2,2,322,Need Attention
17721,United Kingdom,2010-02-18,2010-02-18,660,1,307.21,1,1,2,2,112,Lost
15779,United Kingdom,2010-06-25,2010-09-02,464,2,124.08,1,2,1,2,121,Lost
13103,United Kingdom,2010-05-11,2011-10-31,40,3,709.64,4,3,3,3,433,Loyal Customers
16956,United Kingdom,2011-11-22,2011-11-22,18,1,292.34,5,1,2,2,512,Potential Loyalists
12670,France,2010-02-11,2011-11-29,11,7,3426.39,5,4,5,5,545,Champions
17002,United Kingdom,2010-03-08,2011-09-15,86,7,2565.60,3,4,4,4,344,Loyal Customers
14727,United Kingdom,2010-06-11,2011-03-10,275,3,291.13,2,3,2,3,232,At Risk
16617,United Kingdom,2011-04-18,2011-04-18,236,1,151.85,2,1,1,1,211,Hibernating
14436,United Kingdom,2010-06-04,2011-09-02,99,2,271.70,3,2,1,2,321,Need Attention
14752,United Kingdom,2011-10-27,2011-10-27,44,1,389.64,4,1,2,2,412,Potential Loyalists
14604,United Kingdom,2010-03-16,2010-03-16,634,1,136.36,1,1,1,1,111,Lost
17353,United Kingdom,2010-03-25,2011-08-02,130,4,3155.55,3,3,5,4,335,Loyal Customers
16316,United Kingdom,2010-08-03,2011-10-06,65,13,5533.31,3,5,5,5,355,Loyal Customers
16312,United Kingdom,2010-10-03,2010-10-03,433,1,171.15,1,1,1,1,111,Lost
16867,United Kingdom,2010-01-19,2010-01-19,690,1,76.74,1,1,1,1,111,Lost
12791,Netherlands,2010-03-25,2010-12-01,374,5,656.83,2,4,3,4,243,At Risk
15684,United Kingdom,2009-12-04,2010-06-10,548,3,147.80,1,3,1,2,131,Lost
16506,United Kingdom,2011-10-30,2011-11-20,20,2,90.30,5,2,1,2,521,Potential Loyalists
14561,United Kingdom,2011-06-08,2011-09-25,76,3,1080.76,3,3,3,3,333,Loyal Customers
14161,United Kingdom,2009-12-13,2011-05-08,216,7,2996.93,2,4,5,5,245,Cannot Lose Them
13187,United Kingdom,2010-03-25,2011-01-06,338,4,309.66,2,3,2,3,232,At Risk
15169,United Kingdom,2009-12-13,2010-11-22,383,2,569.22,2,2,2,2,222,Hibernating
15756,United Kingdom,2011-04-04,2011-10-09,62,4,528.01,3,3,2,3,332,Loyal Customers
15478,United Kingdom,2010-05-13,2011-10-30,41,3,1940.98,4,3,4,4,434,Champions
14799,United Kingdom,2009-12-02,2011-10-19,52,2,338.15,4,2,2,2,422,Potential Loyalists
17590,United Kingdom,2011-10-30,2011-12-07,3,3,1466.77,5,3,4,4,534,Champions
15252,United Kingdom,2010-04-07,2011-11-03,37,5,2053.06,4,4,4,4,444,Champions
13480,United Kingdom,2010-01-29,2010-10-19,417,2,627.82,1,2,3,3,123,At Risk
13140,United Kingdom,2010-08-05,2011-08-23,109,5,1054.92,3,4,3,4,343,Loyal Customers
14476,United Kingdom,2011-03-27,2011-03-27,258,1,193.00,2,1,1,1,211,Hibernating
13852,United Kingdom,2010-04-08,2010-04-08,611,1,170.45,1,1,1,1,111,Lost
13526,United Kingdom,2009-12-01,2009-12-01,739,2,942.60,1,2,3,3,123,At Risk
12916,United Kingdom,2010-01-24,2011-07-24,139,7,4455.93,3,4,5,5,345,Loyal Customers
12683,France,2009-12-13,2011-12-05,5,20,10167.52,5,5,5,5,555,Champions
14323,United Kingdom,2011-04-15,2011-08-17,115,2,574.26,3,2,2,2,322,Need Attention
14661,United Kingdom,2011-11-13,2011-11-13,27,1,107.95,4,1,1,1,411,Promising
12454,Spain,2010-10-14,2011-10-14,57,4,4098.96,4,3,5,4,435,Champions
13416,United Kingdom,2009-12-03,2011-10-27,44,3,940.80,4,3,3,3,433,Loyal Customers
16467,United Kingdom,2009-12-02,2010-07-19,509,7,2862.40,1,4,5,5,145,Cannot Lose Them
14512,United Kingdom,2009-12-07,2011-06-05,188,7,1215.97,2,4,4,4,244,At Risk
16577,United Kingdom,2010-02-11,2010-02-11,667,1,380.00,1,1,2,2,112,Lost
17228,United Kingdom,2010-03-12,2011-11-24,16,13,2820.03,5,5,4,5,554,Champions
16943,United Kingdom,2011-01-25,2011-05-12,212,3,816.73,2,3,3,3,233,At Risk
15807,United Kingdom,2010-02-11,2011-10-20,51,5,1807.57,4,4,4,4,444,Champions
13147,United Kingdom,2011-09-01,2011-11-29,11,4,712.80,5,3,3,3,533,Loyal Customers
13520,Switzerland,2009-12-17,2011-10-12,59,11,5337.25,4,5,5,5,455,Champions
14759,United Kingdom,2011-04-21,2011-12-05,5,3,1625.97,5,3,4,4,534,Champions
13936,United Kingdom,2010-10-21,2011-06-13,180,3,924.36,3,3,3,3,333,Loyal Customers
13274,United Kingdom,2010-10-26,2010-10-26,410,1,360.85,1,1,2,2,112,Lost
16179,United Kingdom,2011-10-10,2011-10-10,61,1,215.83,3,1,1,1,311,About to Sleep
16313,United Kingdom,2011-10-21,2011-12-06,4,2,274.15,5,2,2,2,522,Potential Loyalists
15977,United Kingdom,2011-10-31,2011-11-22,18,2,1054.73,5,2,3,3,523,Loyal Customers
16251,United Kingdom,2010-07-15,2010-07-15,513,1,128.31,1,1,1,1,111,Lost
14187,United Kingdom,2010-08-23,2010-08-23,474,1,123.50,1,1,1,1,111,Lost
17711,United Kingdom,2011-02-23,2011-11-29,11,2,385.10,5,2,2,2,522,Potential Loyalists
13285,United Kingdom,2010-03-25,2011-11-16,24,6,3364.59,4,4,5,5,445,Champions
15438,United Kingdom,2011-07-31,2011-07-31,132,1,156.58,3,1,1,1,311,About to Sleep
17418,United Kingdom,2010-11-17,2011-10-28,43,3,670.06,4,3,3,3,433,Loyal Customers
16169,United Kingdom,2011-09-25,2011-12-01,9,4,1822.97,5,3,4,4,534,Champions
12856,United Kingdom,2011-10-07,2011-12-02,8,6,2153.53,5,4,4,4,544,Champions
15193,United Kingdom,2011-10-10,2011-10-10,61,1,499.32,3,1,2,2,312,Need Attention
17781,United Kingdom,2011-03-31,2011-07-03,160,2,188.02,3,2,1,2,321,Need Attention
18040,United Kingdom,2011-04-08,2011-11-20,20,2,357.20,5,2,2,2,522,Potential Loyalists
14027,United Kingdom,2011-10-10,2011-10-10,61,1,104.82,3,1,1,1,311,About to Sleep
16856,United Kingdom,2010-09-23,2011-11-25,15,3,358.49,5,3,2,3,532,Loyal Customers
13906,United Kingdom,2010-10-26,2010-10-26,410,1,42.00,1,1,1,1,111,Lost
16344,United Kingdom,2010-02-09,2011-07-04,159,4,842.42,3,3,3,3,333,Loyal Customers
13672,United Kingdom,2009-12-09,2011-02-11,302,3,233.53,2,3,1,2,231,Hibernating
16342,United Kingdom,2011-06-13,2011-09-25,76,4,322.41,3,3,2,3,332,Loyal Customers
17482,United Kingdom,2010-05-10,2010-08-09,488,2,775.64,1,2,3,3,123,At Risk
13395,United Kingdom,2010-10-14,2011-06-07,186,3,1180.23,3,3,4,4,334,Loyal Customers
16352,United Kingdom,2011-11-02,2011-11-22,18,2,494.44,5,2,2,2,522,Potential Loyalists
14578,United Kingdom,2011-12-06,2011-12-06,4,1,168.63,5,1,1,1,511,New Customers
18004,United Kingdom,2010-12-12,2010-12-12,363,1,157.92,2,1,1,1,211,Hibernating
17717,United Kingdom,2010-10-14,2010-10-14,422,1,376.92,1,1,2,2,112,Lost
16014,United Kingdom,2010-01-31,2011-11-02,38,5,1091.03,4,4,3,4,443,Champions
16244,United Kingdom,2010-12-02,2011-05-12,212,2,1522.75,2,2,4,3,224,At Risk
14289,United Kingdom,2011-02-23,2011-12-01,9,6,911.26,5,4,3,4,543,Champions
16424,United Kingdom,2010-11-22,2011-06-01,192,2,392.06,2,2,2,2,222,Hibernating
15163,United Kingdom,2011-05-31,2011-11-21,19,2,304.47,5,2,2,2,522,Potential Loyalists
14137,United Kingdom,2010-01-13,2010-01-13,696,1,294.10,1,1,2,2,112,Lost
12673,Germany,2010-11-03,2011-12-04,6,3,1140.02,5,3,3,3,533,Loyal Customers
13592,United Kingdom,2011-03-20,2011-11-04,36,4,247.96,4,3,1,2,431,Potential Loyalists
16396,United Kingdom,2010-08-20,2010-08-20,477,1,102.70,1,1,1,1,111,Lost
12445,Spain,2010-10-15,2011-11-17,23,2,370.48,4,2,2,2,422,Potential Loyalists
12788,Netherlands,2010-06-29,2010-09-02,464,4,384.90,1,3,2,3,132,At Risk
15406,United Kingdom,2010-09-12,2011-11-08,32,4,891.77,4,3,3,3,433,Loyal Customers
12936,United Kingdom,2011-09-22,2011-11-22,18,4,1012.90,5,3,3,3,533,Loyal Customers
14972,United Kingdom,2010-11-23,2011-08-03,129,2,145.07,3,2,1,2,321,Need Attention
14550,United Kingdom,2010-08-13,2011-11-29,11,4,1345.06,5,3,4,4,534,Champions
15631,United Kingdom,2010-03-07,2010-03-07,643,1,596.67,1,1,3,2,113,Lost
12715,Sweden,2011-08-25,2011-08-25,107,1,263.36,3,1,1,1,311,About to Sleep
18162,United Kingdom,2009-12-07,2009-12-07,733,1,371.51,1,1,2,2,112,Lost
14920,United Kingdom,2010-05-23,2011-05-11,213,3,1607.17,2,3,4,4,234,At Risk
15553,United Kingdom,2011-10-10,2011-10-10,61,1,428.93,3,1,2,2,312,Need Attention
14386,United Kingdom,2011-02-16,2011-02-16,297,1,142.40,2,1,1,1,211,Hibernating
13721,United Kingdom,2010-11-09,2011-11-03,37,2,741.54,4,2,3,3,423,Loyal Customers
14128,United Kingdom,2010-06-06,2011-10-10,61,3,909.36,3,3,3,3,333,Loyal Customers
13957,United Kingdom,2010-02-19,2010-10-18,418,3,458.25,1,3,2,3,132,At Risk
14601,United Kingdom,2011-11-29,2011-11-29,11,1,213.96,5,1,1,1,511,New Customers
14385,United Kingdom,2011-11-16,2011-11-30,10,3,202.11,5,3,1,2,531,Potential Loyalists
17079,United Kingdom,2011-09-22,2011-09-22,79,1,118.80,3,1,1,1,311,About to Sleep
16852,United Kingdom,2011-06-16,2011-11-29,11,2,144.91,5,2,1,2,521,Potential Loyalists
15175,United Kingdom,2011-09-29,2011-09-29,72,1,224.14,3,1,1,1,311,About to Sleep
14174,United Kingdom,2011-11-06,2011-11-06,34,1,134.46,4,1,1,1,411,Promising
18253,United Kingdom,2010-03-07,2010-03-07,643,1,317.88,1,1,2,2,112,Lost
18091,United Kingdom,2010-04-25,2010-04-25,594,1,360.85,1,1,2,2,112,Lost
16669,United Kingdom,2011-09-22,2011-11-16,24,2,1344.48,4,2,4,3,424,Loyal Customers
16273,United Kingdom,2010-02-21,2010-03-01,649,2,318.34,1,2,2,2,122,Lost
13366,United Kingdom,2011-10-20,2011-10-20,51,1,56.16,4,1,1,1,411,Promising
14982,United Kingdom,2010-05-16,2010-05-16,573,1,234.88,1,1,1,1,111,Lost
13586,United Kingdom,2010-06-16,2010-06-16,542,1,127.28,1,1,1,1,111,Lost
16207,United Kingdom,2011-11-14,2011-11-14,26,1,394.38,4,1,2,2,412,Potential Loyalists
14138,United Kingdom,2011-10-07,2011-12-08,2,2,965.88,5,2,3,3,523,Loyal Customers
13915,United Kingdom,2010-11-10,2010-11-10,395,1,31.20,2,1,1,1,211,Hibernating
14536,United Kingdom,2011-03-25,2011-03-25,260,1,170.95,2,1,1,1,211,Hibernating
16693,United Kingdom,2010-02-21,2011-10-02,69,5,1179.48,3,4,4,4,344,Loyal Customers
14809,United Kingdom,2010-03-28,2010-03-28,622,2,686.76,1,2,3,3,123,At Risk
12716,France,2011-07-29,2011-12-06,4,2,963.49,5,2,3,3,523,Loyal Customers
13620,United Kingdom,2010-06-29,2010-06-29,529,1,112.34,1,1,1,1,111,Lost
16599,United Kingdom,2010-11-19,2010-11-19,386,1,172.80,2,1,1,1,211,Hibernating
13423,United Kingdom,2010-10-07,2010-10-07,429,1,217.03,1,1,1,1,111,Lost
14109,United Kingdom,2011-09-28,2011-09-28,73,1,80.20,3,1,1,1,311,About to Sleep
12663,Germany,2010-02-09,2010-03-25,625,2,150.00,1,2,1,2,121,Lost
16723,United Kingdom,2009-12-04,2011-09-09,92,4,1231.36,3,3,4,4,334,Loyal Customers
15054,United Kingdom,2011-10-30,2011-11-27,13,2,302.10,5,2,2,2,522,Potential Loyalists
17487,United Kingdom,2009-12-11,2009-12-11,729,1,160.55,1,1,1,1,111,Lost
15925,United Kingdom,2011-05-29,2011-05-29,195,1,207.15,2,1,1,1,211,Hibernating
12969,United Kingdom,2010-04-16,2010-04-16,603,1,122.45,1,1,1,1,111,Lost
15595,United Kingdom,2010-08-09,2010-08-09,488,1,357.60,1,1,2,2,112,Lost
12591,Italy,2010-10-27,2011-01-26,318,3,1114.95,2,3,3,3,233,At Risk
16605,United Kingdom,2009-12-15,2009-12-15,725,1,60.48,1,1,1,1,111,Lost
18082,United Kingdom,2011-11-14,2011-11-14,26,1,680.84,4,1,3,2,413,Potential Loyalists
12660,France,2011-11-28,2011-11-28,12,1,227.10,5,1,1,1,511,New Customers
15914,United Kingdom,2010-11-26,2010-11-26,379,2,205.99,2,2,1,2,221,Hibernating
16270,United Kingdom,2010-12-21,2010-12-21,354,1,1141.24,2,1,3,2,213,Hibernating
15213,United Kingdom,2011-01-14,2011-01-25,319,2,325.05,2,2,2,2,222,Hibernating
17458,United Kingdom,2010-11-23,2011-11-24,16,2,529.58,5,2,2,2,522,Potential Loyalists
17836,United Kingdom,2011-10-23,2011-10-23,48,1,109.83,4,1,1,1,411,Promising
15196,United Kingdom,2009-12-13,2010-10-03,433,2,313.70,1,2,2,2,122,Lost
14066,United Kingdom,2011-03-18,2011-03-18,267,1,152.55,2,1,1,1,211,Hibernating
13002,United Kingdom,2010-10-01,2011-01-25,319,3,414.13,2,3,2,3,232,At Risk
14822,United Kingdom,2010-08-11,2010-08-11,486,1,157.70,1,1,1,1,111,Lost
13626,United Kingdom,2010-11-25,2011-04-01,253,2,689.49,2,2,3,3,223,At Risk
12794,Portugal,2011-09-02,2011-10-17,54,2,860.41,4,2,3,3,423,Loyal Customers
13822,United Kingdom,2011-10-30,2011-12-04,6,2,632.00,5,2,3,3,523,Loyal Customers
15543,United Kingdom,2010-09-06,2011-02-24,289,2,242.26,2,2,1,2,221,Hibernating
15689,United Kingdom,2010-04-01,2011-08-12,120,3,521.03,3,3,2,3,332,Loyal Customers
13945,United Kingdom,2010-08-17,2010-11-10,395,2,854.15,2,2,3,3,223,At Risk
18148,United Kingdom,2010-03-03,2010-03-03,647,1,112.85,1,1,1,1,111,Lost
16925,United Kingdom,2010-06-17,2010-06-17,541,1,125.65,1,1,1,1,111,Lost
15460,United Kingdom,2010-12-20,2010-12-20,355,1,214.26,2,1,1,1,211,Hibernating
12561,Germany,2011-02-10,2011-02-10,303,1,238.85,2,1,1,1,211,Hibernating
15915,United Kingdom,2010-11-03,2010-11-03,402,1,364.24,2,1,2,2,212,Hibernating
18076,United Kingdom,2010-11-24,2010-11-24,381,1,151.49,2,1,1,1,211,Hibernating
17601,United Kingdom,2010-11-24,2011-04-14,240,2,412.66,2,2,2,2,222,Hibernating
14254,United Kingdom,2010-10-03,2010-10-03,433,1,601.03,1,1,3,2,113,Lost
15121,United Kingdom,2011-02-24,2011-10-20,51,2,457.72,4,2,2,2,422,Potential Loyalists
13411,United Kingdom,2011-08-24,2011-08-24,108,1,213.55,3,1,1,1,311,About to Sleep
13621,United Kingdom,2011-08-15,2011-08-15,117,1,213.85,3,1,1,1,311,About to Sleep
13887,United Kingdom,2011-05-19,2011-05-19,205,1,349.55,2,1,2,2,212,Hibernating
17630,United Kingdom,2011-04-21,2011-06-23,170,2,503.60,3,2,2,2,322,Need Attention
12833,United Kingdom,2011-07-17,2011-07-17,146,1,417.38,3,1,2,2,312,Need Attention
15233,United Kingdom,2010-11-03,2010-11-03,402,1,59.40,2,1,1,1,211,Hibernating
18103,United Kingdom,2010-06-08,2010-06-08,550,1,105.80,1,1,1,1,111,Lost
18031,United Kingdom,2010-11-26,2010-11-26,379,1,451.30,2,1,2,2,212,Hibernating
17407,United Kingdom,2010-10-24,2010-10-24,412,1,552.90,1,1,2,2,112,Lost
14980,United Kingdom,2009-12-02,2009-12-02,738,1,150.68,1,1,1,1,111,Lost
15878,United Kingdom,2009-12-06,2010-05-27,562,2,330.77,1,2,2,2,122,Lost
12491,France,2011-11-01,2011-11-01,39,1,424.40,4,1,2,2,412,Potential Loyalists
16095,United Kingdom,2010-09-09,2010-09-09,457,1,447.05,1,1,2,2,112,Lost
16509,United Kingdom,2011-02-16,2011-02-16,297,1,363.70,2,1,2,2,212,Hibernating
16181,United Kingdom,2011-09-27,2011-09-27,74,1,305.54,3,1,2,2,312,Need Attention
13818,United Kingdom,2010-10-06,2010-10-06,430,1,61.28,1,1,1,1,111,Lost
17533,United Kingdom,2010-10-01,2010-10-01,435,1,34.80,1,1,1,1,111,Lost
16111,United Kingdom,2010-10-07,2010-10-07,429,1,549.33,1,1,2,2,112,Lost
18007,United Kingdom,2010-11-12,2010-11-12,393,1,215.22,2,1,1,1,211,Hibernating
15408,United Kingdom,2011-03-20,2011-03-20,265,1,267.18,2,1,1,1,211,Hibernating
12742,United Arab Emirates,2010-03-24,2010-03-24,626,1,1185.02,1,1,4,3,114,At Risk
12966,United Kingdom,2011-11-30,2011-11-30,10,1,160.18,5,1,1,1,511,New Customers
18195,United Kingdom,2010-11-17,2010-11-17,388,1,101.16,2,1,1,1,211,Hibernating
18153,United Kingdom,2010-02-18,2010-02-18,660,1,246.22,1,1,1,1,111,Lost
12537,Sweden,2010-10-27,2010-10-27,409,1,612.94,2,1,3,2,213,Hibernating
12690,France,2011-05-18,2011-05-18,206,1,335.01,2,1,2,2,212,Hibernating
13903,United Kingdom,2010-11-04,2010-11-04,401,1,165.45,2,1,1,1,211,Hibernating
15019,United Kingdom,2011-03-18,2011-03-18,267,1,252.81,2,1,1,1,211,Hibernating
14015,United Kingdom,2011-10-18,2011-10-18,53,1,917.34,4,1,3,2,413,Potential Loyalists
17971,United Kingdom,2010-06-09,2010-06-09,549,1,161.94,1,1,1,1,111,Lost
15930,United Kingdom,2011-10-03,2011-10-03,68,1,426.63,3,1,2,2,312,Need Attention
15327,United Kingdom,2011-10-18,2011-10-18,53,1,208.75,4,1,1,1,411,Promising
15856,United Kingdom,2009-12-03,2011-12-05,5,52,31871.79,5,5,5,5,555,Champions
12621,Germany,2010-02-09,2011-12-08,2,35,21900.70,5,5,5,5,555,Champions
17426,United Kingdom,2010-02-17,2011-12-01,9,13,7606.37,5,5,5,5,555,Champions
12560,Germany,2011-07-19,2011-12-04,6,2,1885.39,5,2,4,3,524,Loyal Customers
14180,United Kingdom,2010-06-09,2011-11-29,11,33,5909.00,5,5,5,5,555,Champions
15005,United Kingdom,2009-12-01,2011-11-24,16,56,13410.90,5,5,5,5,555,Champions
18161,United Kingdom,2010-11-25,2011-11-24,16,6,1797.20,5,4,4,4,544,Champions
16794,United Kingdom,2010-03-25,2011-12-08,2,15,2029.48,5,5,4,5,554,Champions
12841,United Kingdom,2010-07-08,2011-12-05,5,40,6808.00,5,5,5,5,555,Champions
15151,United Kingdom,2010-07-18,2010-10-12,424,2,2085.61,1,2,4,3,124,At Risk
17611,United Kingdom,2009-12-01,2011-12-02,8,28,8149.93,5,5,5,5,555,Champions
12476,Germany,2010-07-26,2011-11-24,16,18,11920.12,5,5,5,5,555,Champions
16024,United Kingdom,2010-10-24,2011-11-27,13,3,478.71,5,3,2,3,532,Loyal Customers
14988,United Kingdom,2010-04-16,2011-05-12,212,7,2038.65,2,4,4,4,244,At Risk
13649,United Kingdom,2010-06-30,2011-03-28,257,6,1453.68,2,4,4,4,244,At Risk
15028,United Kingdom,2010-11-10,2011-12-01,9,6,962.94,5,4,3,4,543,Champions
14623,United Kingdom,2010-04-16,2011-11-07,33,10,1983.55,4,5,4,5,454,Champions
15343,United Kingdom,2011-09-13,2011-09-13,88,1,364.50,3,1,2,2,312,Need Attention
17061,United Kingdom,2011-04-21,2011-09-27,74,11,5116.13,3,5,5,5,355,Loyal Customers
15796,United Kingdom,2010-03-31,2011-12-08,2,17,5066.33,5,5,5,5,555,Champions
16042,United Kingdom,2010-09-12,2011-11-17,23,8,2183.10,4,4,4,4,444,Champions
12682,France,2009-12-01,2011-12-06,4,51,20648.12,5,5,5,5,555,Champions
15271,United Kingdom,2010-08-05,2011-12-02,8,24,4458.29,5,5,5,5,555,Champions
17593,United Kingdom,2009-12-04,2011-12-06,4,11,8040.52,5,5,5,5,555,Champions
14238,United Kingdom,2009-12-05,2011-01-17,327,3,434.23,2,3,2,3,232,At Risk
14680,United Kingdom,2009-12-04,2011-11-14,26,58,53080.02,4,5,5,5,455,Champions
15055,United Kingdom,2009-12-16,2010-08-22,475,3,549.12,1,3,2,3,132,At Risk
17861,United Kingdom,2009-12-10,2011-12-06,4,18,5025.19,5,5,5,5,555,Champions
12733,USA,2010-01-19,2011-04-19,235,4,2325.97,2,3,4,4,234,At Risk
15823,United Kingdom,2009-12-08,2009-12-10,730,2,3047.76,1,2,5,4,125,At Risk
14044,United Kingdom,2010-01-24,2011-11-13,27,10,3057.00,4,5,5,5,455,Champions
17365,United Kingdom,2010-02-01,2011-11-27,13,15,8160.30,5,5,5,5,555,Champions
17907,United Kingdom,2010-03-09,2010-03-09,641,1,291.76,1,1,2,2,112,Lost
15221,United Kingdom,2010-03-12,2010-12-08,367,4,1702.00,2,3,4,4,234,At Risk
16059,United Kingdom,2010-05-19,2011-10-05,66,12,3053.57,3,5,5,5,355,Loyal Customers
16570,United Kingdom,2010-03-30,2011-11-24,16,20,6844.81,5,5,5,5,555,Champions
14312,United Kingdom,2010-07-23,2011-10-24,47,11,3090.29,4,5,5,5,455,Champions
16128,United Kingdom,2010-07-16,2011-11-22,18,11,3748.40,5,5,5,5,555,Champions
16190,United Kingdom,2009-12-14,2011-10-30,41,8,2723.55,4,4,4,4,444,Champions
15599,United Kingdom,2010-09-20,2011-11-13,27,3,1250.06,4,3,4,4,434,Champions
13174,United Kingdom,2009-12-04,2011-11-23,17,11,7972.46,5,5,5,5,555,Champions
16208,United Kingdom,2010-02-24,2011-10-26,45,10,3440.45,4,5,5,5,455,Champions
14231,United Kingdom,2010-09-15,2011-06-09,184,4,1131.97,3,3,3,3,333,Loyal Customers
14388,United Kingdom,2010-01-20,2011-11-29,11,16,6289.95,5,5,5,5,555,Champions
16859,United Kingdom,2010-03-04,2011-07-18,145,7,1657.74,3,4,4,4,344,Loyal Customers
12721,France,2010-08-25,2011-11-08,32,8,3555.83,4,4,5,5,445,Champions
17854,United Kingdom,2009-12-08,2011-06-07,186,6,1068.50,3,4,3,4,343,Loyal Customers
16446,United Kingdom,2011-05-18,2011-12-09,1,2,2.90,5,2,1,2,521,Potential Loyalists
14442,Channel Islands,2010-01-18,2011-05-19,205,7,5272.02,2,4,5,5,245,Cannot Lose Them
16255,United Kingdom,2010-01-24,2011-11-23,17,15,4457.59,5,5,5,5,555,Champions
17511,United Kingdom,2009-12-02,2011-12-07,3,60,168504.44,5,5,5,5,555,Champions
17838,United Kingdom,2010-03-19,2011-11-13,27,13,5134.49,4,5,5,5,455,Champions
15325,United Kingdom,2010-02-16,2011-08-28,104,8,1596.26,3,4,4,4,344,Loyal Customers
15405,United Kingdom,2010-05-12,2011-06-03,190,2,659.84,2,2,3,3,223,At Risk
13064,United Kingdom,2010-04-27,2011-11-27,13,6,1666.84,5,4,4,4,544,Champions
16929,United Kingdom,2011-07-07,2011-12-06,4,7,1295.39,5,4,4,4,544,Champions
16398,United Kingdom,2011-03-31,2011-07-08,155,2,1631.15,3,2,4,3,324,Loyal Customers
14948,United Kingdom,2011-05-04,2011-11-16,24,6,1066.57,4,4,3,4,443,Champions
13769,United Kingdom,2009-12-16,2011-12-07,3,20,5444.33,5,5,5,5,555,Champions
16395,United Kingdom,2009-12-06,2011-10-10,61,14,3438.66,3,5,5,5,355,Loyal Customers
17044,United Kingdom,2009-12-07,2011-11-14,26,12,11867.60,4,5,5,5,455,Champions
17685,United Kingdom,2010-02-11,2011-11-23,17,12,5439.95,5,5,5,5,555,Champions
12500,Germany,2010-02-04,2011-11-16,24,18,5494.31,4,5,5,5,455,Champions
16560,United Kingdom,2009-12-08,2011-11-13,27,8,3010.73,4,4,5,5,445,Champions
14655,United Kingdom,2010-04-22,2011-12-01,9,7,3836.73,5,4,5,5,545,Champions
18062,United Kingdom,2010-04-21,2011-06-19,174,6,1523.37,3,4,4,4,344,Loyal Customers
15309,United Kingdom,2009-12-04,2010-04-08,611,4,715.53,1,3,3,3,133,At Risk
14134,United Kingdom,2009-12-10,2010-11-22,383,15,11123.35,2,5,5,5,255,Cannot Lose Them
15483,United Kingdom,2010-01-24,2011-07-01,162,10,810.68,3,5,3,4,353,Loyal Customers
13040,United Kingdom,2011-11-06,2011-12-01,9,2,676.99,5,2,3,3,523,Loyal Customers
16876,United Kingdom,2010-11-01,2010-11-01,404,1,136.01,2,1,1,1,211,Hibernating
12948,United Kingdom,2009-12-02,2011-11-23,17,9,2306.18,5,5,4,5,554,Champions
15056,United Kingdom,2010-07-07,2010-07-07,521,1,113.65,1,1,1,1,111,Lost
16365,United Kingdom,2009-12-11,2011-11-22,18,15,3156.94,5,5,5,5,555,Champions
13491,United Kingdom,2009-12-07,2011-10-19,52,27,4467.66,4,5,5,5,455,Champions
15382,United Kingdom,2009-12-04,2011-11-25,15,12,13646.50,5,5,5,5,555,Champions
16638,United Kingdom,2010-08-18,2011-11-17,23,15,2375.88,4,5,4,5,454,Champions
16742,United Kingdom,2009-12-16,2010-08-04,493,13,1870.07,1,5,4,5,154,Cannot Lose Them
15323,United Kingdom,2010-02-16,2010-05-26,563,3,320.90,1,3,2,3,132,At Risk
18230,United Kingdom,2010-07-02,2011-11-30,10,9,4197.46,5,5,5,5,555,Champions
14867,United Kingdom,2009-12-05,2011-06-07,186,16,2910.41,3,5,5,5,355,Loyal Customers
13232,United Kingdom,2011-04-10,2011-11-27,13,7,1327.75,5,4,4,4,544,Champions
13018,United Kingdom,2010-03-01,2011-11-23,17,35,9742.81,5,5,5,5,555,Champions
17420,United Kingdom,2010-11-03,2011-10-20,51,6,943.68,4,4,3,4,443,Champions
16107,United Kingdom,2011-06-09,2011-11-22,18,7,3204.16,5,4,5,5,545,Champions
17662,United Kingdom,2009-12-17,2010-02-16,662,2,412.92,1,2,2,2,122,Lost
16497,United Kingdom,2009-12-03,2011-10-21,50,23,6695.28,4,5,5,5,455,Champions
14341,United Kingdom,2009-12-01,2011-10-25,46,18,4428.17,4,5,5,5,455,Champions
15058,United Kingdom,2010-02-24,2011-11-14,26,16,3354.73,4,5,5,5,455,Champions
14025,United Kingdom,2010-05-05,2010-09-01,465,8,3969.10,1,4,5,5,145,Cannot Lose Them
12908,United Kingdom,2010-03-19,2011-06-16,177,5,1386.00,3,4,4,4,344,Loyal Customers
14895,United Kingdom,2009-12-10,2011-12-02,8,38,24488.82,5,5,5,5,555,Champions
14006,United Kingdom,2010-02-25,2011-08-16,116,7,2196.67,3,4,4,4,344,Loyal Customers
15359,United Kingdom,2010-01-15,2010-02-15,663,8,162.60,1,4,1,3,141,At Risk
13298,United Kingdom,2011-12-08,2011-12-08,2,1,360.00,5,1,2,2,512,Potential Loyalists
15722,United Kingdom,2010-03-09,2011-11-04,36,11,5107.85,4,5,5,5,455,Champions
14441,United Kingdom,2010-01-18,2011-12-09,1,11,4426.99,5,5,5,5,555,Champions
14676,United Kingdom,2010-03-10,2011-11-08,32,12,8285.49,4,5,5,5,455,Champions
15101,United Kingdom,2010-04-28,2011-12-01,9,6,1303.49,5,4,4,4,544,Champions
14616,United Kingdom,2010-06-09,2011-04-11,243,5,527.78,2,4,2,3,242,At Risk
16538,United Kingdom,2010-04-23,2010-06-16,542,3,395.07,1,3,2,3,132,At Risk
14814,United Kingdom,2010-05-07,2010-05-07,582,1,152.96,1,1,1,1,111,Lost
17651,United Kingdom,2010-07-01,2011-11-28,12,16,5635.05,5,5,5,5,555,Champions
17750,United Kingdom,2011-06-28,2011-12-04,6,9,1694.16,5,5,4,5,554,Champions
12915,United Kingdom,2010-04-29,2011-07-14,149,4,885.20,3,3,3,3,333,Loyal Customers
17214,United Kingdom,2010-12-15,2011-10-10,61,6,974.12,3,4,3,4,343,Loyal Customers
15808,United Kingdom,2009-12-01,2011-02-06,307,21,17038.95,2,5,5,5,255,Cannot Lose Them
17974,United Kingdom,2010-10-28,2011-11-15,25,6,1739.09,4,4,4,4,444,Champions
16284,United Kingdom,2010-11-11,2011-11-08,32,3,1018.48,4,3,3,3,433,Loyal Customers
17244,United Kingdom,2009-12-06,2011-10-17,54,5,1826.04,4,4,4,4,444,Champions
15475,United Kingdom,2011-09-23,2011-09-23,78,1,454.11,3,1,2,2,312,Need Attention
15529,United Kingdom,2010-11-10,2011-11-17,23,12,4753.66,4,5,5,5,455,Champions
15385,United Kingdom,2010-01-31,2011-10-30,41,3,942.08,4,3,3,3,433,Loyal Customers
16790,United Kingdom,2011-11-02,2011-12-06,4,6,1520.12,5,4,4,4,544,Champions
17977,United Kingdom,2010-11-04,2011-11-10,30,2,1453.55,4,2,4,3,424,Loyal Customers
15523,United Kingdom,2009-12-02,2011-09-16,85,16,17119.24,3,5,5,5,355,Loyal Customers
17103,United Kingdom,2009-12-17,2009-12-17,723,1,424.30,1,1,2,2,112,Lost
17465,United Kingdom,2009-12-03,2010-10-10,426,7,2533.64,1,4,4,4,144,At Risk
16032,United Kingdom,2010-07-04,2010-09-09,457,6,1965.72,1,4,4,4,144,At Risk
14035,United Kingdom,2010-04-06,2011-11-11,29,9,2790.50,4,5,4,5,454,Champions
16712,United Kingdom,2010-11-03,2011-11-30,10,13,4225.22,5,5,5,5,555,Champions
17512,United Kingdom,2009-12-10,2011-11-11,29,18,5432.27,4,5,5,5,455,Champions
13388,United Kingdom,2010-04-15,2011-07-31,132,3,1135.70,3,3,3,3,333,Loyal Customers
17184,United Kingdom,2009-12-09,2010-05-19,570,2,198.41,1,2,1,2,121,Lost
13699,United Kingdom,2010-06-07,2011-07-07,156,2,711.40,3,2,3,3,323,Loyal Customers
14262,United Kingdom,2011-04-13,2011-12-01,9,8,2618.23,5,4,4,4,544,Champions
17889,United Kingdom,2010-03-31,2011-05-11,213,7,746.42,2,4,3,4,243,At Risk
15842,United Kingdom,2010-06-30,2010-11-11,394,2,528.75,2,2,2,2,222,Hibernating
13602,United Kingdom,2010-05-28,2011-10-06,65,4,1025.17,3,3,3,3,333,Loyal Customers
16934,United Kingdom,2010-03-28,2011-10-16,55,6,2062.89,4,4,4,4,444,Champions
18094,United Kingdom,2010-01-07,2011-09-19,82,13,6322.62,3,5,5,5,355,Loyal Customers
15127,United Kingdom,2010-07-08,2011-10-05,66,2,711.50,3,2,3,3,323,Loyal Customers
12811,Portugal,2010-10-08,2011-03-23,262,4,893.90,2,3,3,3,233,At Risk
15648,United Kingdom,2011-03-17,2011-05-19,205,2,584.75,2,2,2,2,222,Hibernating
15148,United Kingdom,2011-11-29,2011-11-29,11,1,301.29,5,1,2,2,512,Potential Loyalists
16265,United Kingdom,2010-10-28,2011-11-30,10,12,6643.62,5,5,5,5,555,Champions
14065,United Kingdom,2010-10-04,2010-11-15,390,3,889.37,2,3,3,3,233,At Risk
16298,United Kingdom,2010-09-23,2011-11-17,23,7,1080.00,4,4,3,4,443,Champions
16025,United Kingdom,2011-11-10,2011-11-10,30,1,439.66,4,1,2,2,412,Potential Loyalists
16802,United Kingdom,2009-12-09,2010-01-29,680,2,582.61,1,2,2,2,122,Lost
15980,United Kingdom,2010-06-01,2011-09-12,89,7,6496.28,3,4,5,5,345,Loyal Customers
14226,United Kingdom,2010-09-24,2011-11-11,29,6,2950.38,4,4,5,5,445,Champions
13475,United Kingdom,2011-02-14,2011-06-01,192,4,1431.78,2,3,4,4,234,At Risk
18066,United Kingdom,2010-10-20,2011-09-25,76,3,1440.40,3,3,4,4,334,Loyal Customers
16835,United Kingdom,2010-05-19,2011-08-03,129,6,1389.76,3,4,4,4,344,Loyal Customers
17164,United Kingdom,2011-03-11,2011-11-07,33,7,2466.40,4,4,4,4,444,Champions
15361,United Kingdom,2010-06-14,2010-12-13,362,4,689.07,2,3,3,3,233,At Risk
13277,United Kingdom,2010-06-18,2011-11-24,16,7,523.30,5,4,2,3,542,Loyal Customers
16211,United Kingdom,2010-09-27,2011-09-12,89,3,1086.34,3,3,3,3,333,Loyal Customers
17874,United Kingdom,2011-03-29,2011-06-07,186,6,658.26,3,4,3,4,343,Loyal Customers
13832,United Kingdom,2010-10-13,2011-11-20,20,2,598.64,5,2,3,3,523,Loyal Customers
13365,United Kingdom,2011-05-06,2011-11-06,34,2,2164.32,4,2,4,3,424,Loyal Customers
16641,United Kingdom,2010-01-07,2011-08-26,106,2,554.50,3,2,2,2,322,Need Attention
15679,United Kingdom,2011-06-10,2011-11-15,25,4,781.28,4,3,3,3,433,Loyal Customers
17134,United Kingdom,2010-09-23,2011-08-25,107,3,625.30,3,3,3,3,333,Loyal Customers
14053,United Kingdom,2010-08-10,2011-08-07,125,4,572.30,3,3,2,3,332,Loyal Customers
15057,United Kingdom,2009-12-05,2011-03-09,276,5,3184.56,2,4,5,5,245,Cannot Lose Them
17513,United Kingdom,2010-08-17,2011-09-28,73,3,1158.80,3,3,3,3,333,Loyal Customers
13168,United Kingdom,2010-06-15,2011-11-03,37,5,1831.68,4,4,4,4,444,Champions
15508,United Kingdom,2011-04-18,2011-06-03,190,6,1000.27,2,4,3,4,243,At Risk
17858,United Kingdom,2009-12-06,2011-12-04,6,30,12458.65,5,5,5,5,555,Champions
13988,United Kingdom,2010-03-24,2011-11-20,20,8,4708.64,5,4,5,5,545,Champions
14865,United Kingdom,2009-12-01,2011-12-02,8,4,92.52,5,3,1,2,531,Potential Loyalists
13815,Germany,2010-02-12,2011-11-17,23,8,6547.79,4,4,5,5,445,Champions
13094,United Kingdom,2010-11-15,2011-11-18,22,13,1990.98,4,5,4,5,454,Champions
13929,United Kingdom,2010-01-14,2011-06-23,170,11,3318.10,3,5,5,5,355,Loyal Customers
13646,United Kingdom,2010-11-05,2010-11-05,400,2,323.30,2,2,2,2,222,Hibernating
14552,United Kingdom,2010-04-26,2011-07-11,152,3,507.93,3,3,2,3,332,Loyal Customers
16632,United Kingdom,2010-05-07,2010-08-11,486,2,406.40,1,2,2,2,122,Lost
12759,Netherlands,2009-12-04,2011-10-18,53,8,4618.74,4,4,5,5,445,Champions
16272,United Kingdom,2011-08-15,2011-08-15,117,1,411.70,3,1,2,2,312,Need Attention
15752,United Kingdom,2010-09-08,2011-10-31,40,9,3916.46,4,5,5,5,455,Champions
18180,United Kingdom,2011-07-20,2011-12-05,5,6,1843.75,5,4,4,4,544,Champions
17827,United Kingdom,2010-03-28,2011-12-04,6,6,2369.42,5,4,4,4,544,Champions
17284,United Kingdom,2010-11-15,2011-10-10,61,7,2547.70,3,4,4,4,344,Loyal Customers
13691,United Kingdom,2010-11-08,2010-11-08,397,1,210.78,2,1,1,1,211,Hibernating
15674,United Kingdom,2009-12-08,2011-09-27,74,12,6217.85,3,5,5,5,355,Loyal Customers
15774,United Kingdom,2010-02-21,2011-10-02,69,6,1287.09,3,4,4,4,344,Loyal Customers
16952,United Kingdom,2009-12-11,2011-08-22,110,5,795.83,3,4,3,4,343,Loyal Customers
15602,United Kingdom,2009-12-02,2011-12-01,9,16,2902.16,5,5,5,5,555,Champions
15764,United Kingdom,2010-08-18,2011-09-12,89,8,4453.28,3,4,5,5,345,Loyal Customers
14339,United Kingdom,2010-10-07,2011-04-11,243,2,604.48,2,2,3,3,223,At Risk
14242,United Kingdom,2011-01-18,2011-04-19,235,2,280.55,2,2,2,2,222,Hibernating
12770,Japan,2010-09-09,2011-05-13,211,2,2981.45,2,2,5,4,225,At Risk
16469,United Kingdom,2010-07-13,2011-11-16,24,5,803.90,4,4,3,4,443,Champions
15267,United Kingdom,2011-06-10,2011-11-17,23,5,1717.36,4,4,4,4,444,Champions
13594,United Kingdom,2010-08-11,2011-10-18,53,2,508.42,4,2,2,2,422,Potential Loyalists
17062,United Kingdom,2010-09-26,2011-01-30,314,6,880.81,2,4,3,4,243,At Risk
17722,United Kingdom,2010-11-29,2011-09-04,97,5,3476.82,3,4,5,5,345,Loyal Customers
13914,United Kingdom,2011-11-03,2011-11-28,12,2,613.95,5,2,3,3,523,Loyal Customers
16231,United Kingdom,2010-04-21,2010-11-25,380,4,1074.47,2,3,3,3,233,At Risk
13886,United Kingdom,2011-09-29,2011-09-29,72,1,243.56,3,1,1,1,311,About to Sleep
12581,Germany,2011-10-31,2011-10-31,40,1,179.71,4,1,1,1,411,Promising
14346,United Kingdom,2010-07-30,2011-08-11,121,5,2315.75,3,4,4,4,344,Loyal Customers
14004,United Kingdom,2010-09-30,2011-10-27,44,11,6258.45,4,5,5,5,455,Champions
13085,United Kingdom,2009-12-01,2011-07-05,158,8,2289.58,3,4,4,4,344,Loyal Customers
16101,United Kingdom,2010-05-27,2011-09-30,71,4,3167.42,3,3,5,4,335,Loyal Customers
16737,United Kingdom,2010-05-11,2011-10-17,54,2,835.20,4,2,3,3,423,Loyal Customers
13770,United Kingdom,2009-12-09,2010-10-13,423,4,785.37,1,3,3,3,133,At Risk
13631,United Kingdom,2011-03-17,2011-09-01,100,11,3021.77,3,5,5,5,355,Loyal Customers
14559,United Kingdom,2010-11-14,2010-11-14,391,1,75.60,2,1,1,1,211,Hibernating
16695,United Kingdom,2010-05-27,2010-05-27,562,2,191.90,1,2,1,2,121,Lost
14287,United Kingdom,2011-05-25,2011-12-01,9,3,156.23,5,3,1,2,531,Potential Loyalists
17901,United Kingdom,2010-07-06,2011-11-10,30,3,260.08,4,3,1,2,431,Potential Loyalists
17583,United Kingdom,2010-05-28,2010-05-28,561,1,135.95,1,1,1,1,111,Lost
12499,Germany,2010-05-28,2010-05-28,561,1,357.72,1,1,2,2,112,Lost
16806,United Kingdom,2011-04-14,2011-08-28,104,4,736.21,3,3,3,3,333,Loyal Customers
16406,United Kingdom,2010-02-24,2011-11-21,19,3,509.66,5,3,2,3,532,Loyal Customers
17826,United Kingdom,2010-11-30,2010-11-30,375,1,133.34,2,1,1,1,211,Hibernating
12754,Japan,2011-02-04,2011-04-18,236,3,3010.74,2,3,5,4,235,At Risk
15143,United Kingdom,2010-10-03,2011-04-28,226,2,563.63,2,2,2,2,222,Hibernating
14130,United Kingdom,2009-12-11,2011-01-24,320,4,1858.77,2,3,4,4,234,At Risk
15740,United Kingdom,2011-10-21,2011-10-21,50,1,154.88,4,1,1,1,411,Promising
17038,United Kingdom,2010-10-20,2011-11-09,31,2,743.17,4,2,3,3,423,Loyal Customers
13567,United Kingdom,2010-06-16,2010-10-07,429,4,1074.19,1,3,3,3,133,At Risk
16773,United Kingdom,2009-12-06,2011-10-13,58,3,421.24,4,3,2,3,432,Loyal Customers
17587,United Kingdom,2010-03-21,2010-03-21,629,1,173.76,1,1,1,1,111,Lost
15561,United Kingdom,2010-02-14,2011-11-28,12,8,1856.54,5,4,4,4,544,Champions
16290,United Kingdom,2010-05-23,2010-09-01,465,4,1957.70,1,3,4,4,134,At Risk
16623,United Kingdom,2010-04-26,2011-04-08,246,4,1002.49,2,3,3,3,233,At Risk
15608,United Kingdom,2010-10-20,2011-11-11,29,5,1785.98,4,4,4,4,444,Champions
12441,France,2010-12-08,2010-12-08,367,1,155.55,2,1,1,1,211,Hibernating
16687,United Kingdom,2010-11-14,2010-11-14,391,1,157.63,2,1,1,1,211,Hibernating
14428,United Kingdom,2011-01-18,2011-12-02,8,5,1209.37,5,4,4,4,544,Champions
15398,United Kingdom,2011-09-22,2011-11-23,17,2,1339.63,5,2,4,3,524,Loyal Customers
13772,United Kingdom,2010-02-23,2011-11-06,34,8,3080.52,4,4,5,5,445,Champions
13700,United Kingdom,2010-02-07,2011-11-13,27,13,2569.72,4,5,4,5,454,Champions
16436,United Kingdom,2009-12-06,2010-02-09,669,3,231.84,1,3,1,2,131,Lost
17515,United Kingdom,2010-06-07,2011-11-08,32,9,1602.51,4,5,4,5,454,Champions
12562,France,2010-09-30,2011-12-01,9,9,4426.92,5,5,5,5,555,Champions
14230,United Kingdom,2010-06-09,2010-09-30,436,3,979.80,1,3,3,3,133,At Risk
13466,United Kingdom,2010-03-21,2011-06-08,185,5,952.25,3,4,3,4,343,Loyal Customers
12905,United Kingdom,2010-01-26,2010-05-12,577,2,1011.82,1,2,3,3,123,At Risk
15942,United Kingdom,2011-07-29,2011-07-29,134,1,337.44,3,1,2,2,312,Need Attention
13368,United Kingdom,2010-10-12,2011-03-28,257,4,986.10,2,3,3,3,233,At Risk
13556,United Kingdom,2010-09-30,2010-10-06,430,2,200.82,1,2,1,2,121,Lost
15396,United Kingdom,2010-05-05,2011-08-19,113,2,796.38,3,2,3,3,323,Loyal Customers
14624,United Kingdom,2010-04-14,2011-10-13,58,6,814.07,4,4,3,4,443,Champions
16544,United Kingdom,2010-02-15,2010-07-08,520,4,110.30,1,3,1,2,131,Lost
13882,United Kingdom,2011-10-06,2011-12-07,3,5,1131.28,5,4,3,4,543,Champions
15597,United Kingdom,2010-05-13,2011-11-04,36,2,554.52,4,2,2,2,422,Potential Loyalists
13276,United Kingdom,2010-03-07,2011-10-07,64,5,1871.21,3,4,4,4,344,Loyal Customers
18139,United Kingdom,2011-11-21,2011-11-22,18,6,8438.34,5,4,5,5,545,Champions
14336,United Kingdom,2011-03-08,2011-11-23,17,4,1614.91,5,3,4,4,534,Champions
17727,United Kingdom,2011-11-24,2011-11-24,16,1,1042.55,5,1,3,2,513,Potential Loyalists
17835,United Kingdom,2011-11-16,2011-12-07,3,3,342.24,5,3,2,3,532,Loyal Customers
17249,United Kingdom,2010-10-07,2010-10-07,429,1,68.03,1,1,1,1,111,Lost
13912,United Kingdom,2010-10-12,2010-10-12,424,1,124.95,1,1,1,1,111,Lost
16464,United Kingdom,2011-07-20,2011-11-20,20,3,1298.66,5,3,4,4,534,Champions
12518,Germany,2011-08-21,2011-12-09,1,5,1840.89,5,4,4,4,544,Champions
14091,United Kingdom,2010-01-10,2010-02-23,655,2,9530.08,1,2,5,4,125,At Risk
16524,United Kingdom,2010-01-17,2010-09-19,447,2,306.19,1,2,2,2,122,Lost
18194,United Kingdom,2010-01-28,2011-09-18,83,6,4084.20,3,4,5,5,345,Loyal Customers
12741,USA,2010-06-24,2010-06-24,534,1,236.07,1,1,1,1,111,Lost
17129,United Kingdom,2010-07-07,2010-07-07,521,1,31.85,1,1,1,1,111,Lost
13063,United Kingdom,2010-08-16,2010-08-16,481,1,188.40,1,1,1,1,111,Lost
16965,United Kingdom,2011-04-27,2011-04-27,227,1,192.07,2,1,1,1,211,Hibernating
17912,United Kingdom,2010-11-29,2011-02-02,311,6,356.20,2,4,2,3,242,At Risk
14877,United Kingdom,2010-03-07,2010-10-17,419,2,425.85,1,2,2,2,122,Lost
15951,United Kingdom,2010-11-23,2011-12-01,9,3,974.52,5,3,3,3,533,Loyal Customers
17194,United Kingdom,2010-06-27,2010-12-14,361,2,776.66,2,2,3,3,223,At Risk
16784,United Kingdom,2010-03-28,2011-11-20,20,5,892.33,5,4,3,4,543,Champions
17149,United Kingdom,2010-09-14,2010-09-14,452,1,143.10,1,1,1,1,111,Lost
13462,United Kingdom,2009-12-14,2011-04-01,253,5,1145.60,2,4,3,4,243,At Risk
13859,United Kingdom,2010-06-28,2011-01-17,327,2,515.86,2,2,2,2,222,Hibernating
17030,United Kingdom,2011-10-07,2011-10-07,64,1,146.87,3,1,1,1,311,About to Sleep
14997,United Kingdom,2010-02-22,2011-10-24,47,4,771.38,4,3,3,3,433,Loyal Customers
15081,United Kingdom,2010-06-22,2011-11-17,23,12,1837.12,4,5,4,5,454,Champions
12401,Belgium,2011-02-09,2011-02-09,304,1,69.30,2,1,1,1,211,Hibernating
16922,United Kingdom,2010-05-16,2010-05-16,573,1,611.08,1,1,3,2,113,Lost
14382,United Kingdom,2010-11-14,2011-11-13,27,2,1187.68,4,2,4,3,424,Loyal Customers
16141,United Kingdom,2010-10-18,2011-09-12,89,2,955.94,3,2,3,3,323,Loyal Customers
15726,United Kingdom,2010-11-14,2010-11-14,391,1,321.91,2,1,2,2,212,Hibernating
13237,United Kingdom,2010-11-17,2010-11-17,388,1,643.00,2,1,3,2,213,Hibernating
13801,United Kingdom,2011-10-04,2011-10-04,67,1,324.80,3,1,2,2,312,Need Attention
14037,United Kingdom,2009-12-07,2011-06-16,177,6,755.95,3,4,3,4,343,Loyal Customers
13152,United Kingdom,2010-01-14,2010-10-18,418,7,2114.98,1,4,4,4,144,At Risk
13744,United Kingdom,2011-02-20,2011-09-05,96,2,1080.52,3,2,3,3,323,Loyal Customers
18235,United Kingdom,2011-05-06,2011-09-29,72,3,1796.48,3,3,4,4,334,Loyal Customers
17699,United Kingdom,2010-05-27,2010-08-20,477,2,442.00,1,2,2,2,122,Lost
18047,United Kingdom,2010-11-23,2010-11-23,382,2,326.09,2,2,2,2,222,Hibernating
12866,Belgium,2010-07-25,2011-03-01,284,3,1092.35,2,3,3,3,233,At Risk
17278,United Kingdom,2010-05-23,2011-04-12,242,2,271.24,2,2,1,2,221,Hibernating
14148,United Kingdom,2010-10-21,2011-04-20,234,2,466.29,2,2,2,2,222,Hibernating
15340,United Kingdom,2010-05-27,2010-05-27,562,1,105.50,1,1,1,1,111,Lost
14517,United Kingdom,2011-07-21,2011-11-06,34,2,330.45,4,2,2,2,422,Potential Loyalists
17072,United Kingdom,2010-03-24,2010-03-24,626,1,273.35,1,1,2,2,112,Lost
15766,United Kingdom,2010-01-26,2011-10-06,65,3,799.66,3,3,3,3,333,Loyal Customers
14232,United Kingdom,2011-03-20,2011-10-28,43,5,2043.93,4,4,4,4,444,Champions
13657,United Kingdom,2011-05-22,2011-11-29,11,2,382.14,5,2,2,2,522,Potential Loyalists
13028,United Kingdom,2011-10-25,2011-11-17,23,2,659.68,4,2,3,3,423,Loyal Customers
13052,United Kingdom,2010-02-23,2011-05-11,213,7,3118.48,2,4,5,5,245,Cannot Lose Them
14418,United Kingdom,2011-08-23,2011-12-06,4,3,1937.25,5,3,4,4,534,Champions
12790,Netherlands,2010-10-25,2011-05-31,193,2,518.45,2,2,2,2,222,Hibernating
17258,United Kingdom,2010-02-12,2010-11-08,397,2,417.30,2,2,2,2,222,Hibernating
13350,United Kingdom,2011-09-21,2011-11-23,17,2,810.72,5,2,3,3,523,Loyal Customers
12804,Netherlands,2010-07-27,2010-08-31,466,2,325.37,1,2,2,2,122,Lost
16587,United Kingdom,2011-04-21,2011-04-21,233,1,225.15,2,1,1,1,211,Hibernating
13443,United Kingdom,2010-01-31,2010-09-17,449,6,1236.92,1,4,4,4,144,At Risk
18108,United Kingdom,2009-12-02,2011-03-30,255,3,842.46,2,3,3,3,233,At Risk
17565,United Kingdom,2010-05-02,2010-05-02,587,1,131.83,1,1,1,1,111,Lost
15556,United Kingdom,2011-11-15,2011-11-15,25,1,279.77,4,1,2,2,412,Potential Loyalists
17687,United Kingdom,2010-10-15,2010-10-15,421,1,432.68,1,1,2,2,112,Lost
13703,United Kingdom,2010-10-20,2011-01-25,319,2,99.50,2,2,1,2,221,Hibernating
13303,United Kingdom,2010-11-04,2010-11-04,401,1,61.72,2,1,1,1,211,Hibernating
16006,United Kingdom,2010-11-17,2011-05-12,212,2,332.82,2,2,2,2,222,Hibernating
14168,United Kingdom,2010-05-24,2010-10-15,421,2,305.90,1,2,2,2,122,Lost
16548,United Kingdom,2010-04-19,2010-04-19,600,1,30.15,1,1,1,1,111,Lost
14617,United Kingdom,2010-10-20,2010-11-02,403,2,190.47,2,2,1,2,221,Hibernating
13084,United Kingdom,2010-08-05,2010-08-05,492,1,116.45,1,1,1,1,111,Lost
18256,United Kingdom,2010-11-17,2010-11-17,388,1,60.60,2,1,1,1,211,Hibernating
16001,United Kingdom,2010-11-23,2010-11-23,382,1,519.06,2,1,2,2,212,Hibernating
13644,United Kingdom,2011-08-26,2011-11-23,17,4,2597.52,5,3,4,4,534,Champions
14335,Germany,2011-09-04,2011-11-23,17,2,454.86,5,2,2,2,522,Potential Loyalists
13964,United Kingdom,2010-10-05,2010-11-17,388,2,421.90,2,2,2,2,222,Hibernating
13518,United Kingdom,2011-09-15,2011-09-15,86,1,627.16,3,1,3,2,313,Need Attention
16591,United Kingdom,2011-10-02,2011-10-02,69,1,213.50,3,1,1,1,311,About to Sleep
12597,Spain,2011-03-16,2011-11-20,20,4,3067.13,5,3,5,4,535,Champions
18013,United Kingdom,2011-07-07,2011-07-07,156,2,187.29,3,2,1,2,321,Need Attention
16421,United Kingdom,2010-08-27,2010-11-28,377,3,526.27,2,3,2,3,232,At Risk
17318,United Kingdom,2009-12-14,2009-12-14,726,1,157.33,1,1,1,1,111,Lost
13570,United Kingdom,2011-04-10,2011-04-10,244,1,239.49,2,1,1,1,211,Hibernating
15557,United Kingdom,2011-11-11,2011-11-11,29,1,468.91,4,1,2,2,412,Potential Loyalists
12608,United Kingdom,2010-10-31,2010-10-31,405,1,415.79,2,1,2,2,212,Hibernating
17919,United Kingdom,2010-09-27,2011-09-12,89,2,1840.32,3,2,4,3,324,Loyal Customers
17294,United Kingdom,2010-02-08,2010-02-08,670,2,467.79,1,2,2,2,122,Lost
17122,United Kingdom,2010-07-28,2011-08-12,120,4,570.50,3,3,2,3,332,Loyal Customers
12373,Austria,2010-02-04,2011-02-01,312,3,927.65,2,3,3,3,233,At Risk
16414,United Kingdom,2010-01-14,2011-11-18,22,5,551.21,4,4,2,3,442,Loyal Customers
13056,United Kingdom,2010-06-06,2010-06-06,552,1,209.48,1,1,1,1,111,Lost
18112,United Kingdom,2010-06-06,2011-11-27,13,4,773.36,5,3,3,3,533,Loyal Customers
16223,United Kingdom,2010-11-09,2010-11-30,375,2,1087.05,2,2,3,3,223,At Risk
17558,United Kingdom,2010-11-11,2010-11-11,394,1,259.17,2,1,1,1,211,Hibernating
17207,United Kingdom,2010-02-25,2010-02-25,653,1,291.77,1,1,2,2,112,Lost
16854,United Kingdom,2010-03-09,2010-10-18,418,2,1408.96,1,2,4,3,124,At Risk
15688,United Kingdom,2010-10-17,2010-10-17,419,1,190.57,1,1,1,1,111,Lost
13314,United Kingdom,2011-09-27,2011-12-08,2,3,593.51,5,3,3,3,533,Loyal Customers
15937,United Kingdom,2011-10-06,2011-10-06,65,1,145.35,3,1,1,1,311,About to Sleep
16596,United Kingdom,2009-12-10,2011-11-24,16,4,458.98,5,3,2,3,532,Loyal Customers
17668,United Kingdom,2011-11-01,2011-12-08,2,2,347.75,5,2,2,2,522,Potential Loyalists
16457,United Kingdom,2011-05-05,2011-05-05,219,1,208.36,2,1,1,1,211,Hibernating
17436,United Kingdom,2009-12-07,2011-12-08,2,5,521.31,5,4,2,3,542,Loyal Customers
15085,United Kingdom,2009-12-10,2009-12-10,730,1,347.54,1,1,2,2,112,Lost
18124,United Kingdom,2010-08-24,2010-08-24,473,1,102.65,1,1,1,1,111,Lost
13572,United Kingdom,2011-05-18,2011-05-18,206,1,1384.25,2,1,4,3,214,At Risk
15825,United Kingdom,2011-06-20,2011-06-20,173,1,532.94,3,1,2,2,312,Need Attention
17031,United Kingdom,2010-05-07,2011-11-28,12,6,2773.85,5,4,4,4,544,Champions
16792,United Kingdom,2010-01-04,2011-03-02,283,5,623.46,2,4,3,4,243,At Risk
17325,United Kingdom,2010-03-08,2011-03-04,281,3,609.57,2,3,3,3,233,At Risk
16978,United Kingdom,2010-02-11,2011-09-23,78,3,768.88,3,3,3,3,333,Loyal Customers
13022,Belgium,2010-10-06,2010-10-06,430,1,50.30,1,1,1,1,111,Lost
12725,Italy,2010-05-04,2010-12-03,372,3,1906.76,2,3,4,4,234,At Risk
16800,United Kingdom,2011-11-28,2011-11-28,12,1,1162.65,5,1,3,2,513,Potential Loyalists
14663,United Kingdom,2010-10-05,2010-10-05,431,2,490.60,1,2,2,2,122,Lost
13419,United Kingdom,2011-10-07,2011-10-07,64,1,221.06,3,1,1,1,311,About to Sleep
15773,United Kingdom,2010-10-26,2011-12-04,6,2,774.52,5,2,3,3,523,Loyal Customers
16857,United Kingdom,2010-09-23,2010-09-23,443,1,352.80,1,1,2,2,112,Lost
17022,United Kingdom,2010-10-03,2011-11-08,32,2,260.00,4,2,1,2,421,Potential Loyalists
15040,United Kingdom,2010-06-16,2010-06-16,542,1,7.49,1,1,1,1,111,Lost
12762,Portugal,2011-11-14,2011-12-02,8,2,1702.52,5,2,4,3,524,Loyal Customers
17981,United Kingdom,2010-10-25,2010-10-25,411,1,239.12,1,1,1,1,111,Lost
16516,United Kingdom,2011-11-09,2011-11-09,31,1,101.70,4,1,1,1,411,Promising
17195,United Kingdom,2010-02-22,2010-02-22,656,1,562.98,1,1,2,2,112,Lost
17834,United Kingdom,2010-09-20,2010-10-21,415,2,689.67,1,2,3,3,123,At Risk
18209,United Kingdom,2011-11-11,2011-11-11,29,1,139.10,4,1,1,1,411,Promising
14985,United Kingdom,2010-12-16,2011-05-25,199,2,292.01,2,2,2,2,222,Hibernating
16195,United Kingdom,2009-12-16,2009-12-16,724,1,323.25,1,1,2,2,112,Lost
12452,Switzerland,2011-11-23,2011-11-23,17,1,348.57,5,1,2,2,512,Potential Loyalists
13281,United Kingdom,2010-09-26,2010-09-26,440,1,306.45,1,1,2,2,112,Lost
14325,United Kingdom,2010-05-19,2010-05-19,570,1,245.48,1,1,1,1,111,Lost
17170,United Kingdom,2010-11-15,2010-11-30,375,2,118.98,2,2,1,2,221,Hibernating
16465,United Kingdom,2010-09-21,2010-10-15,421,2,726.34,1,2,3,3,123,At Risk
17879,United Kingdom,2011-06-19,2011-06-19,174,1,178.52,3,1,1,1,311,About to Sleep
14019,United Kingdom,2011-07-24,2011-10-24,47,3,1398.96,4,3,4,4,434,Champions
15979,United Kingdom,2010-04-16,2010-04-16,603,1,329.22,1,1,2,2,112,Lost
17922,United Kingdom,2010-06-14,2010-06-14,544,1,170.40,1,1,1,1,111,Lost
16425,United Kingdom,2011-02-10,2011-02-10,303,1,302.70,2,1,2,2,212,Hibernating
12655,France,2010-10-12,2010-10-12,424,1,243.35,1,1,1,1,111,Lost
17899,United Kingdom,2011-07-03,2011-07-03,160,1,154.55,3,1,1,1,311,About to Sleep
15185,United Kingdom,2011-09-30,2011-09-30,71,1,310.62,3,1,2,2,312,Need Attention
13724,United Kingdom,2010-03-12,2010-03-12,638,1,213.01,1,1,1,1,111,Lost
17057,United Kingdom,2010-04-22,2010-04-22,597,1,288.79,1,1,2,2,112,Lost
12554,Spain,2010-09-17,2010-09-17,449,1,384.50,1,1,2,2,112,Lost
12780,Netherlands,2010-04-20,2010-04-20,599,1,322.40,1,1,2,2,112,Lost
14884,United Kingdom,2010-02-08,2010-02-08,670,1,120.60,1,1,1,1,111,Lost
12736,France,2011-01-11,2011-01-11,333,1,144.00,2,1,1,1,211,Hibernating
17369,United Kingdom,2010-09-10,2010-09-10,456,1,979.20,1,1,3,2,113,Lost
12769,Brazil,2011-04-15,2011-04-15,239,1,1143.60,2,1,3,2,213,Hibernating
15612,United Kingdom,2011-10-09,2011-11-03,37,2,195.15,4,2,1,2,421,Potential Loyalists
13689,United Kingdom,2010-09-21,2011-10-07,64,2,1259.50,3,2,4,3,324,Loyal Customers
16074,United Kingdom,2010-11-14,2010-11-14,391,1,252.50,2,1,1,1,211,Hibernating
13060,United Kingdom,2011-03-31,2011-03-31,254,1,307.53,2,1,2,2,212,Hibernating
14348,United Kingdom,2011-03-24,2011-03-24,261,1,409.57,2,1,2,2,212,Hibernating
14602,United Kingdom,2010-02-21,2010-02-21,657,1,205.36,1,1,1,1,111,Lost
17574,United Kingdom,2011-04-11,2011-04-11,243,1,185.65,2,1,1,1,211,Hibernating
13938,United Kingdom,2011-11-04,2011-11-04,36,1,71.66,4,1,1,1,411,Promising
12806,Netherlands,2010-04-30,2010-05-16,573,2,2558.96,1,2,4,3,124,At Risk
12701,Germany,2010-03-16,2011-09-21,80,6,2248.41,3,4,4,4,344,Loyal Customers
13735,United Kingdom,2009-12-13,2011-11-15,25,13,9422.36,4,5,5,5,455,Champions
13709,United Kingdom,2010-01-11,2011-12-06,4,18,7492.41,5,5,5,5,555,Champions
17696,United Kingdom,2009-12-10,2011-11-01,39,27,7380.89,4,5,5,5,455,Champions
17139,United Kingdom,2010-01-11,2011-11-24,16,25,19473.91,5,5,5,5,555,Champions
12637,France,2010-06-14,2011-10-03,68,12,8071.16,3,5,5,5,355,Loyal Customers
15967,United Kingdom,2009-12-01,2011-11-16,24,12,2943.60,4,5,5,5,455,Champions
17188,United Kingdom,2009-12-08,2011-11-28,12,13,4361.83,5,5,5,5,555,Champions
15033,United Kingdom,2011-01-14,2011-12-05,5,10,2538.23,5,5,4,5,554,Champions
16620,United Kingdom,2009-12-01,2011-12-06,4,6,1758.93,5,4,4,4,544,Champions
17814,United Kingdom,2010-10-13,2010-11-29,376,2,1609.37,2,2,4,3,224,At Risk
14099,United Kingdom,2009-12-10,2011-11-23,17,20,5685.71,5,5,5,5,555,Champions
12727,France,2010-02-23,2011-11-29,11,10,4890.53,5,5,5,5,555,Champions
17121,United Kingdom,2010-11-02,2010-11-02,403,1,314.74,2,1,2,2,212,Hibernating
14203,United Kingdom,2010-11-07,2010-11-07,398,1,339.34,2,1,2,2,212,Hibernating
14082,United Kingdom,2010-11-12,2010-12-10,365,2,413.36,2,2,2,2,222,Hibernating
15161,United Kingdom,2010-11-16,2010-11-16,389,1,119.92,2,1,1,1,211,Hibernating
13198,United Kingdom,2010-10-01,2011-11-29,11,8,4912.28,5,4,5,5,545,Champions
14585,United Kingdom,2010-10-19,2011-10-20,51,5,1143.27,4,4,3,4,443,Champions
16283,United Kingdom,2010-02-28,2011-12-04,6,8,4256.17,5,4,5,5,545,Champions
13654,United Kingdom,2009-12-02,2011-10-27,44,11,6308.00,4,5,5,5,455,Champions
13461,United Kingdom,2010-04-21,2011-11-01,39,6,4138.50,4,4,5,5,445,Champions
15295,United Kingdom,2010-02-23,2010-02-23,655,1,207.04,1,1,1,1,111,Lost
14402,United Kingdom,2010-02-25,2010-02-25,653,1,285.60,1,1,2,2,112,Lost
13178,United Kingdom,2009-12-16,2011-11-13,27,21,13997.89,4,5,5,5,455,Champions
12490,France,2009-12-01,2011-12-04,6,20,8759.64,5,5,5,5,555,Champions
15077,United Kingdom,2009-12-09,2010-08-02,495,2,2423.88,1,2,4,3,124,At Risk
16294,United Kingdom,2010-08-20,2010-08-20,477,1,126.05,1,1,1,1,111,Lost
16145,United Kingdom,2010-05-04,2011-12-01,9,19,6693.60,5,5,5,5,555,Champions
15476,United Kingdom,2010-09-23,2010-11-24,381,4,2180.28,2,3,4,4,234,At Risk
14657,United Kingdom,2010-09-30,2011-11-22,18,6,1440.24,5,4,4,4,544,Champions
14572,United Kingdom,2010-03-28,2011-12-06,4,11,5479.08,5,5,5,5,555,Champions
16520,United Kingdom,2010-03-02,2011-06-06,187,6,2131.68,3,4,4,4,344,Loyal Customers
13900,United Kingdom,2010-03-25,2011-06-09,184,6,1608.09,3,4,4,4,344,Loyal Customers
14656,United Kingdom,2010-04-15,2011-06-23,170,5,790.00,3,4,3,4,343,Loyal Customers
14220,United Kingdom,2010-05-19,2011-04-06,248,4,1515.00,2,3,4,4,234,At Risk
17801,United Kingdom,2010-01-17,2010-09-14,452,3,767.48,1,3,3,3,133,At Risk
18122,United Kingdom,2011-07-12,2011-12-01,9,6,1791.84,5,4,4,4,544,Champions
14461,United Kingdom,2010-01-18,2011-07-14,149,13,6660.62,3,5,5,5,355,Loyal Customers
17213,United Kingdom,2009-12-15,2011-10-30,41,13,4766.03,4,5,5,5,455,Champions
15342,United Kingdom,2011-08-02,2011-08-02,130,1,391.76,3,1,2,2,312,Need Attention
14470,United Kingdom,2010-10-05,2011-11-28,12,3,712.04,5,3,3,3,533,Loyal Customers
16717,United Kingdom,2009-12-07,2011-11-16,24,14,5987.41,4,5,5,5,455,Champions
12629,Sweden,2010-10-12,2010-11-19,386,2,1198.22,2,2,4,3,224,At Risk
17080,United Kingdom,2010-07-01,2011-11-17,23,7,955.41,4,4,3,4,443,Champions
17639,United Kingdom,2010-08-13,2011-03-08,277,6,615.17,2,4,3,4,243,At Risk
15525,United Kingdom,2010-11-22,2011-12-07,3,4,872.82,5,3,3,3,533,Loyal Customers
17837,United Kingdom,2011-06-29,2011-10-28,43,8,1502.48,4,4,4,4,444,Champions
16444,United Kingdom,2010-03-24,2011-10-24,47,17,3558.63,4,5,5,5,455,Champions
16751,United Kingdom,2011-11-09,2011-11-09,31,1,1764.72,4,1,4,3,414,Loyal Customers
15289,United Kingdom,2010-03-28,2011-11-10,30,5,1570.71,4,4,4,4,444,Champions
14108,United Kingdom,2009-12-01,2011-11-09,31,4,1041.21,4,3,3,3,433,Loyal Customers
13902,Denmark,2009-12-15,2010-03-17,633,5,30375.26,1,4,5,5,145,Cannot Lose Them
18285,United Kingdom,2010-02-17,2010-02-17,661,1,377.00,1,1,2,2,112,Lost
17588,United Kingdom,2010-03-12,2011-08-31,101,7,2901.65,3,4,5,5,345,Loyal Customers
13299,United Kingdom,2010-06-29,2011-03-16,269,3,1173.30,2,3,3,3,233,At Risk
14007,United Kingdom,2010-07-15,2010-07-15,513,1,79.48,1,1,1,1,111,Lost
13962,United Kingdom,2010-09-30,2011-11-18,22,3,362.80,4,3,2,3,432,Loyal Customers
14543,United Kingdom,2009-12-01,2011-11-11,29,39,11958.76,4,5,5,5,455,Champions
15176,United Kingdom,2010-02-10,2010-02-10,668,1,985.09,1,1,3,2,113,Lost
13051,United Kingdom,2010-03-30,2010-05-10,579,2,155.80,1,2,1,2,121,Lost
17996,United Kingdom,2010-06-11,2010-11-25,380,3,469.73,2,3,2,3,232,At Risk
13098,United Kingdom,2011-01-26,2011-12-08,2,28,28658.88,5,5,5,5,555,Champions
16381,United Kingdom,2010-10-17,2010-11-09,396,2,247.85,2,2,1,2,221,Hibernating
14080,United Kingdom,2009-12-02,2011-11-07,33,5,1075.73,4,4,3,4,443,Champions
15794,United Kingdom,2009-12-02,2009-12-03,737,2,777.00,1,2,3,3,123,At Risk
17873,United Kingdom,2009-12-16,2011-09-20,81,18,5849.63,3,5,5,5,355,Loyal Customers
17403,United Kingdom,2010-09-15,2011-11-03,37,2,382.87,4,2,2,2,422,Potential Loyalists
17790,United Kingdom,2010-06-13,2011-11-13,27,20,2779.41,4,5,4,5,454,Champions
17610,United Kingdom,2009-12-06,2010-06-17,541,5,1410.29,1,4,4,4,144,At Risk
13787,United Kingdom,2010-01-14,2011-09-25,76,6,1173.70,3,4,3,4,343,Loyal Customers
17416,United Kingdom,2009-12-14,2011-11-10,30,22,17221.47,4,5,5,5,455,Champions
15044,United Kingdom,2009-12-16,2011-11-20,20,32,15653.61,5,5,5,5,555,Champions
17716,United Kingdom,2009-12-02,2011-11-17,23,24,15671.32,4,5,5,5,455,Champions
16946,United Kingdom,2010-03-02,2010-11-21,384,5,1199.54,2,4,4,4,244,At Risk
12891,United Kingdom,2010-02-18,2011-06-07,186,11,819.50,3,5,3,4,353,Loyal Customers
16500,United Kingdom,2010-06-14,2011-12-05,5,9,835.96,5,5,3,4,553,Champions
15237,United Kingdom,2011-04-26,2011-12-08,2,4,1412.32,5,3,4,4,534,Champions
12546,Spain,2011-09-23,2011-10-24,47,2,1001.50,4,2,3,3,423,Loyal Customers
14342,United Kingdom,2010-08-24,2011-11-18,22,6,843.74,4,4,3,4,443,Champions
14898,United Kingdom,2009-12-03,2011-11-16,24,14,3242.60,4,5,5,5,455,Champions
13525,United Kingdom,2011-04-05,2011-11-25,15,2,628.78,5,2,3,3,523,Loyal Customers
13190,United Kingdom,2009-12-07,2010-06-13,545,3,518.76,1,3,2,3,132,At Risk
16681,United Kingdom,2010-03-08,2011-09-28,73,7,1921.84,3,4,4,4,344,Loyal Customers
17094,United Kingdom,2010-10-12,2011-01-21,323,2,370.40,2,2,2,2,222,Hibernating
14190,United Kingdom,2010-02-11,2010-02-11,667,1,79.90,1,1,1,1,111,Lost
17339,United Kingdom,2010-07-18,2011-09-06,95,3,243.36,3,3,1,2,331,Need Attention
16692,United Kingdom,2010-09-24,2011-03-28,257,4,1764.70,2,3,4,4,234,At Risk
13783,United Kingdom,2010-02-04,2010-08-09,488,4,1542.09,1,3,4,4,134,At Risk
15264,United Kingdom,2010-06-27,2011-10-06,65,2,844.20,3,2,3,3,323,Loyal Customers
17083,United Kingdom,2010-02-09,2011-08-22,110,9,4035.08,3,5,5,5,355,Loyal Customers
17361,United Kingdom,2010-02-01,2011-10-21,50,5,871.79,4,4,3,4,443,Champions
17857,United Kingdom,2010-03-08,2011-12-05,5,23,25653.84,5,5,5,5,555,Champions
12693,Germany,2010-07-05,2011-08-04,128,7,1352.42,3,4,4,4,344,Loyal Customers
14113,United Kingdom,2009-12-08,2011-12-06,4,16,6156.75,5,5,5,5,555,Champions
14793,United Kingdom,2010-06-22,2011-11-18,22,2,611.05,4,2,3,3,423,Loyal Customers
14796,United Kingdom,2009-12-14,2011-12-08,2,27,9971.20,5,5,5,5,555,Champions
15287,United Kingdom,2009-12-02,2011-11-17,23,5,854.58,4,4,3,4,443,Champions
15490,United Kingdom,2010-10-05,2010-10-05,431,1,181.35,1,1,1,1,111,Lost
15027,United Kingdom,2010-03-25,2011-11-09,31,10,2974.04,4,5,5,5,455,Champions
17364,United Kingdom,2009-12-07,2011-12-09,1,27,11587.05,5,5,5,5,555,Champions
15097,United Kingdom,2010-05-05,2011-12-05,5,3,587.05,5,3,2,3,532,Loyal Customers
13863,United Kingdom,2010-04-25,2011-04-06,248,4,1217.63,2,3,4,4,234,At Risk
16774,United Kingdom,2010-02-16,2011-10-03,68,8,1560.88,3,4,4,4,344,Loyal Customers
14404,United Kingdom,2009-12-20,2011-11-06,34,13,2625.13,4,5,4,5,454,Champions
14775,United Kingdom,2010-12-02,2011-10-12,59,3,1011.90,4,3,3,3,433,Loyal Customers
12739,United Arab Emirates,2010-11-10,2011-09-01,100,2,2421.23,3,2,4,3,324,Loyal Customers
12650,France,2011-12-06,2011-12-06,4,1,242.44,5,1,1,1,511,New Customers
15723,United Kingdom,2010-05-14,2010-12-10,365,4,930.70,2,3,3,3,233,At Risk
16991,United Kingdom,2010-10-14,2010-10-14,422,1,1041.21,1,1,3,2,113,Lost
13241,United Kingdom,2010-10-24,2010-10-24,412,1,112.53,1,1,1,1,111,Lost
15850,United Kingdom,2009-12-13,2011-11-20,20,6,1006.75,5,4,3,4,543,Champions
17073,United Kingdom,2011-08-22,2011-11-22,18,4,1444.84,5,3,4,4,534,Champions
14158,United Kingdom,2011-10-30,2011-10-30,41,1,507.66,4,1,2,2,412,Potential Loyalists
13726,United Kingdom,2011-08-31,2011-11-01,39,2,1079.66,4,2,3,3,423,Loyal Customers
14592,United Kingdom,2011-10-06,2011-11-04,36,3,557.94,4,3,2,3,432,Loyal Customers
17340,United Kingdom,2010-02-14,2011-11-10,30,18,19159.01,4,5,5,5,455,Champions
13393,United Kingdom,2009-12-07,2010-05-05,584,4,1105.85,1,3,3,3,133,At Risk
18286,United Kingdom,2009-12-16,2010-08-20,477,2,1138.43,1,2,3,3,123,At Risk
16503,United Kingdom,2010-06-21,2011-08-25,107,11,3597.89,3,5,5,5,355,Loyal Customers
16440,United Kingdom,2010-08-03,2011-12-02,8,6,3856.97,5,4,5,5,545,Champions
13092,United Kingdom,2010-02-10,2011-09-30,71,12,2007.33,3,5,4,5,354,Loyal Customers
15147,United Kingdom,2011-04-13,2011-04-13,241,1,608.65,2,1,3,2,213,Hibernating
13546,United Kingdom,2010-10-11,2011-11-27,13,5,1086.24,5,4,3,4,543,Champions
16067,United Kingdom,2010-02-02,2010-05-26,563,3,2900.01,1,3,5,4,135,At Risk
13332,United Kingdom,2011-11-25,2011-11-25,15,1,350.90,5,1,2,2,512,Potential Loyalists
17910,United Kingdom,2009-12-13,2009-12-13,727,1,261.70,1,1,1,1,111,Lost
17578,United Kingdom,2010-06-28,2011-05-05,219,7,1003.73,2,4,3,4,243,At Risk
14630,United Kingdom,2010-08-12,2010-08-12,485,1,338.65,1,1,2,2,112,Lost
15673,United Kingdom,2010-02-22,2011-09-12,89,9,6199.37,3,5,5,5,355,Loyal Customers
12758,Portugal,2009-12-01,2011-08-15,117,7,9779.00,3,4,5,5,345,Loyal Customers
16944,United Kingdom,2010-04-09,2010-04-09,610,1,101.36,1,1,1,1,111,Lost
14930,Channel Islands,2010-04-12,2011-08-23,109,6,5126.74,3,4,5,5,345,Loyal Customers
15259,United Kingdom,2010-01-26,2010-07-15,513,4,1182.38,1,3,4,4,134,At Risk
17007,United Kingdom,2010-09-28,2011-10-20,51,7,1107.60,4,4,3,4,443,Champions
15690,United Kingdom,2011-08-31,2011-12-05,5,2,239.76,5,2,1,2,521,Potential Loyalists
14963,United Kingdom,2010-07-02,2011-11-30,10,12,3117.72,5,5,5,5,555,Champions
16206,United Kingdom,2010-01-24,2011-10-16,55,13,2572.17,4,5,4,5,454,Champions
16770,United Kingdom,2010-08-22,2011-10-13,58,9,1746.83,4,5,4,5,454,Champions
15841,United Kingdom,2009-12-10,2011-09-28,73,9,2716.50,3,5,4,5,354,Loyal Customers
17471,United Kingdom,2010-08-22,2010-08-22,475,1,321.65,1,1,2,2,112,Lost
14165,United Kingdom,2011-03-09,2011-03-09,276,1,120.44,2,1,1,1,211,Hibernating
16257,United Kingdom,2011-06-16,2011-06-16,177,1,21.95,3,1,1,1,311,About to Sleep
15157,United Kingdom,2009-12-10,2011-12-06,4,5,2597.88,5,4,4,4,544,Champions
15916,United Kingdom,2009-12-10,2011-11-23,17,13,3014.04,5,5,5,5,555,Champions
15934,United Kingdom,2010-10-06,2010-10-18,418,2,2190.66,1,2,4,3,124,At Risk
13410,United Kingdom,2009-12-08,2011-11-15,25,9,2172.51,4,5,4,5,454,Champions
12808,Portugal,2010-09-03,2011-11-03,37,5,748.70,4,4,3,4,443,Champions
14048,United Kingdom,2010-11-22,2011-02-07,306,3,713.89,2,3,3,3,233,At Risk
16987,United Kingdom,2009-12-02,2011-12-06,4,11,2487.55,5,5,4,5,554,Champions
16104,United Kingdom,2009-12-06,2011-10-09,62,9,2511.21,3,5,4,5,354,Loyal Customers
15949,United Kingdom,2011-09-29,2011-11-23,17,2,364.72,5,2,2,2,522,Potential Loyalists
17759,United Kingdom,2010-05-05,2011-11-22,18,5,1260.63,5,4,4,4,544,Champions
12943,United Kingdom,2010-04-13,2010-05-30,559,2,489.00,1,2,2,2,122,Lost
13340,United Kingdom,2010-02-22,2011-10-25,46,12,22100.56,4,5,5,5,455,Champions
18155,United Kingdom,2011-02-21,2011-09-25,76,3,347.82,3,3,2,3,332,Loyal Customers
14117,United Kingdom,2011-07-19,2011-07-19,144,1,90.00,3,1,1,1,311,About to Sleep
16647,United Kingdom,2010-06-13,2011-06-23,170,4,541.90,3,3,2,3,332,Loyal Customers
16401,United Kingdom,2010-06-02,2011-12-08,2,23,6629.24,5,5,5,5,555,Champions
17523,United Kingdom,2011-11-20,2011-11-28,12,4,652.74,5,3,3,3,533,Loyal Customers
13207,United Kingdom,2010-04-06,2011-11-24,16,4,535.86,5,3,2,3,532,Loyal Customers
12874,Belgium,2010-06-03,2010-11-19,386,2,858.42,2,2,3,3,223,At Risk
17440,United Kingdom,2010-06-08,2011-07-06,157,4,314.26,3,3,2,3,332,Loyal Customers
12477,Germany,2010-03-26,2011-11-17,23,9,20173.64,4,5,5,5,455,Champions
17553,United Kingdom,2010-04-08,2011-08-02,130,4,3757.60,3,3,5,4,335,Loyal Customers
17413,United Kingdom,2010-05-19,2010-10-31,405,2,560.14,2,2,2,2,222,Hibernating
15864,United Kingdom,2010-11-23,2011-11-17,23,7,2014.22,4,4,4,4,444,Champions
17693,United Kingdom,2011-07-25,2011-07-25,138,1,187.02,3,1,1,1,311,About to Sleep
16271,United Kingdom,2010-03-07,2011-11-24,16,8,3361.87,5,4,5,5,545,Champions
16702,United Kingdom,2009-12-07,2010-10-20,416,4,1099.58,1,3,3,3,133,At Risk
14241,United Kingdom,2010-01-12,2011-06-09,184,2,333.70,3,2,2,2,322,Need Attention
16629,United Kingdom,2011-09-04,2011-09-27,74,2,408.63,3,2,2,2,322,Need Attention
17771,United Kingdom,2010-04-29,2011-10-14,57,4,386.93,4,3,2,3,432,Loyal Customers
15579,United Kingdom,2010-10-03,2011-10-02,69,5,1215.38,3,4,4,4,344,Loyal Customers
13280,United Kingdom,2010-03-05,2011-08-09,123,7,2267.83,3,4,4,4,344,Loyal Customers
14907,United Kingdom,2010-04-16,2011-12-06,4,16,5476.62,5,5,5,5,555,Champions
14819,United Kingdom,2009-12-21,2011-10-06,65,4,456.41,3,3,2,3,332,Loyal Customers
13034,United Kingdom,2010-11-03,2011-10-16,55,3,756.82,4,3,3,3,433,Loyal Customers
17776,United Kingdom,2009-12-16,2010-11-18,387,2,322.55,2,2,2,2,222,Hibernating
12982,United Kingdom,2010-04-12,2011-04-11,243,8,2562.12,2,4,4,4,244,At Risk
12729,France,2011-08-18,2011-08-18,114,1,417.01,3,1,2,2,312,Need Attention
17211,United Kingdom,2009-12-13,2011-11-13,27,13,3728.80,4,5,5,5,455,Champions
13995,United Kingdom,2009-12-18,2011-11-24,16,14,3836.26,5,5,5,5,555,Champions
16556,United Kingdom,2009-12-07,2011-10-04,67,17,7610.23,3,5,5,5,355,Loyal Customers
16496,United Kingdom,2010-07-18,2011-12-01,9,6,2293.47,5,4,4,4,544,Champions
16701,United Kingdom,2009-12-01,2011-12-01,9,26,9614.59,5,5,5,5,555,Champions
14859,United Kingdom,2010-06-03,2011-11-27,13,5,1703.94,5,4,4,4,544,Champions
17636,United Kingdom,2011-11-20,2011-11-20,20,1,265.93,5,1,1,1,511,New Customers
17447,United Kingdom,2011-09-29,2011-10-30,41,2,541.53,4,2,2,2,422,Potential Loyalists
15104,United Kingdom,2011-03-02,2011-05-27,197,2,968.64,2,2,3,3,223,At Risk
13434,United Kingdom,2010-02-22,2011-09-26,75,5,1666.86,3,4,4,4,344,Loyal Customers
13087,United Kingdom,2009-12-13,2009-12-13,727,1,313.64,1,1,2,2,112,Lost
16473,United Kingdom,2010-11-30,2011-06-28,165,4,469.58,3,3,2,3,332,Loyal Customers
18037,United Kingdom,2009-12-01,2011-07-08,155,15,167.42,3,5,1,3,351,Loyal Customers
16468,United Kingdom,2010-08-15,2011-09-26,75,3,787.52,3,3,3,3,333,Loyal Customers
13396,United Kingdom,2011-01-24,2011-11-10,30,2,1325.29,4,2,4,3,424,Loyal Customers
14937,Channel Islands,2011-08-01,2011-10-14,57,3,1617.63,4,3,4,4,434,Champions
13841,United Kingdom,2011-04-01,2011-04-01,253,1,85.00,2,1,1,1,211,Hibernating
13501,Switzerland,2010-05-18,2011-02-24,289,3,2840.26,2,3,5,4,235,At Risk
18208,United Kingdom,2010-05-23,2010-05-23,566,1,360.08,1,1,2,2,112,Lost
15303,United Kingdom,2010-01-25,2011-02-22,291,3,1178.78,2,3,4,4,234,At Risk
16132,United Kingdom,2010-03-22,2010-06-13,545,2,664.20,1,2,3,3,123,At Risk
14593,United Kingdom,2009-12-09,2011-11-18,22,12,3602.31,4,5,5,5,455,Champions
13003,United Kingdom,2011-05-09,2011-08-26,106,3,149.05,3,3,1,2,331,Need Attention
14406,United Kingdom,2011-08-12,2011-08-12,120,1,156.75,3,1,1,1,311,About to Sleep
16423,United Kingdom,2011-11-15,2011-11-15,25,1,346.12,4,1,2,2,412,Potential Loyalists
17247,United Kingdom,2011-11-24,2011-11-24,16,1,280.09,5,1,2,2,512,Potential Loyalists
18015,United Kingdom,2011-12-05,2011-12-05,5,1,120.03,5,1,1,1,511,New Customers
15415,United Kingdom,2011-01-30,2011-01-30,314,1,559.61,2,1,2,2,212,Hibernating
14343,United Kingdom,2010-01-18,2010-10-14,422,4,1079.66,1,3,3,3,133,At Risk
16163,United Kingdom,2009-12-02,2011-04-21,233,6,1822.03,2,4,4,4,244,At Risk
15933,United Kingdom,2011-09-14,2011-11-18,22,3,1107.46,4,3,3,3,433,Loyal Customers
16260,United Kingdom,2011-10-20,2011-10-20,51,1,1035.45,4,1,3,2,413,Potential Loyalists
16173,United Kingdom,2011-09-02,2011-11-24,16,6,1406.57,5,4,4,4,544,Champions
17082,United Kingdom,2009-12-15,2011-11-06,34,6,4732.03,4,4,5,5,445,Champions
13604,United Kingdom,2010-02-19,2010-02-19,659,1,713.39,1,1,3,2,113,Lost
14880,United Kingdom,2011-02-24,2011-09-23,78,3,690.59,3,3,3,3,333,Loyal Customers
12614,Germany,2011-03-07,2011-03-07,278,1,315.60,2,1,2,2,212,Hibernating
17411,United Kingdom,2009-12-03,2011-11-27,13,5,1316.53,5,4,4,4,544,Champions
12405,Finland,2011-07-14,2011-07-14,149,1,1390.39,3,1,4,3,314,Loyal Customers
13496,United Kingdom,2010-12-15,2011-11-29,11,2,617.93,5,2,3,3,523,Loyal Customers
13581,United Kingdom,2010-10-21,2011-02-03,310,2,280.53,2,2,2,2,222,Hibernating
15511,United Kingdom,2011-09-15,2011-11-28,12,5,900.53,5,4,3,4,543,Champions
17086,United Kingdom,2011-10-07,2011-12-02,8,6,2050.08,5,4,4,4,544,Champions
15424,United Kingdom,2010-09-02,2011-03-30,255,3,597.78,2,3,3,3,233,At Risk
12403,Denmark,2010-07-06,2011-10-21,50,2,947.36,4,2,3,3,423,Loyal Customers
13896,United Kingdom,2010-03-24,2010-03-24,626,1,388.55,1,1,2,2,112,Lost
12551,Spain,2010-12-17,2010-12-17,358,1,168.00,2,1,1,1,211,Hibernating
17695,United Kingdom,2010-01-28,2011-07-31,132,5,1720.54,3,4,4,4,344,Loyal Customers
15519,United Kingdom,2010-09-19,2010-11-21,384,2,344.61,2,2,2,2,222,Hibernating
12817,Austria,2010-10-01,2011-03-03,282,3,570.98,2,3,2,3,232,At Risk
12361,Belgium,2010-01-26,2011-02-25,288,4,451.25,2,3,2,3,232,At Risk
16488,United Kingdom,2011-07-14,2011-11-06,34,3,492.20,4,3,2,3,432,Loyal Customers
13819,United Kingdom,2009-12-01,2011-02-11,302,6,2631.10,2,4,4,4,244,At Risk
13406,United Kingdom,2010-03-18,2010-10-08,428,2,557.22,1,2,2,2,122,Lost
16166,United Kingdom,2010-01-17,2010-10-07,429,2,327.48,1,2,2,2,122,Lost
13606,United Kingdom,2011-02-01,2011-11-10,30,3,276.75,4,3,2,3,432,Loyal Customers
15639,United Kingdom,2010-04-13,2011-07-28,135,3,1028.33,3,3,3,3,333,Loyal Customers
17046,United Kingdom,2010-03-29,2011-07-05,158,5,1906.07,3,4,4,4,344,Loyal Customers
18207,United Kingdom,2010-07-28,2010-07-28,500,1,505.12,1,1,2,2,112,Lost
17310,United Kingdom,2010-06-23,2010-11-17,388,2,1025.10,2,2,3,3,223,At Risk
16037,United Kingdom,2010-03-01,2011-03-15,270,5,1489.44,2,4,4,4,244,At Risk
16050,United Kingdom,2010-11-03,2011-06-19,174,3,300.70,3,3,2,3,332,Loyal Customers
13492,Switzerland,2011-05-09,2011-07-26,137,3,1269.84,3,3,4,4,334,Loyal Customers
16727,United Kingdom,2010-01-20,2010-12-10,365,4,1377.77,2,3,4,4,234,At Risk
15084,United Kingdom,2010-03-04,2010-11-25,380,2,965.20,2,2,3,3,223,At Risk
13743,United Kingdom,2011-03-25,2011-12-07,3,7,1340.15,5,4,4,4,544,Champions
14166,United Kingdom,2010-03-23,2010-07-22,506,2,251.15,1,2,1,2,121,Lost
13311,United Kingdom,2011-07-12,2011-12-05,5,2,598.57,5,2,3,3,523,Loyal Customers
15177,United Kingdom,2010-10-10,2010-10-10,426,1,948.93,1,1,3,2,113,Lost
16988,United Kingdom,2010-11-25,2011-12-04,6,2,382.67,5,2,2,2,522,Potential Loyalists
14612,United Kingdom,2010-10-20,2010-10-20,416,1,877.70,1,1,3,2,113,Lost
18185,United Kingdom,2011-04-04,2011-04-04,250,1,304.25,2,1,2,2,212,Hibernating
13108,United Kingdom,2010-09-30,2010-12-02,373,2,748.46,2,2,3,3,223,At Risk
14501,United Kingdom,2011-01-24,2011-06-09,184,2,190.31,3,2,1,2,321,Need Attention
14263,United Kingdom,2010-10-12,2010-10-12,424,1,322.93,1,1,2,2,112,Lost
13791,United Kingdom,2011-06-24,2011-08-04,128,2,1047.68,3,2,3,3,323,Loyal Customers
13835,United Kingdom,2010-03-04,2011-11-14,26,7,1044.82,4,4,3,4,443,Champions
14151,United Kingdom,2009-12-23,2010-02-04,674,2,666.70,1,2,3,3,123,At Risk
13656,United Kingdom,2010-04-23,2011-06-28,165,4,1053.35,3,3,3,3,333,Loyal Customers
17554,United Kingdom,2011-07-14,2011-12-08,2,5,1952.45,5,4,4,4,544,Champions
12436,Norway,2011-09-01,2011-09-01,100,1,429.01,3,1,2,2,312,Need Attention
12630,Finland,2011-10-27,2011-11-30,10,2,1030.88,5,2,3,3,523,Loyal Customers
13494,United Kingdom,2011-02-01,2011-02-01,312,1,316.26,2,1,2,2,212,Hibernating
15830,United Kingdom,2011-11-02,2011-11-02,38,1,547.70,4,1,2,2,412,Potential Loyalists
14011,United Kingdom,2010-04-11,2010-08-16,481,2,451.92,1,2,2,2,122,Lost
13243,United Kingdom,2010-03-18,2011-05-20,204,5,1220.38,2,4,4,4,244,At Risk
13973,United Kingdom,2011-02-25,2011-02-25,288,1,264.70,2,1,1,1,211,Hibernating
16766,United Kingdom,2011-03-11,2011-03-11,274,2,1145.60,2,2,3,3,223,At Risk
17518,United Kingdom,2010-03-28,2010-10-10,426,2,329.42,1,2,2,2,122,Lost
13987,United Kingdom,2010-11-04,2010-11-25,380,2,682.54,2,2,3,3,223,At Risk
18029,United Kingdom,2010-03-07,2010-03-07,643,1,433.77,1,1,2,2,112,Lost
16045,United Kingdom,2010-07-29,2011-08-12,120,8,3187.03,3,4,5,5,345,Loyal Customers
14992,United Kingdom,2010-09-23,2010-09-23,443,1,210.50,1,1,1,1,111,Lost
17051,United Kingdom,2010-03-21,2011-05-29,195,4,706.49,2,3,3,3,233,At Risk
12795,Portugal,2011-11-21,2011-11-21,19,1,318.48,5,1,2,2,512,Potential Loyalists
13560,United Kingdom,2011-12-02,2011-12-02,8,1,171.42,5,1,1,1,511,New Customers
13789,United Kingdom,2010-11-16,2010-11-16,389,1,239.46,2,1,1,1,211,Hibernating
17990,United Kingdom,2009-12-07,2011-04-17,237,6,1522.57,2,4,4,4,244,At Risk
13076,United Kingdom,2010-09-08,2010-09-08,458,1,135.40,1,1,1,1,111,Lost
17506,United Kingdom,2011-09-25,2011-09-25,76,1,294.29,3,1,2,2,312,Need Attention
18274,United Kingdom,2011-11-09,2011-11-09,31,1,0.00,4,1,1,1,411,Promising
17886,United Kingdom,2010-04-29,2011-11-08,32,6,1562.60,4,4,4,4,444,Champions
13020,United Kingdom,2010-02-18,2010-05-26,563,2,606.96,1,2,3,3,123,At Risk
16135,United Kingdom,2010-05-05,2011-03-22,263,2,819.45,2,2,3,3,223,At Risk
17798,United Kingdom,2010-05-07,2010-05-07,582,1,172.17,1,1,1,1,111,Lost
12793,Portugal,2010-11-03,2011-01-09,335,3,745.53,2,3,3,3,233,At Risk
15762,United Kingdom,2011-09-23,2011-10-05,66,2,583.75,3,2,2,2,322,Need Attention
17947,United Kingdom,2011-11-02,2011-11-02,38,1,176.68,4,1,1,1,411,Promising
14654,United Kingdom,2009-12-01,2009-12-01,739,1,246.86,1,1,1,1,111,Lost
16834,United Kingdom,2010-02-03,2011-04-26,228,2,898.96,2,2,3,3,223,At Risk
14338,United Kingdom,2010-06-21,2011-07-01,162,3,894.10,3,3,3,3,333,Loyal Customers
12745,United Kingdom,2010-05-14,2010-08-10,487,2,723.85,1,2,3,3,123,At Risk
18137,United Kingdom,2010-06-06,2010-06-06,552,2,145.99,1,2,1,2,121,Lost
14213,United Kingdom,2010-10-31,2010-10-31,405,1,0.00,2,1,1,1,211,Hibernating
14554,United Kingdom,2011-10-18,2011-11-29,11,4,2279.49,5,3,4,4,534,Champions
15782,United Kingdom,2010-10-05,2011-11-30,10,4,3985.65,5,3,5,4,535,Champions
13067,United Kingdom,2010-09-19,2011-09-18,83,3,508.51,3,3,2,3,332,Loyal Customers
17464,United Kingdom,2010-03-30,2011-07-04,159,3,816.54,3,3,3,3,333,Loyal Customers
16861,United Kingdom,2010-07-19,2011-10-11,60,5,928.89,3,4,3,4,343,Loyal Customers
15278,United Kingdom,2010-02-12,2010-05-27,562,4,496.16,1,3,2,3,132,At Risk
14079,United Kingdom,2011-08-07,2011-08-07,125,1,375.10,3,1,2,2,312,Need Attention
16557,United Kingdom,2011-07-25,2011-11-15,25,2,281.85,4,2,2,2,422,Potential Loyalists
12434,Australia,2010-11-23,2011-09-16,85,3,1062.48,3,3,3,3,333,Loyal Customers
16433,United Kingdom,2010-10-27,2011-11-11,29,2,384.52,4,2,2,2,422,Potential Loyalists
12545,Spain,2011-03-25,2011-09-25,76,2,832.39,3,2,3,3,323,Loyal Customers
16646,United Kingdom,2010-09-16,2010-09-16,450,1,675.05,1,1,3,2,113,Lost
12506,France,2011-04-21,2011-04-21,233,1,73.50,2,1,1,1,211,Hibernating
13641,United Kingdom,2009-12-05,2010-03-09,641,4,847.72,1,3,3,3,133,At Risk
13943,United Kingdom,2010-05-11,2010-05-11,578,1,246.54,1,1,1,1,111,Lost
14778,United Kingdom,2011-02-04,2011-08-04,128,2,730.86,3,2,3,3,323,Loyal Customers
14378,United Kingdom,2010-03-28,2010-03-28,622,1,131.25,1,1,1,1,111,Lost
14742,United Kingdom,2010-09-30,2010-09-30,436,1,579.85,1,1,2,2,112,Lost
14155,United Kingdom,2011-03-18,2011-03-18,267,1,118.75,2,1,1,1,211,Hibernating
14240,United Kingdom,2010-10-12,2011-11-09,31,3,1247.49,4,3,4,4,434,Champions
13057,United Kingdom,2010-03-18,2010-06-27,531,3,528.24,1,3,2,3,132,At Risk
14845,United Kingdom,2010-04-19,2010-04-19,600,1,150.00,1,1,1,1,111,Lost
14760,United Kingdom,2011-02-15,2011-02-15,298,1,53.80,2,1,1,1,211,Hibernating
18110,United Kingdom,2010-10-24,2011-11-20,20,2,362.03,5,2,2,2,522,Potential Loyalists
17065,United Kingdom,2010-03-12,2010-03-12,638,2,194.70,1,2,1,2,121,Lost
13707,United Kingdom,2010-06-21,2011-03-17,268,5,3365.86,2,4,5,5,245,Cannot Lose Them
13790,United Kingdom,2011-12-05,2011-12-05,5,1,348.80,5,1,2,2,512,Potential Loyalists
12350,Norway,2011-02-02,2011-02-02,311,1,294.40,2,1,2,2,212,Hibernating
14953,United Kingdom,2010-09-30,2011-11-14,26,4,960.42,4,3,3,3,433,Loyal Customers
17197,United Kingdom,2011-11-10,2011-11-10,30,1,1013.01,4,1,3,2,413,Potential Loyalists
14575,United Kingdom,2010-08-08,2010-08-08,489,1,420.22,1,1,2,2,112,Lost
13043,United Kingdom,2011-03-11,2011-03-11,274,1,471.57,2,1,2,2,212,Hibernating
15868,United Kingdom,2010-05-05,2010-05-05,584,1,94.53,1,1,1,1,111,Lost
16674,United Kingdom,2011-09-02,2011-10-16,55,2,304.24,4,2,2,2,422,Potential Loyalists
15307,United Kingdom,2011-09-05,2011-09-05,96,1,205.30,3,1,1,1,311,About to Sleep
12516,Germany,2010-04-19,2011-09-23,78,4,2288.62,3,3,4,4,334,Loyal Customers
14979,United Kingdom,2009-12-04,2009-12-04,736,1,429.66,1,1,2,2,112,Lost
17480,United Kingdom,2010-09-21,2011-09-23,78,2,876.92,3,2,3,3,323,Loyal Customers
13120,United Kingdom,2011-04-15,2011-04-15,239,1,30.60,2,1,1,1,211,Hibernating
14772,United Kingdom,2011-08-19,2011-08-19,113,1,139.26,3,1,1,1,311,About to Sleep
17100,United Kingdom,2011-11-21,2011-11-21,19,2,971.74,5,2,3,3,523,Loyal Customers
17328,United Kingdom,2010-02-04,2010-02-04,674,1,104.70,1,1,1,1,111,Lost
14391,United Kingdom,2010-05-12,2010-05-12,577,1,135.60,1,1,1,1,111,Lost
17893,United Kingdom,2011-04-28,2011-04-28,226,1,107.21,2,1,1,1,211,Hibernating
17941,United Kingdom,2010-01-06,2011-08-01,131,4,1433.28,3,3,4,4,334,Loyal Customers
14126,United Kingdom,2010-09-21,2011-12-02,8,4,1109.96,5,3,3,3,533,Loyal Customers
16046,United Kingdom,2010-05-26,2010-05-26,563,1,235.78,1,1,1,1,111,Lost
17383,United Kingdom,2010-09-12,2011-12-05,5,2,304.09,5,2,2,2,522,Potential Loyalists
14429,United Kingdom,2010-11-01,2010-11-01,404,1,516.28,2,1,2,2,212,Hibernating
16793,United Kingdom,2011-10-13,2011-10-13,58,1,243.84,4,1,1,1,411,Promising
15516,United Kingdom,2011-10-24,2011-10-26,45,3,62.43,4,3,1,2,431,Potential Loyalists
15409,United Kingdom,2009-12-18,2009-12-18,722,1,117.20,1,1,1,1,111,Lost
14097,United Kingdom,2010-03-04,2010-08-15,482,2,422.86,1,2,2,2,122,Lost
14283,United Kingdom,2010-05-19,2010-09-02,464,4,628.44,1,3,3,3,133,At Risk
17891,United Kingdom,2011-06-30,2011-06-30,163,1,203.86,3,1,1,1,311,About to Sleep
13072,United Kingdom,2011-03-18,2011-03-18,267,1,177.15,2,1,1,1,211,Hibernating
13086,United Kingdom,2010-11-22,2010-11-22,383,1,439.33,2,1,2,2,212,Hibernating
13737,United Kingdom,2011-05-23,2011-05-23,201,1,339.60,2,1,2,2,212,Hibernating
13219,United Kingdom,2010-03-31,2010-03-31,619,1,76.23,1,1,1,1,111,Lost
17914,United Kingdom,2011-12-06,2011-12-06,4,1,329.36,5,1,2,2,512,Potential Loyalists
14172,United Kingdom,2010-03-07,2010-04-13,606,3,356.27,1,3,2,3,132,At Risk
13073,United Kingdom,2010-09-28,2010-10-24,412,2,418.08,1,2,2,2,122,Lost
16123,United Kingdom,2011-10-19,2011-10-19,52,1,307.78,4,1,2,2,412,Potential Loyalists
14762,United Kingdom,2010-03-23,2011-03-21,264,2,417.57,2,2,2,2,222,Hibernating
15721,United Kingdom,2011-11-28,2011-11-28,12,1,471.40,5,1,2,2,512,Potential Loyalists
15153,United Kingdom,2011-11-08,2011-11-08,32,1,329.25,4,1,2,2,412,Potential Loyalists
12954,United Kingdom,2010-03-11,2010-03-11,639,1,162.45,1,1,1,1,111,Lost
16483,United Kingdom,2011-05-31,2011-05-31,193,1,139.35,2,1,1,1,211,Hibernating
15913,United Kingdom,2010-06-23,2010-06-23,535,1,6.30,1,1,1,1,111,Lost
14830,United Kingdom,2011-10-17,2011-10-17,54,1,188.03,4,1,1,1,411,Promising
16507,United Kingdom,2010-05-16,2010-05-16,573,1,142.71,1,1,1,1,111,Lost
17605,United Kingdom,2010-04-28,2010-04-28,591,1,160.75,1,1,1,1,111,Lost
17166,United Kingdom,2011-05-20,2011-11-01,39,2,189.49,4,2,1,2,421,Potential Loyalists
14705,United Kingdom,2011-05-25,2011-05-25,199,1,179.00,2,1,1,1,211,Hibernating
13944,United Kingdom,2010-02-24,2010-02-24,654,1,200.43,1,1,1,1,111,Lost
14596,United Kingdom,2010-03-23,2010-03-23,627,1,222.22,1,1,1,1,111,Lost
18100,United Kingdom,2010-06-07,2010-06-07,551,1,451.56,1,1,2,2,112,Lost
14641,United Kingdom,2011-11-18,2011-11-18,22,1,110.46,4,1,1,1,411,Promising
13215,United Kingdom,2010-11-02,2010-11-02,403,1,81.60,2,1,1,1,211,Hibernating
16909,United Kingdom,2011-09-28,2011-09-28,73,1,364.14,3,1,2,2,312,Need Attention
17332,United Kingdom,2010-02-21,2010-06-29,529,5,827.77,1,4,3,4,143,At Risk
15660,United Kingdom,2010-02-05,2011-11-14,26,15,2554.84,4,5,4,5,454,Champions
13044,United Kingdom,2010-01-08,2011-02-21,292,11,4818.35,2,5,5,5,255,Cannot Lose Them
17231,United Kingdom,2009-12-07,2011-11-27,13,25,6958.83,5,5,5,5,555,Champions
15386,United Kingdom,2011-06-06,2011-06-06,187,1,394.14,3,1,2,2,312,Need Attention
17372,United Kingdom,2009-12-03,2011-10-30,41,27,4264.33,4,5,5,5,455,Champions
12493,France,2011-05-26,2011-06-27,166,2,362.79,3,2,2,2,322,Need Attention
18079,United Kingdom,2010-08-05,2011-10-25,46,5,4203.93,4,4,5,5,445,Champions
16954,United Kingdom,2010-01-18,2011-12-09,1,20,6037.33,5,5,5,5,555,Champions
12381,Norway,2011-08-12,2011-12-05,5,3,1433.46,5,3,4,4,534,Champions
14869,United Kingdom,2009-12-16,2011-12-01,9,6,2750.70,5,4,4,4,544,Champions
17315,United Kingdom,2010-09-27,2011-12-08,2,41,9467.45,5,5,5,5,555,Champions
17700,United Kingdom,2009-12-01,2011-11-23,17,14,6640.72,5,5,5,5,555,Champions
12680,France,2011-08-18,2011-12-09,1,4,790.81,5,3,3,3,533,Loyal Customers
16386,United Kingdom,2010-11-17,2011-11-11,29,3,1068.16,4,3,3,3,433,Loyal Customers
13171,United Kingdom,2011-02-13,2011-11-18,22,3,426.81,4,3,2,3,432,Loyal Customers
17738,United Kingdom,2010-03-19,2011-11-20,20,13,4145.36,5,5,5,5,555,Champions
12955,United Kingdom,2011-03-17,2011-12-08,2,11,4734.26,5,5,5,5,555,Champions
18245,United Kingdom,2010-03-08,2011-12-02,8,20,6236.23,5,5,5,5,555,Champions
14910,United Kingdom,2011-10-16,2011-12-07,3,4,389.86,5,3,2,3,532,Loyal Customers
16029,United Kingdom,2009-12-08,2011-11-01,39,106,97066.71,4,5,5,5,455,Champions
15687,United Kingdom,2011-01-13,2011-12-01,9,9,2981.50,5,5,5,5,555,Champions
13005,United Kingdom,2010-09-08,2011-06-19,174,4,935.03,3,3,3,3,333,Loyal Customers
14686,United Kingdom,2010-02-18,2010-10-21,415,5,844.58,1,4,3,4,143,At Risk
13331,United Kingdom,2010-11-03,2010-11-03,402,1,262.40,2,1,1,1,211,Hibernating
12726,France,2010-03-25,2011-11-11,29,11,3690.60,4,5,5,5,455,Champions
14818,United Kingdom,2010-03-02,2011-09-27,74,6,1153.56,3,4,3,4,343,Loyal Customers
16258,United Kingdom,2010-03-10,2011-10-25,46,15,11833.52,4,5,5,5,455,Champions
15883,United Kingdom,2011-11-06,2011-12-07,3,2,396.48,5,2,2,2,522,Potential Loyalists
17627,United Kingdom,2010-08-18,2010-08-18,479,1,285.11,1,1,2,2,112,Lost
16296,United Kingdom,2009-12-18,2010-03-23,627,4,1245.97,1,3,4,4,134,At Risk
16782,United Kingdom,2009-12-09,2011-11-29,11,38,9552.62,5,5,5,5,555,Champions
16798,United Kingdom,2009-12-10,2010-06-03,555,3,832.21,1,3,3,3,133,At Risk
13021,United Kingdom,2009-12-05,2011-12-05,5,17,4806.66,5,5,5,5,555,Champions
16873,United Kingdom,2010-02-09,2011-12-05,5,12,14547.03,5,5,5,5,555,Champions
16456,United Kingdom,2010-03-29,2011-09-01,100,13,6000.94,3,5,5,5,355,Loyal Customers
17584,United Kingdom,2010-01-25,2011-12-02,8,6,5294.42,5,4,5,5,545,Champions
13777,United Kingdom,2009-12-02,2011-12-09,1,61,49228.16,5,5,5,5,555,Champions
16246,United Kingdom,2010-02-08,2010-09-06,460,2,821.35,1,2,3,3,123,At Risk
16320,Unspecified,2010-01-27,2011-06-20,173,6,5618.79,3,4,5,5,345,Loyal Customers
13802,United Kingdom,2010-02-16,2011-07-24,139,19,25491.56,3,5,5,5,355,Loyal Customers
14257,United Kingdom,2010-03-01,2011-10-06,65,9,5942.00,3,5,5,5,355,Loyal Customers
17460,United Kingdom,2010-01-22,2011-09-06,95,16,1937.10,3,5,4,5,354,Loyal Customers
16409,United Kingdom,2009-12-13,2011-11-03,37,12,5652.74,4,5,5,5,455,Champions
17969,United Kingdom,2009-12-06,2011-06-26,167,20,2235.54,3,5,4,5,354,Loyal Customers
15812,United Kingdom,2009-12-15,2011-08-24,108,12,5186.17,3,5,5,5,355,Loyal Customers
15811,United Kingdom,2010-11-16,2011-11-17,23,7,3345.25,4,4,5,5,445,Champions
16842,United Kingdom,2011-02-10,2011-08-31,101,3,1260.44,3,3,4,4,334,Loyal Customers
17468,United Kingdom,2010-11-29,2011-11-29,11,3,194.80,5,3,1,2,531,Potential Loyalists
15380,United Kingdom,2009-12-01,2011-12-01,9,11,3192.10,5,5,5,5,555,Champions
15701,United Kingdom,2011-08-21,2011-12-07,3,4,1529.00,5,3,4,4,534,Champions
17754,United Kingdom,2009-12-11,2011-12-09,1,13,4383.08,5,5,5,5,555,Champions
17888,United Kingdom,2009-12-21,2011-11-18,22,25,1312.31,4,5,4,5,454,Champions
13686,United Kingdom,2010-11-03,2011-06-10,183,3,409.04,3,3,2,3,332,Loyal Customers
13038,United Kingdom,2011-02-22,2011-09-20,81,3,908.46,3,3,3,3,333,Loyal Customers
14595,United Kingdom,2010-01-20,2011-11-20,20,8,2164.45,5,4,4,4,544,Champions
16905,United Kingdom,2009-12-10,2011-12-04,6,17,4674.62,5,5,5,5,555,Champions
18268,United Kingdom,2009-12-11,2011-07-28,135,6,1451.22,3,4,4,4,344,Loyal Customers
13969,United Kingdom,2010-03-25,2011-12-02,8,35,12820.36,5,5,5,5,555,Champions
17263,United Kingdom,2011-05-15,2011-05-15,209,1,63.44,2,1,1,1,211,Hibernating
13883,United Kingdom,2010-02-28,2011-11-29,11,14,6321.59,5,5,5,5,555,Champions
14160,United Kingdom,2010-01-10,2010-04-08,611,7,8421.47,1,4,5,5,145,Cannot Lose Them
17905,United Kingdom,2010-01-28,2011-09-29,72,13,2159.07,3,5,4,5,354,Loyal Customers
14735,United Kingdom,2009-12-04,2011-12-06,4,55,11899.66,5,5,5,5,555,Champions
16356,United Kingdom,2010-06-06,2011-05-26,198,6,414.42,2,4,2,3,242,At Risk
13784,United Kingdom,2010-09-15,2011-11-30,10,14,2897.18,5,5,5,5,555,Champions
15694,United Kingdom,2009-12-07,2011-12-09,1,23,9719.13,5,5,5,5,555,Champions
12432,Norway,2011-06-20,2011-10-28,43,4,4359.32,4,3,5,4,435,Champions
17742,United Kingdom,2009-12-01,2011-08-18,114,11,2098.48,3,5,4,5,354,Loyal Customers
16997,United Kingdom,2011-01-18,2011-02-24,289,3,702.00,2,3,3,3,233,At Risk
13830,United Kingdom,2010-05-07,2010-05-07,582,1,135.95,1,1,1,1,111,Lost
14463,United Kingdom,2010-07-28,2011-09-02,99,4,786.57,3,3,3,3,333,Loyal Customers
16331,United Kingdom,2010-03-07,2010-10-03,433,6,2037.70,1,4,4,4,144,At Risk
14114,United Kingdom,2010-04-12,2011-03-11,274,7,1364.09,2,4,4,4,244,At Risk
13482,United Kingdom,2010-03-22,2011-04-21,233,2,336.09,2,2,2,2,222,Hibernating
13952,United Kingdom,2009-12-16,2011-05-06,218,14,12790.89,2,5,5,5,255,Cannot Lose Them
18008,United Kingdom,2010-01-06,2011-09-30,71,23,19759.08,3,5,5,5,355,Loyal Customers
13565,United Kingdom,2010-10-24,2011-11-20,20,3,414.80,5,3,2,3,532,Loyal Customers
16631,United Kingdom,2010-02-26,2010-08-15,482,7,1867.02,1,4,4,4,144,At Risk
13611,United Kingdom,2009-12-03,2011-09-11,90,10,3259.43,3,5,5,5,355,Loyal Customers
17998,United Kingdom,2009-12-01,2010-11-24,381,3,601.74,2,3,3,3,233,At Risk
18228,United Kingdom,2011-09-21,2011-10-14,57,2,769.20,4,2,3,3,423,Loyal Customers
13741,United Kingdom,2011-05-06,2011-09-29,72,3,666.33,3,3,3,3,333,Loyal Customers
14051,United Kingdom,2009-12-03,2011-12-09,1,37,21441.48,5,5,5,5,555,Champions
13960,United Kingdom,2011-09-29,2011-11-18,22,2,230.22,4,2,1,2,421,Potential Loyalists
15822,United Kingdom,2009-12-06,2011-12-06,4,6,1797.71,5,4,4,4,544,Champions
14868,United Kingdom,2010-10-15,2011-12-06,4,12,4170.06,5,5,5,5,555,Champions
17849,United Kingdom,2010-03-14,2011-05-05,219,8,1063.76,2,4,3,4,243,At Risk
12823,United Kingdom,2010-01-29,2011-09-26,75,18,6501.50,3,5,5,5,355,Loyal Customers
16227,United Kingdom,2010-06-22,2011-04-28,226,3,948.82,2,3,3,3,233,At Risk
15254,United Kingdom,2010-05-28,2011-08-04,128,3,1073.40,3,3,3,3,333,Loyal Customers
18111,United Kingdom,2010-04-29,2010-04-29,590,1,398.90,1,1,2,2,112,Lost
12986,United Kingdom,2010-01-21,2010-10-07,429,10,1998.34,1,5,4,5,154,Cannot Lose Them
16150,United Kingdom,2009-12-17,2011-10-28,43,10,3761.27,4,5,5,5,455,Champions
12835,United Kingdom,2009-12-03,2010-10-08,428,41,5972.19,1,5,5,5,155,Cannot Lose Them
17262,United Kingdom,2009-12-15,2011-10-18,53,11,2488.76,4,5,4,5,454,Champions
17147,United Kingdom,2010-01-11,2011-11-17,23,9,3069.15,4,5,5,5,455,Champions
16827,United Kingdom,2010-04-29,2010-11-11,394,5,387.18,2,4,2,3,242,At Risk
15132,United Kingdom,2011-03-22,2011-11-21,19,5,977.93,5,4,3,4,543,Champions
13499,United Kingdom,2011-03-15,2011-11-22,18,5,1146.96,5,4,3,4,543,Champions
17758,United Kingdom,2010-05-20,2011-11-20,20,12,4964.03,5,5,5,5,555,Champions
15268,United Kingdom,2010-04-13,2010-08-18,479,3,941.25,1,3,3,3,133,At Risk
15535,United Kingdom,2010-09-16,2011-06-19,174,6,955.12,3,4,3,4,343,Loyal Customers
18039,United Kingdom,2010-03-09,2010-11-30,375,4,548.22,2,3,2,3,232,At Risk
12632,Germany,2010-05-24,2010-07-07,521,2,684.88,1,2,3,3,123,At Risk
14221,United Kingdom,2010-04-06,2011-10-28,43,17,6506.59,4,5,5,5,455,Champions
12826,United Kingdom,2009-12-18,2011-12-07,3,12,2784.20,5,5,4,5,554,Champions
13870,United Kingdom,2010-02-08,2011-12-07,3,15,5689.84,5,5,5,5,555,Champions
16936,United Kingdom,2010-11-19,2011-11-14,26,2,548.29,4,2,2,2,422,Potential Loyalists
13258,United Kingdom,2010-11-04,2011-11-28,12,5,1009.43,5,4,3,4,543,Champions
16066,United Kingdom,2011-08-07,2011-11-23,17,5,1521.04,5,4,4,4,544,Champions
12479,Germany,2011-11-28,2011-11-28,12,1,423.30,5,1,2,2,512,Potential Loyalists
13313,United Kingdom,2009-12-02,2011-11-17,23,12,3423.27,4,5,5,5,455,Champions
17787,United Kingdom,2010-12-03,2011-07-10,153,4,1817.54,3,3,4,4,334,Loyal Customers
15996,United Kingdom,2010-11-07,2011-09-12,89,7,1370.50,3,4,4,4,344,Loyal Customers
13635,United Kingdom,2009-12-01,2011-10-03,68,4,2948.22,3,3,5,4,335,Loyal Customers
13429,United Kingdom,2011-09-25,2011-11-29,11,4,1006.80,5,3,3,3,533,Loyal Customers
12448,Spain,2011-10-26,2011-10-26,45,1,365.45,4,1,2,2,412,Potential Loyalists
16360,United Kingdom,2011-09-12,2011-12-05,5,6,3349.57,5,4,5,5,545,Champions
13026,United Kingdom,2009-12-13,2011-12-08,2,9,1697.74,5,5,4,5,554,Champions
14061,United Kingdom,2009-12-01,2010-07-20,508,3,917.43,1,3,3,3,133,At Risk
15542,United Kingdom,2009-12-02,2010-07-15,513,3,833.16,1,3,3,3,133,At Risk
13448,United Kingdom,2009-12-06,2011-11-23,17,12,8312.52,5,5,5,5,555,Champions
16901,United Kingdom,2009-12-10,2009-12-10,730,1,204.26,1,1,1,1,111,Lost
17259,United Kingdom,2010-02-22,2011-07-14,149,6,1452.39,3,4,4,4,344,Loyal Customers
18106,United Kingdom,2010-01-15,2011-01-14,330,6,1441.06,2,4,4,4,244,At Risk
16539,United Kingdom,2010-06-25,2011-12-07,3,10,3289.66,5,5,5,5,555,Champions
13139,United Kingdom,2010-09-28,2011-11-23,17,8,8193.83,5,4,5,5,545,Champions
14344,United Kingdom,2010-03-23,2011-08-04,128,20,2993.05,3,5,5,5,355,Loyal Customers
17808,United Kingdom,2010-05-07,2010-06-09,549,4,262.64,1,3,1,2,131,Lost
17088,United Kingdom,2011-03-31,2011-11-11,29,4,1991.01,4,3,4,4,434,Champions
17760,United Kingdom,2010-02-28,2011-11-18,22,6,739.14,4,4,3,4,443,Champions
13756,United Kingdom,2009-12-15,2011-12-07,3,23,8595.65,5,5,5,5,555,Champions
17145,United Kingdom,2010-02-19,2010-07-15,513,4,3014.64,1,3,5,4,135,At Risk
12761,Netherlands,2010-09-01,2010-09-01,465,1,712.95,1,1,3,2,113,Lost
16977,United Kingdom,2010-03-18,2010-11-09,396,4,496.00,2,3,2,3,232,At Risk
14513,United Kingdom,2010-05-20,2011-08-31,101,6,770.91,3,4,3,4,343,Loyal Customers
18011,United Kingdom,2010-05-21,2010-12-01,374,2,410.79,2,2,2,2,222,Hibernating
17830,United Kingdom,2011-02-24,2011-12-08,2,3,398.70,5,3,2,3,532,Loyal Customers
17198,United Kingdom,2010-12-03,2011-11-16,24,3,692.22,4,3,3,3,433,Loyal Customers
16778,United Kingdom,2011-03-10,2011-09-26,75,2,245.94,3,2,1,2,321,Need Attention
17871,United Kingdom,2010-01-15,2011-05-19,205,5,1068.95,2,4,3,4,243,At Risk
16136,United Kingdom,2010-02-14,2011-10-11,60,4,921.08,3,3,3,3,333,Loyal Customers
12719,France,2011-10-05,2011-12-04,6,2,536.10,5,2,2,2,522,Potential Loyalists
16152,United Kingdom,2011-03-16,2011-03-16,269,1,1829.04,2,1,4,3,214,At Risk
13242,United Kingdom,2010-02-09,2011-08-19,113,7,699.40,3,4,3,4,343,Loyal Customers
14295,United Kingdom,2009-12-09,2011-10-30,41,4,2309.06,4,3,4,4,434,Champions
15623,United Kingdom,2009-12-10,2011-07-21,142,8,2437.05,3,4,4,4,344,Loyal Customers
17667,United Kingdom,2010-02-23,2011-10-04,67,9,3883.80,3,5,5,5,355,Loyal Customers
15389,United Kingdom,2010-01-27,2011-06-20,173,5,2733.80,3,4,4,4,344,Loyal Customers
15594,United Kingdom,2011-04-19,2011-11-24,16,5,1767.53,5,4,4,4,544,Champions
14319,United Kingdom,2010-10-11,2010-10-11,425,1,476.95,1,1,2,2,112,Lost
14100,United Kingdom,2011-07-25,2011-07-25,138,1,191.95,3,1,1,1,311,About to Sleep
15205,United Kingdom,2011-08-04,2011-09-15,86,2,653.24,3,2,3,3,323,Loyal Customers
16780,United Kingdom,2010-10-28,2011-08-31,101,3,596.40,3,3,3,3,333,Loyal Customers
17081,United Kingdom,2010-02-22,2011-11-14,26,6,949.39,4,4,3,4,443,Champions
15995,United Kingdom,2010-10-21,2010-10-21,415,1,694.54,1,1,3,2,113,Lost
16829,United Kingdom,2010-11-16,2011-07-06,157,2,513.32,3,2,2,2,322,Need Attention
13124,United Kingdom,2010-11-19,2011-09-11,90,4,4641.66,3,3,5,4,335,Loyal Customers
17594,United Kingdom,2010-04-14,2011-09-15,86,4,2497.88,3,3,4,4,334,Loyal Customers
15676,United Kingdom,2011-03-01,2011-11-21,19,3,3324.09,5,3,5,4,535,Champions
17608,United Kingdom,2010-04-11,2011-11-06,34,4,488.06,4,3,2,3,432,Loyal Customers
13437,United Kingdom,2011-06-02,2011-11-25,15,7,3408.06,5,4,5,5,545,Champions
15795,United Kingdom,2010-01-18,2011-07-13,150,8,1979.87,3,4,4,4,344,Loyal Customers
15317,United Kingdom,2010-01-31,2010-01-31,678,1,112.05,1,1,1,1,111,Lost
12598,France,2010-03-01,2011-11-30,10,10,4072.67,5,5,5,5,555,Champions
17883,United Kingdom,2010-02-25,2011-12-06,4,7,972.52,5,4,3,4,543,Champions
17025,United Kingdom,2010-03-08,2011-10-10,61,5,1349.67,3,4,4,4,344,Loyal Customers
13441,United Kingdom,2010-10-04,2011-09-09,92,2,720.90,3,2,3,3,323,Loyal Customers
16642,United Kingdom,2010-10-20,2011-12-05,5,3,1051.46,5,3,3,3,533,Loyal Customers
14957,United Kingdom,2010-03-05,2011-03-31,254,2,261.69,2,2,1,2,221,Hibernating
15038,United Kingdom,2010-10-10,2011-10-12,59,9,1106.63,4,5,3,4,453,Champions
15140,United Kingdom,2010-09-23,2011-10-18,53,8,3239.44,4,4,5,5,445,Champions
18182,United Kingdom,2010-09-02,2010-09-02,464,1,291.13,1,1,2,2,112,Lost
15283,United Kingdom,2010-07-09,2010-11-14,391,3,135.43,2,3,1,2,231,Hibernating
12439,Cyprus,2009-12-14,2010-01-26,683,2,1089.18,1,2,3,3,123,At Risk
18232,United Kingdom,2011-05-26,2011-09-19,82,4,582.47,3,3,2,3,332,Loyal Customers
16449,United Kingdom,2011-03-04,2011-05-26,198,2,674.69,2,2,3,3,223,At Risk
12929,United Kingdom,2011-02-01,2011-02-01,312,1,105.10,2,1,1,1,211,Hibernating
17968,United Kingdom,2010-07-15,2010-12-01,374,4,590.44,2,3,2,3,232,At Risk
14460,United Kingdom,2009-12-15,2011-08-21,111,9,919.60,3,5,3,4,353,Loyal Customers
14133,United Kingdom,2009-12-06,2011-08-02,130,4,895.84,3,3,3,3,333,Loyal Customers
17847,United Kingdom,2010-03-04,2010-07-12,516,2,125.74,1,2,1,2,121,Lost
13922,United Kingdom,2010-08-29,2010-12-23,352,3,826.65,2,3,3,3,233,At Risk
16462,United Kingdom,2011-03-01,2011-09-27,74,3,102.00,3,3,1,2,331,Need Attention
15070,United Kingdom,2009-12-15,2010-12-02,373,3,737.05,2,3,3,3,233,At Risk
12481,Germany,2010-04-11,2011-11-17,23,14,10889.15,4,5,5,5,455,Champions
12413,France,2010-11-02,2011-10-04,67,4,861.50,3,3,3,3,333,Loyal Customers
16590,United Kingdom,2010-10-21,2010-11-04,401,2,563.60,2,2,2,2,222,Hibernating
14637,United Kingdom,2010-01-31,2010-01-31,678,1,106.68,1,1,1,1,111,Lost
17270,United Kingdom,2009-12-07,2010-08-27,470,2,601.45,1,2,3,3,123,At Risk
17478,United Kingdom,2010-03-16,2010-10-27,409,2,1272.80,2,2,4,3,224,At Risk
12609,Germany,2009-12-20,2011-09-22,79,9,3021.86,3,5,5,5,355,Loyal Customers
14791,United Kingdom,2010-04-12,2010-04-12,607,1,303.63,1,1,2,2,112,Lost
13598,United Kingdom,2010-02-26,2011-10-23,48,5,749.21,4,4,3,4,443,Champions
12962,United Kingdom,2011-08-18,2011-12-02,8,2,266.39,5,2,1,2,521,Potential Loyalists
15877,United Kingdom,2011-11-22,2011-12-08,2,2,437.83,5,2,2,2,522,Potential Loyalists
15211,United Kingdom,2010-12-09,2011-10-10,61,2,894.41,3,2,3,3,323,Loyal Customers
14712,United Kingdom,2010-10-17,2011-11-10,30,4,1328.07,4,3,4,4,434,Champions
15011,United Kingdom,2010-10-19,2010-11-09,396,2,416.60,2,2,2,2,222,Hibernating
12886,United Kingdom,2011-05-04,2011-10-03,68,2,1351.09,3,2,4,3,324,Loyal Customers
15430,United Kingdom,2010-06-29,2010-08-29,468,2,903.75,1,2,3,3,123,At Risk
12372,Denmark,2011-02-16,2011-09-29,72,3,1196.04,3,3,4,4,334,Loyal Customers
13865,United Kingdom,2011-02-23,2011-10-12,59,4,501.56,4,3,2,3,432,Loyal Customers
15717,United Kingdom,2010-04-26,2011-04-19,235,5,607.00,2,4,3,4,243,At Risk
13413,United Kingdom,2010-01-21,2010-03-10,640,6,353.12,1,4,2,3,142,At Risk
13806,United Kingdom,2011-10-07,2011-10-07,64,1,256.38,3,1,1,1,311,About to Sleep
12842,United Kingdom,2009-12-02,2011-09-30,71,4,1917.99,3,3,4,4,334,Loyal Customers
12596,Spain,2011-04-11,2011-10-19,52,2,450.27,4,2,2,2,422,Potential Loyalists
17127,United Kingdom,2009-12-04,2010-10-07,429,5,1155.03,1,4,3,4,143,At Risk
16375,United Kingdom,2010-08-26,2010-08-26,471,2,104.00,1,2,1,2,121,Lost
17319,United Kingdom,2010-02-08,2010-02-08,670,1,29.10,1,1,1,1,111,Lost
13391,United Kingdom,2011-05-20,2011-05-20,204,1,59.80,2,1,1,1,211,Hibernating
14938,Channel Islands,2010-05-26,2010-05-26,563,2,2289.43,1,2,4,3,124,At Risk
12926,United Kingdom,2009-12-14,2010-10-24,412,4,1523.59,1,3,4,4,134,At Risk
12497,Germany,2010-03-05,2011-09-19,82,3,5996.50,3,3,5,4,335,Loyal Customers
16078,United Kingdom,2010-02-08,2011-03-01,284,2,362.99,2,2,2,2,222,Hibernating
13771,United Kingdom,2010-02-25,2011-10-06,65,9,5726.07,3,5,5,5,355,Loyal Customers
12711,Germany,2010-02-01,2010-04-07,612,2,1213.05,1,2,4,3,124,At Risk
17035,United Kingdom,2009-12-03,2011-04-08,246,4,568.39,2,3,2,3,232,At Risk
15074,United Kingdom,2010-08-29,2011-08-26,106,3,1553.13,3,3,4,4,334,Loyal Customers
13968,United Kingdom,2010-10-12,2010-10-12,424,1,123.66,1,1,1,1,111,Lost
13809,Cyprus,2010-09-05,2011-02-07,306,3,679.70,2,3,3,3,233,At Risk
16450,United Kingdom,2010-02-21,2011-07-13,150,3,1475.73,3,3,4,4,334,Loyal Customers
16018,United Kingdom,2009-12-07,2011-10-31,40,4,698.13,4,3,3,3,433,Loyal Customers
17144,United Kingdom,2011-09-16,2011-12-08,2,2,984.57,5,2,3,3,523,Loyal Customers
14183,United Kingdom,2010-08-15,2010-10-24,412,2,278.34,1,2,2,2,122,Lost
13144,United Kingdom,2010-10-04,2011-01-11,333,2,135.35,2,2,1,2,221,Hibernating
14218,United Kingdom,2011-10-28,2011-10-28,43,1,169.48,4,1,1,1,411,Promising
16653,United Kingdom,2011-09-29,2011-11-23,17,2,1166.92,5,2,3,3,523,Loyal Customers
14787,United Kingdom,2010-08-25,2010-08-25,472,1,110.65,1,1,1,1,111,Lost
15423,United Kingdom,2010-03-28,2011-11-01,39,3,219.14,4,3,1,2,431,Potential Loyalists
16093,United Kingdom,2011-08-25,2011-08-25,107,1,17.00,3,1,1,1,311,About to Sleep
13733,United Kingdom,2009-12-04,2010-10-25,411,2,484.53,1,2,2,2,122,Lost
12449,Belgium,2010-09-27,2011-11-17,23,5,4274.89,4,4,5,5,445,Champions
13614,United Kingdom,2010-06-06,2011-11-15,25,6,2332.74,4,4,4,4,444,Champions
17600,United Kingdom,2011-11-22,2011-11-22,18,1,161.67,5,1,1,1,511,New Customers
17885,United Kingdom,2011-11-27,2011-11-27,13,1,156.34,5,1,1,1,511,New Customers
16372,United Kingdom,2010-04-11,2011-11-06,34,5,1260.31,4,4,4,4,444,Champions
16846,United Kingdom,2010-03-10,2011-10-20,51,3,842.41,4,3,3,3,433,Loyal Customers
16911,United Kingdom,2010-02-16,2010-03-14,636,2,251.35,1,2,1,2,121,Lost
18086,United Kingdom,2011-03-10,2011-03-10,275,1,101.34,2,1,1,1,211,Hibernating
13326,United Kingdom,2010-10-03,2010-10-03,433,1,281.76,1,1,2,2,112,Lost
18054,United Kingdom,2010-11-12,2010-11-12,393,1,176.50,2,1,1,1,211,Hibernating
16252,United Kingdom,2010-11-22,2010-11-22,383,1,0.00,2,1,1,1,211,Hibernating
13954,United Kingdom,2011-09-30,2011-12-08,2,2,378.59,5,2,2,2,522,Potential Loyalists
14568,Channel Islands,2010-09-30,2010-09-30,436,1,909.50,1,1,3,2,113,Lost
13194,United Kingdom,2010-10-14,2011-07-27,136,2,472.78,3,2,2,2,322,Need Attention
15887,United Kingdom,2010-06-02,2010-10-29,407,3,1027.15,2,3,3,3,233,At Risk
13386,United Kingdom,2010-09-28,2010-10-21,415,2,835.46,1,2,3,3,123,At Risk
12575,France,2010-07-01,2010-09-08,458,2,568.82,1,2,2,2,122,Lost
13127,United Kingdom,2011-09-23,2011-09-23,78,1,259.17,3,1,1,1,311,About to Sleep
12519,Germany,2010-08-20,2011-10-07,64,2,595.19,3,2,3,3,323,Loyal Customers
13161,United Kingdom,2010-07-27,2011-01-30,314,2,472.13,2,2,2,2,222,Hibernating
12633,Germany,2010-07-02,2011-10-12,59,7,5073.21,4,4,5,5,445,Champions
14747,United Kingdom,2011-04-04,2011-04-04,250,1,294.30,2,1,2,2,212,Hibernating
15344,United Kingdom,2011-09-26,2011-12-09,1,3,476.58,5,3,2,3,532,Loyal Customers
14345,United Kingdom,2011-11-01,2011-11-01,39,1,108.98,4,1,1,1,411,Promising
13424,United Kingdom,2010-09-16,2010-09-16,450,1,557.92,1,1,2,2,112,Lost
13720,United Kingdom,2011-03-30,2011-08-15,117,4,799.90,3,3,3,3,333,Loyal Customers
15419,United Kingdom,2011-11-15,2011-11-15,25,1,135.86,4,1,1,1,411,Promising
15744,United Kingdom,2011-09-23,2011-09-23,78,1,34.80,3,1,1,1,311,About to Sleep
17895,United Kingdom,2011-10-26,2011-10-26,45,1,95.45,4,1,1,1,411,Promising
17595,United Kingdom,2011-11-02,2011-11-27,13,2,386.69,5,2,2,2,522,Potential Loyalists
15188,United Kingdom,2009-12-14,2009-12-14,726,1,310.43,1,1,2,2,112,Lost
16816,United Kingdom,2010-12-16,2011-08-28,104,4,417.06,3,3,2,3,332,Loyal Customers
16545,United Kingdom,2010-11-29,2011-06-28,165,2,689.82,3,2,3,3,323,Loyal Customers
14164,United Kingdom,2011-09-20,2011-09-30,71,2,1631.77,3,2,4,3,324,Loyal Customers
16064,United Kingdom,2009-12-14,2009-12-14,726,1,109.31,1,1,1,1,111,Lost
12459,Spain,2010-04-13,2010-04-13,606,1,398.36,1,1,2,2,112,Lost
17880,United Kingdom,2009-12-09,2010-12-10,365,3,824.92,2,3,3,3,233,At Risk
17973,United Kingdom,2011-10-19,2011-10-19,52,1,337.04,4,1,2,2,412,Potential Loyalists
14674,United Kingdom,2010-07-18,2010-07-18,510,1,173.66,1,1,1,1,111,Lost
14271,United Kingdom,2010-10-26,2011-04-28,226,2,214.18,2,2,1,2,221,Hibernating
17678,United Kingdom,2010-04-15,2011-03-21,264,2,579.81,2,2,2,2,222,Hibernating
14373,United Kingdom,2010-12-16,2010-12-16,359,1,76.55,2,1,1,1,211,Hibernating
16955,United Kingdom,2010-01-31,2011-06-08,185,6,1072.06,3,4,3,4,343,Loyal Customers
15302,United Kingdom,2009-12-09,2009-12-09,731,1,291.05,1,1,2,2,112,Lost
16140,United Kingdom,2010-09-24,2011-10-05,66,3,1416.46,3,3,4,4,334,Loyal Customers
13308,United Kingdom,2010-04-22,2011-11-17,23,4,1652.47,4,3,4,4,434,Champions
12469,Thailand,2010-06-21,2010-07-05,523,2,3070.54,1,2,5,4,125,At Risk
16339,United Kingdom,2011-02-28,2011-02-28,285,1,94.05,2,1,1,1,211,Hibernating
13897,United Kingdom,2010-01-31,2011-10-20,51,3,1160.72,4,3,3,3,433,Loyal Customers
16230,United Kingdom,2011-05-03,2011-06-03,190,2,542.03,2,2,2,2,222,Hibernating
15219,United Kingdom,2010-03-01,2011-06-16,177,2,685.45,3,2,3,3,323,Loyal Customers
16616,United Kingdom,2011-07-05,2011-11-24,16,2,500.42,5,2,2,2,522,Potential Loyalists
17911,United Kingdom,2011-11-30,2011-11-30,10,1,366.23,5,1,2,2,512,Potential Loyalists
13876,United Kingdom,2011-10-07,2011-10-07,64,1,122.70,3,1,1,1,311,About to Sleep
12851,United Kingdom,2010-08-19,2011-09-04,97,2,280.76,3,2,2,2,322,Need Attention
13339,United Kingdom,2011-05-23,2011-05-23,201,1,860.12,2,1,3,2,213,Hibernating
13146,United Kingdom,2011-11-13,2011-11-13,27,1,228.91,4,1,1,1,411,Promising
13926,United Kingdom,2011-11-16,2011-11-16,24,1,223.85,4,1,1,1,411,Promising
17882,United Kingdom,2010-11-25,2010-11-25,380,2,291.56,2,2,2,2,222,Hibernating
12882,United Kingdom,2011-11-06,2011-11-30,10,2,1463.04,5,2,4,3,524,Loyal Customers
15761,United Kingdom,2010-09-23,2010-09-23,443,1,143.05,1,1,1,1,111,Lost
14162,United Kingdom,2011-02-20,2011-06-19,174,2,289.36,3,2,2,2,322,Need Attention
13358,United Kingdom,2011-03-16,2011-03-16,269,1,389.03,2,1,2,2,212,Hibernating
13177,United Kingdom,2010-10-05,2011-10-06,65,2,512.20,3,2,2,2,322,Need Attention
15853,United Kingdom,2011-10-19,2011-10-19,52,1,110.80,4,1,1,1,411,Promising
14545,United Kingdom,2010-02-03,2010-02-03,675,1,349.25,1,1,2,2,112,Lost
14184,United Kingdom,2011-10-04,2011-10-04,67,1,452.89,3,1,2,2,312,Need Attention
13683,United Kingdom,2010-09-08,2010-09-08,458,1,258.60,1,1,1,1,111,Lost
14599,United Kingdom,2010-07-18,2010-11-14,391,2,457.89,2,2,2,2,222,Hibernating
13369,United Kingdom,2010-12-09,2010-12-09,366,1,213.75,2,1,1,1,211,Hibernating
12568,Germany,2010-03-05,2010-03-05,645,1,52.00,1,1,1,1,111,Lost
15486,United Kingdom,2010-06-30,2010-06-30,528,1,102.00,1,1,1,1,111,Lost
17820,United Kingdom,2010-11-30,2010-11-30,375,1,156.56,2,1,1,1,211,Hibernating
12420,Cyprus,2011-10-07,2011-10-07,64,1,600.39,3,1,3,2,313,Need Attention
15884,United Kingdom,2009-12-03,2010-10-03,433,2,244.60,1,2,1,2,121,Lost
12786,Netherlands,2010-04-09,2010-04-09,610,1,668.50,1,1,3,2,113,Lost
14143,United Kingdom,2011-07-29,2011-07-29,134,1,115.80,3,1,1,1,311,About to Sleep
17177,United Kingdom,2010-07-22,2010-07-22,506,1,119.50,1,1,1,1,111,Lost
13228,United Kingdom,2011-09-19,2011-09-19,82,1,358.00,3,1,2,2,312,Need Attention
16970,United Kingdom,2010-03-23,2010-03-23,627,1,71.40,1,1,1,1,111,Lost
14331,United Kingdom,2011-07-27,2011-08-07,125,2,462.66,3,2,2,2,322,Need Attention
16731,United Kingdom,2010-03-01,2010-03-01,649,1,170.30,1,1,1,1,111,Lost
13062,United Kingdom,2011-06-01,2011-06-01,192,1,346.98,2,1,2,2,212,Hibernating
12881,United Kingdom,2011-03-09,2011-03-09,276,1,298.00,2,1,2,2,212,Hibernating
13732,United Kingdom,2011-11-11,2011-11-11,29,1,491.86,4,1,2,2,412,Potential Loyalists
17154,United Kingdom,2011-09-25,2011-09-25,76,1,329.34,3,1,2,2,312,Need Attention
15576,United Kingdom,2011-11-02,2011-11-02,38,1,921.37,4,1,3,2,413,Potential Loyalists
13229,United Kingdom,2011-04-28,2011-04-28,226,1,160.95,2,1,1,1,211,Hibernating
17745,United Kingdom,2010-06-02,2010-08-19,478,2,600.34,1,2,3,3,123,At Risk
15753,United Kingdom,2011-02-08,2011-02-08,305,1,79.20,2,1,1,1,211,Hibernating
13011,United Kingdom,2010-12-02,2010-12-02,373,1,50.55,2,1,1,1,211,Hibernating
13392,United Kingdom,2010-01-31,2010-01-31,678,1,91.14,1,1,1,1,111,Lost
14059,United Kingdom,2011-03-18,2011-03-18,267,1,183.60,2,1,1,1,211,Hibernating
13234,United Kingdom,2009-12-07,2010-02-05,673,2,346.50,1,2,2,2,122,Lost
16578,United Kingdom,2010-03-23,2010-03-23,627,1,156.60,1,1,1,1,111,Lost
14889,United Kingdom,2011-01-07,2011-01-07,337,1,135.90,2,1,1,1,211,Hibernating
14357,United Kingdom,2011-10-27,2011-10-27,44,1,225.12,4,1,1,1,411,Promising
15832,United Kingdom,2011-03-30,2011-03-30,255,1,836.79,2,1,3,2,213,Hibernating
15517,United Kingdom,2011-04-20,2011-04-20,234,1,267.03,2,1,1,1,211,Hibernating
18014,United Kingdom,2011-11-11,2011-11-11,29,1,154.27,4,1,1,1,411,Promising
18152,United Kingdom,2010-03-03,2010-03-03,647,1,426.69,1,1,2,2,112,Lost
12894,United Kingdom,2010-05-13,2010-05-13,576,1,157.35,1,1,1,1,111,Lost
15539,United Kingdom,2011-12-02,2011-12-02,8,1,538.46,5,1,2,2,512,Potential Loyalists
13436,United Kingdom,2011-12-08,2011-12-08,2,1,196.89,5,1,1,1,511,New Customers
15292,United Kingdom,2011-05-22,2011-05-22,202,1,178.39,2,1,1,1,211,Hibernating
14900,United Kingdom,2010-07-05,2010-07-05,523,1,13.92,1,1,1,1,111,Lost
17093,United Kingdom,2010-04-26,2010-04-26,593,1,235.88,1,1,1,1,111,Lost
14471,United Kingdom,2009-12-07,2010-04-27,592,2,400.95,1,2,2,2,122,Lost
17346,United Kingdom,2010-04-18,2011-12-06,4,26,4926.43,5,5,5,5,555,Champions
16279,United Kingdom,2010-04-22,2011-11-18,22,9,5685.38,4,5,5,5,455,Champions
12415,Australia,2010-06-30,2011-11-15,25,24,143107.02,4,5,5,5,455,Champions
13849,United Kingdom,2010-03-25,2011-10-19,52,5,3443.80,4,4,5,5,445,Champions
17841,United Kingdom,2009-12-02,2011-12-08,2,211,67287.06,5,5,5,5,555,Champions
17702,United Kingdom,2010-11-04,2011-11-09,31,6,2999.94,4,4,5,5,445,Champions
14049,United Kingdom,2010-04-01,2011-11-23,17,13,12848.40,5,5,5,5,555,Champions
17812,United Kingdom,2010-06-27,2011-11-27,13,7,911.99,5,4,3,4,543,Champions
17091,United Kingdom,2009-12-16,2011-12-07,3,19,7462.15,5,5,5,5,555,Champions
14878,United Kingdom,2010-02-21,2011-11-27,13,25,3807.10,5,5,5,5,555,Champions
15867,United Kingdom,2009-12-14,2011-12-04,6,31,8780.77,5,5,5,5,555,Champions
13155,United Kingdom,2010-08-05,2011-11-06,34,6,1370.48,4,4,4,4,444,Champions
13939,United Kingdom,2010-04-06,2011-11-16,24,7,1533.66,4,4,4,4,444,Champions
13623,United Kingdom,2009-12-02,2011-11-09,31,10,2456.73,4,5,4,5,454,Champions
16416,United Kingdom,2010-02-23,2011-11-13,27,9,2937.88,4,5,5,5,455,Champions
13516,United Kingdom,2010-10-18,2011-11-18,22,4,1685.26,4,3,4,4,434,Champions
15580,United Kingdom,2010-02-07,2010-11-28,377,8,1216.15,2,4,4,4,244,At Risk
13485,United Kingdom,2009-12-03,2011-04-20,234,11,2953.92,2,5,5,5,255,Cannot Lose Them
12714,France,2009-12-04,2011-11-30,10,12,12815.71,5,5,5,5,555,Champions
16932,United Kingdom,2010-05-17,2011-10-17,54,3,412.55,4,3,2,3,432,Loyal Customers
14971,United Kingdom,2011-10-27,2011-11-04,36,3,1097.98,4,3,3,3,433,Loyal Customers
16243,United Kingdom,2011-10-16,2011-11-06,34,2,409.10,4,2,2,2,422,Potential Loyalists
12957,United Kingdom,2009-12-11,2011-11-30,10,13,8628.42,5,5,5,5,555,Champions
15738,United Kingdom,2009-12-10,2011-11-21,19,41,13015.42,5,5,5,5,555,Champions
13439,United Kingdom,2010-07-01,2011-03-29,256,3,986.61,2,3,3,3,233,At Risk
15117,United Kingdom,2010-03-15,2011-11-25,15,8,2484.32,5,4,4,4,544,Champions
14462,United Kingdom,2010-10-03,2011-10-04,67,12,2204.69,3,5,4,5,354,Loyal Customers
15249,United Kingdom,2010-03-26,2011-11-08,32,18,9147.15,4,5,5,5,455,Champions
12749,United Kingdom,2010-07-06,2011-12-06,4,9,6278.49,5,5,5,5,555,Champions
14056,United Kingdom,2011-02-28,2011-12-08,2,23,8063.30,5,5,5,5,555,Champions
17613,United Kingdom,2011-02-07,2011-11-17,23,14,4494.77,4,5,5,5,455,Champions
12370,Cyprus,2010-02-09,2011-10-19,52,7,3956.56,4,4,5,5,445,Champions
18151,United Kingdom,2010-03-04,2011-07-28,135,6,1853.94,3,4,4,4,344,Loyal Customers
13013,United Kingdom,2009-12-14,2011-12-08,2,29,11073.48,5,5,5,5,555,Champions
16945,United Kingdom,2009-12-09,2011-11-18,22,33,8530.66,4,5,5,5,455,Champions
16983,United Kingdom,2010-09-19,2011-11-27,13,11,3479.48,5,5,5,5,555,Champions
12704,Finland,2011-06-23,2011-12-02,8,8,1740.84,5,4,4,4,544,Champions
16476,United Kingdom,2010-10-04,2010-10-04,432,1,337.00,1,1,2,2,112,Lost
14535,United Kingdom,2010-02-24,2011-10-10,61,9,5803.79,3,5,5,5,355,Loyal Customers
15952,United Kingdom,2011-04-28,2011-11-06,34,4,781.91,4,3,3,3,433,Loyal Customers
15886,United Kingdom,2010-04-20,2011-10-10,61,4,1052.87,3,3,3,3,333,Loyal Customers
12615,France,2010-03-18,2011-12-07,3,8,5186.88,5,4,5,5,545,Champions
14465,United Kingdom,2010-01-07,2011-04-07,247,11,3925.85,2,5,5,5,255,Cannot Lose Them
13319,United Kingdom,2009-12-06,2011-12-04,6,58,20974.96,5,5,5,5,555,Champions
14182,United Kingdom,2010-04-22,2010-09-22,444,4,660.07,1,3,3,3,133,At Risk
15133,United Kingdom,2010-07-07,2011-08-04,128,5,1806.90,3,4,4,4,344,Loyal Customers
12990,United Kingdom,2010-03-30,2011-11-08,32,7,955.50,4,4,3,4,443,Champions
17075,United Kingdom,2009-12-14,2011-11-22,18,10,2216.28,5,5,4,5,554,Champions
16875,United Kingdom,2010-01-05,2011-10-03,68,11,4053.20,3,5,5,5,355,Loyal Customers
13662,United Kingdom,2010-02-19,2011-09-15,86,11,2166.63,3,5,4,5,354,Loyal Customers
14694,United Kingdom,2010-04-01,2010-04-01,618,1,244.31,1,1,1,1,111,Lost
14401,United Kingdom,2009-12-14,2011-12-05,5,22,6703.40,5,5,5,5,555,Champions
15857,United Kingdom,2010-10-05,2011-11-21,19,2,570.48,5,2,2,2,522,Potential Loyalists
15563,United Kingdom,2010-01-28,2011-11-17,23,6,2764.67,4,4,4,4,444,Champions
13292,United Kingdom,2010-07-01,2011-11-01,39,5,987.79,4,4,3,4,443,Champions
13510,United Kingdom,2009-12-21,2011-12-08,2,11,4488.39,5,5,5,5,555,Champions
13269,United Kingdom,2009-12-02,2011-12-08,2,28,8507.01,5,5,5,5,555,Champions
16499,United Kingdom,2010-06-11,2010-12-14,361,8,2509.64,2,4,4,4,244,At Risk
17419,United Kingdom,2010-01-25,2011-11-28,12,18,6100.65,5,5,5,5,555,Champions
12951,United Kingdom,2010-01-10,2011-12-01,9,15,3164.42,5,5,5,5,555,Champions
17381,United Kingdom,2010-06-09,2011-12-01,9,38,36395.47,5,5,5,5,555,Champions
14251,United Kingdom,2011-10-13,2011-12-08,2,5,2879.70,5,4,5,5,545,Champions
12906,United Kingdom,2011-09-22,2011-11-28,12,5,2919.81,5,4,5,5,545,Champions
15227,United Kingdom,2010-03-16,2011-11-03,37,9,2488.49,4,5,4,5,454,Champions
15958,United Kingdom,2010-06-07,2011-09-26,75,4,462.12,3,3,2,3,332,Loyal Customers
17526,United Kingdom,2009-12-17,2011-12-05,5,12,3450.04,5,5,5,5,555,Champions
13253,United Kingdom,2010-01-05,2011-07-06,157,4,2951.11,3,3,5,4,335,Loyal Customers
17545,United Kingdom,2010-05-11,2011-10-27,44,6,1409.86,4,4,4,4,444,Champions
14194,United Kingdom,2010-01-06,2011-12-05,5,36,18442.87,5,5,5,5,555,Champions
12997,United Kingdom,2010-04-06,2011-11-17,23,8,2065.11,4,4,4,4,444,Champions
15023,United Kingdom,2010-02-03,2011-12-06,4,20,11477.01,5,5,5,5,555,Champions
13113,United Kingdom,2010-03-28,2011-12-09,1,37,16250.09,5,5,5,5,555,Champions
17402,United Kingdom,2009-12-16,2011-12-05,5,22,4566.41,5,5,5,5,555,Champions
16203,United Kingdom,2010-07-23,2011-10-12,59,6,940.09,4,4,3,4,443,Champions
17491,United Kingdom,2010-04-28,2011-12-08,2,17,5636.72,5,5,5,5,555,Champions
12677,France,2010-02-11,2010-06-02,556,2,353.30,1,2,2,2,122,Lost
16985,United Kingdom,2009-12-10,2011-11-22,18,23,10545.76,5,5,5,5,555,Champions
15048,United Kingdom,2010-12-06,2011-10-05,66,4,377.52,3,3,2,3,332,Loyal Customers
16170,United Kingdom,2010-02-18,2011-10-20,51,20,6813.67,4,5,5,5,455,Champions
18053,United Kingdom,2010-06-30,2011-09-30,71,3,527.77,3,3,2,3,332,Loyal Customers
17133,United Kingdom,2010-03-21,2011-11-24,16,12,12972.09,5,5,5,5,555,Champions
16940,United Kingdom,2009-12-08,2011-10-18,53,8,6245.41,4,4,5,5,445,Champions
15737,United Kingdom,2011-04-11,2011-11-25,15,8,1121.21,5,4,3,4,543,Champions
14984,United Kingdom,2010-01-11,2011-11-20,20,6,1260.51,5,4,4,4,544,Champions
12649,Germany,2010-01-12,2011-08-24,108,8,2060.50,3,4,4,4,344,Loyal Customers
15477,United Kingdom,2010-02-28,2010-02-28,650,1,368.40,1,1,2,2,112,Lost
12850,United Kingdom,2010-09-20,2010-09-20,446,1,330.00,1,1,2,2,112,Lost
14563,United Kingdom,2010-04-26,2010-07-18,510,2,625.42,1,2,3,3,123,At Risk
13291,United Kingdom,2010-02-11,2011-07-07,156,11,3270.79,3,5,5,5,355,Loyal Customers
15817,United Kingdom,2010-06-14,2010-10-15,421,3,2766.40,1,3,4,4,134,At Risk
16492,United Kingdom,2010-06-17,2010-06-17,541,1,385.56,1,1,2,2,112,Lost
18118,United Kingdom,2010-11-23,2011-11-29,11,29,6155.47,5,5,5,5,555,Champions
15365,United Kingdom,2010-02-04,2011-11-14,26,13,3791.98,4,5,5,5,455,Champions
14093,United Kingdom,2011-11-27,2011-11-27,13,1,433.86,5,1,2,2,512,Potential Loyalists
17890,United Kingdom,2010-12-13,2011-01-21,323,2,586.89,2,2,2,2,222,Hibernating
18276,United Kingdom,2009-12-10,2011-10-27,44,6,1620.67,4,4,4,4,444,Champions
16412,United Kingdom,2010-02-04,2011-10-17,54,5,593.19,4,4,3,4,443,Champions
13693,United Kingdom,2009-12-07,2010-11-30,375,9,1966.32,2,5,4,5,254,Cannot Lose Them
16722,United Kingdom,2009-12-03,2011-11-22,18,22,8168.31,5,5,5,5,555,Champions
17788,United Kingdom,2011-08-02,2011-09-27,74,2,1112.95,3,2,3,3,323,Loyal Customers
16380,United Kingdom,2011-10-09,2011-10-09,62,1,1743.15,3,1,4,3,314,Loyal Customers
13853,United Kingdom,2011-10-13,2011-10-13,58,1,1056.94,4,1,3,2,413,Potential Loyalists
18045,United Kingdom,2011-10-25,2011-10-25,46,1,178.34,4,1,1,1,411,Promising
15959,United Kingdom,2010-01-26,2010-01-26,683,3,542.89,1,3,2,3,132,At Risk
12542,Spain,2010-03-09,2010-08-12,485,2,423.38,1,2,2,2,122,Lost
16341,United Kingdom,2010-04-09,2011-11-15,25,7,3832.29,4,4,5,5,445,Champions
17041,United Kingdom,2010-04-18,2011-11-13,27,6,1639.40,4,4,4,4,444,Champions
14734,United Kingdom,2010-06-06,2010-10-10,426,4,1045.47,1,3,3,3,133,At Risk
12724,France,2010-06-22,2011-12-04,6,7,2083.52,5,4,4,4,544,Champions
13343,United Kingdom,2011-06-15,2011-06-15,178,1,253.93,3,1,1,1,311,About to Sleep
17652,United Kingdom,2011-03-03,2011-11-14,26,12,4737.13,4,5,5,5,455,Champions
14728,United Kingdom,2010-10-22,2010-10-22,414,1,190.58,1,1,1,1,111,Lost
13347,United Kingdom,2011-09-30,2011-09-30,71,1,291.36,3,1,2,2,312,Need Attention
14067,United Kingdom,2011-09-04,2011-10-07,64,2,374.70,3,2,2,2,322,Need Attention
16311,United Kingdom,2011-10-21,2011-11-22,18,2,616.26,5,2,3,3,523,Loyal Customers
12980,United Kingdom,2009-12-02,2011-07-05,158,21,15909.39,3,5,5,5,355,Loyal Customers
14662,United Kingdom,2009-12-03,2011-11-11,29,7,1376.43,4,4,4,4,444,Champions
13111,United Kingdom,2009-12-21,2009-12-21,719,1,321.88,1,1,2,2,112,Lost
14481,United Kingdom,2010-01-31,2011-06-28,165,5,2284.69,3,4,4,4,344,Loyal Customers
14445,United Kingdom,2010-09-10,2010-09-10,456,1,221.65,1,1,1,1,111,Lost
13557,United Kingdom,2009-12-08,2011-11-11,29,13,2980.08,4,5,5,5,455,Champions
16637,United Kingdom,2011-04-28,2011-11-07,33,4,1124.59,4,3,3,3,433,Loyal Customers
14414,United Kingdom,2010-11-30,2011-09-09,92,8,2387.48,3,4,4,4,344,Loyal Customers
13238,United Kingdom,2010-04-28,2011-11-22,18,6,986.73,5,4,3,4,543,Champions
14780,United Kingdom,2011-09-21,2011-10-16,55,2,447.68,4,2,2,2,422,Potential Loyalists
14915,United Kingdom,2009-12-03,2011-09-09,92,11,1752.65,3,5,4,5,354,Loyal Customers
14045,United Kingdom,2010-01-08,2011-08-22,110,16,9334.23,3,5,5,5,355,Loyal Customers
15831,United Kingdom,2011-01-19,2011-10-12,59,3,740.64,4,3,3,3,433,Loyal Customers
17382,United Kingdom,2010-05-19,2011-10-05,66,8,902.28,3,4,3,4,343,Loyal Customers
14176,United Kingdom,2010-11-23,2011-02-15,298,5,753.56,2,4,3,4,243,At Risk
12994,United Kingdom,2011-03-16,2011-12-05,5,3,902.22,5,3,3,3,533,Loyal Customers
16158,United Kingdom,2009-12-05,2010-07-05,523,9,611.32,1,5,3,4,153,At Risk
17202,United Kingdom,2010-10-15,2010-10-15,421,1,160.65,1,1,1,1,111,Lost
12604,France,2011-03-23,2011-09-21,80,2,236.18,3,2,1,2,321,Need Attention
13136,United Kingdom,2009-12-08,2011-10-14,57,13,6119.75,4,5,5,5,455,Champions
15681,United Kingdom,2010-05-24,2011-11-14,26,14,2480.20,4,5,4,5,454,Champions
13884,United Kingdom,2010-08-26,2011-12-02,8,10,1788.93,5,5,4,5,554,Champions
16975,United Kingdom,2010-07-22,2010-10-12,424,3,902.42,1,3,3,3,133,At Risk
12517,Germany,2011-06-02,2011-11-11,29,4,2263.65,4,3,4,4,434,Champions
13129,United Kingdom,2010-06-28,2010-09-13,453,2,233.25,1,2,1,2,121,Lost
13872,United Kingdom,2009-12-14,2010-06-30,528,3,891.32,1,3,3,3,133,At Risk
16498,United Kingdom,2011-06-30,2011-07-01,162,2,86.12,3,2,1,2,321,Need Attention
13288,United Kingdom,2010-02-11,2010-09-22,444,5,892.16,1,4,3,4,143,At Risk
13916,United Kingdom,2010-02-02,2010-09-02,464,4,1260.51,1,3,4,4,134,At Risk
18252,United Kingdom,2009-12-18,2011-10-20,51,7,1457.19,4,4,4,4,444,Champions
17378,United Kingdom,2010-11-30,2010-11-30,375,1,0.00,2,1,1,1,211,Hibernating
18049,United Kingdom,2010-04-28,2010-09-28,438,2,500.50,1,2,2,2,122,Lost
17582,United Kingdom,2010-03-26,2011-04-17,237,5,1429.95,2,4,4,4,244,At Risk
16612,United Kingdom,2009-12-03,2011-11-07,33,9,3243.48,4,5,5,5,455,Champions
12658,Germany,2011-11-21,2011-11-21,19,1,632.05,5,1,3,2,513,Potential Loyalists
15828,United Kingdom,2010-11-29,2010-11-29,376,1,1108.82,2,1,3,2,213,Hibernating
18085,United Kingdom,2010-03-21,2011-01-13,331,4,1341.85,2,3,4,4,234,At Risk
15536,United Kingdom,2010-10-26,2010-10-26,410,1,259.09,1,1,1,1,111,Lost
16005,United Kingdom,2010-09-15,2011-11-27,13,10,2332.62,5,5,4,5,554,Champions
17355,United Kingdom,2010-11-18,2010-11-18,387,1,273.31,2,1,2,2,212,Hibernating
13377,United Kingdom,2010-03-04,2010-11-08,397,2,1445.43,2,2,4,3,224,At Risk
17348,United Kingdom,2010-03-10,2011-11-25,15,9,2430.99,5,5,4,5,554,Champions
17541,United Kingdom,2010-07-18,2010-07-18,510,1,119.86,1,1,1,1,111,Lost
13913,United Kingdom,2010-07-21,2010-07-21,507,1,42.22,1,1,1,1,111,Lost
17161,United Kingdom,2010-09-21,2010-09-21,445,1,856.01,1,1,3,2,113,Lost
14570,United Kingdom,2010-09-22,2011-03-04,281,3,512.40,2,3,2,3,232,At Risk
14167,United Kingdom,2010-01-27,2011-10-31,40,8,1274.29,4,4,4,4,444,Champions
17300,United Kingdom,2010-08-15,2010-11-14,391,2,393.64,2,2,2,2,222,Hibernating
16105,United Kingdom,2010-04-14,2011-04-05,249,5,2386.19,2,4,4,4,244,At Risk
18150,United Kingdom,2011-05-22,2011-11-07,33,3,566.58,4,3,2,3,432,Loyal Customers
13647,United Kingdom,2010-04-15,2011-11-30,10,8,3033.78,5,4,5,5,545,Champions
16091,United Kingdom,2011-05-25,2011-07-08,155,2,315.06,3,2,2,2,322,Need Attention
15545,United Kingdom,2010-12-03,2011-10-16,55,2,288.97,4,2,2,2,422,Potential Loyalists
15803,United Kingdom,2010-02-01,2011-10-19,52,4,1929.66,4,3,4,4,434,Champions
15441,United Kingdom,2009-12-09,2010-11-08,397,3,1254.21,2,3,4,4,234,At Risk
17669,United Kingdom,2010-04-01,2011-10-28,43,10,6142.35,4,5,5,5,455,Champions
12532,France,2011-11-09,2011-11-09,31,1,313.83,4,1,2,2,412,Potential Loyalists
14072,United Kingdom,2010-02-11,2010-02-11,667,1,390.85,1,1,2,2,112,Lost
15587,United Kingdom,2010-08-05,2011-10-20,51,7,1522.08,4,4,4,4,444,Champions
17296,United Kingdom,2009-12-09,2009-12-09,731,1,338.13,1,1,2,2,112,Lost
17021,United Kingdom,2010-04-29,2010-09-23,443,6,1182.22,1,4,4,4,144,At Risk
18131,United Kingdom,2010-03-18,2010-03-18,632,1,222.96,1,1,1,1,111,Lost
16908,United Kingdom,2009-12-17,2009-12-17,723,1,153.59,1,1,1,1,111,Lost
13701,United Kingdom,2010-09-19,2010-09-19,447,1,159.55,1,1,1,1,111,Lost
17008,United Kingdom,2010-10-06,2010-10-06,430,1,81.36,1,1,1,1,111,Lost
17336,United Kingdom,2010-08-24,2010-08-24,473,1,81.12,1,1,1,1,111,Lost
13807,United Kingdom,2009-12-04,2010-12-07,368,3,397.30,2,3,2,3,232,At Risk
17152,United Kingdom,2010-10-10,2011-05-29,195,4,1830.50,2,3,4,4,234,At Risk
16234,United Kingdom,2010-05-27,2010-08-20,477,3,312.78,1,3,2,3,132,At Risk
13998,United Kingdom,2010-05-12,2010-09-19,447,3,566.70,1,3,2,3,132,At Risk
14361,United Kingdom,2010-05-10,2010-05-10,579,1,214.71,1,1,1,1,111,Lost
17795,United Kingdom,2011-03-20,2011-06-13,180,2,342.83,3,2,2,2,322,Need Attention
15182,United Kingdom,2010-02-21,2011-07-08,155,11,2942.75,3,5,5,5,355,Loyal Customers
16818,United Kingdom,2011-05-18,2011-11-29,11,11,3317.97,5,5,5,5,555,Champions
13507,United Kingdom,2011-07-17,2011-12-06,4,4,2479.16,5,3,4,4,534,Champions
14544,United Kingdom,2010-08-26,2011-11-15,25,3,2938.53,4,3,5,4,435,Champions
14296,United Kingdom,2010-05-14,2010-10-14,422,2,448.45,1,2,2,2,122,Lost
17322,United Kingdom,2009-12-03,2010-11-28,377,5,900.64,2,4,3,4,243,At Risk
12467,USA,2010-10-12,2010-10-12,424,1,0.00,1,1,1,1,111,Lost
16910,United Kingdom,2011-09-09,2011-12-05,5,8,1508.96,5,4,4,4,544,Champions
17851,United Kingdom,2009-12-03,2010-10-13,423,6,1552.35,1,4,4,4,144,At Risk
16004,United Kingdom,2010-01-25,2010-08-22,475,5,2146.39,1,4,4,4,144,At Risk
14212,United Kingdom,2010-09-20,2011-09-11,90,2,2190.14,3,2,4,3,324,Loyal Customers
15134,United Kingdom,2010-10-13,2011-11-25,15,10,1596.29,5,5,4,5,554,Champions
13474,United Kingdom,2010-08-01,2011-04-17,237,3,646.59,2,3,3,3,233,At Risk
14973,United Kingdom,2011-04-28,2011-08-24,108,3,1314.45,3,3,4,4,334,Loyal Customers
16303,United Kingdom,2010-03-18,2011-11-14,26,7,7823.72,4,4,5,5,445,Champions
16691,United Kingdom,2010-05-27,2010-10-17,419,2,178.83,1,2,1,2,121,Lost
12904,United Kingdom,2011-06-20,2011-11-21,19,2,496.06,5,2,2,2,522,Potential Loyalists
15520,United Kingdom,2011-12-08,2011-12-08,2,1,343.50,5,1,2,2,512,Potential Loyalists
13304,United Kingdom,2010-02-08,2010-12-23,352,4,1120.79,2,3,3,3,233,At Risk
14891,United Kingdom,2010-09-29,2011-07-14,149,4,1106.73,3,3,3,3,333,Loyal Customers
15138,United Kingdom,2010-11-11,2010-11-11,394,1,486.59,2,1,2,2,212,Hibernating
17927,United Kingdom,2009-12-18,2009-12-18,722,1,294.00,1,1,2,2,112,Lost
14142,United Kingdom,2010-03-03,2010-12-01,374,2,655.94,2,2,3,3,223,At Risk
14077,United Kingdom,2010-11-09,2011-10-30,41,6,615.08,4,4,3,4,443,Champions
16124,United Kingdom,2009-12-07,2011-01-26,318,4,1709.39,2,3,4,4,234,At Risk
13919,Denmark,2010-06-17,2011-10-11,60,4,1218.03,3,3,4,4,334,Loyal Customers
14360,United Kingdom,2011-09-06,2011-11-08,32,4,2118.03,4,3,4,4,434,Champions
16199,United Kingdom,2010-03-18,2010-11-12,393,7,942.75,2,4,3,4,243,At Risk
15926,United Kingdom,2010-06-15,2010-06-15,543,1,134.44,1,1,1,1,111,Lost
12384,Switzerland,2011-08-10,2011-11-11,29,2,406.16,4,2,2,2,422,Potential Loyalists
16452,United Kingdom,2010-01-15,2010-03-19,631,2,332.17,1,2,2,2,122,Lost
14073,United Kingdom,2011-11-07,2011-11-07,33,1,139.54,4,1,1,1,411,Promising
17438,United Kingdom,2010-03-08,2011-03-31,254,5,1412.62,2,4,4,4,244,At Risk
14533,United Kingdom,2010-04-08,2011-11-15,25,11,3185.12,4,5,5,5,455,Champions
15672,United Kingdom,2009-12-14,2009-12-14,726,1,45.30,1,1,1,1,111,Lost
16159,United Kingdom,2009-12-03,2011-03-03,282,4,1230.29,2,3,4,4,234,At Risk
17010,United Kingdom,2011-11-21,2011-11-21,19,1,185.46,5,1,1,1,511,New Customers
12937,United Kingdom,2009-12-03,2011-11-24,16,9,3097.61,5,5,5,5,555,Champions
17796,United Kingdom,2010-10-14,2011-10-30,41,7,1236.39,4,4,4,4,444,Champions
15452,United Kingdom,2010-07-16,2011-11-10,30,6,1785.11,4,4,4,4,444,Champions
17647,United Kingdom,2010-02-08,2011-10-05,66,3,331.66,3,3,2,3,332,Loyal Customers
14468,United Kingdom,2009-12-06,2009-12-06,734,1,204.24,1,1,1,1,111,Lost
12869,United Kingdom,2010-01-27,2010-01-27,682,1,337.67,1,1,2,2,112,Lost
17400,United Kingdom,2009-12-17,2011-08-05,127,8,4623.28,3,4,5,5,345,Loyal Customers
16608,United Kingdom,2010-02-14,2010-09-12,454,2,1286.62,1,2,4,3,124,At Risk
16823,United Kingdom,2009-12-02,2011-04-26,228,7,2236.14,2,4,4,4,244,At Risk
15180,United Kingdom,2010-04-29,2010-12-07,368,3,816.93,2,3,3,3,233,At Risk
17731,United Kingdom,2010-02-09,2011-09-21,80,6,1347.08,3,4,4,4,344,Loyal Customers
16324,United Kingdom,2011-06-15,2011-08-03,129,3,408.59,3,3,2,3,332,Loyal Customers
17004,United Kingdom,2010-10-11,2011-10-24,47,4,2324.36,4,3,4,4,434,Champions
15399,United Kingdom,2011-09-21,2011-12-08,2,3,815.77,5,3,3,3,533,Loyal Customers
14012,United Kingdom,2011-03-07,2011-03-07,278,1,328.80,2,1,2,2,212,Hibernating
12622,Germany,2011-04-21,2011-04-21,233,1,162.10,2,1,1,1,211,Hibernating
15624,United Kingdom,2011-03-28,2011-08-15,117,4,588.13,3,3,2,3,332,Loyal Customers
15257,United Kingdom,2010-10-21,2011-03-01,284,2,600.90,2,2,3,3,223,At Risk
15469,United Kingdom,2010-09-27,2011-10-20,51,3,834.40,4,3,3,3,433,Loyal Customers
13845,United Kingdom,2011-10-06,2011-10-06,65,1,312.98,3,1,2,2,312,Need Attention
14171,United Kingdom,2009-12-09,2011-09-02,99,2,498.79,3,2,2,2,322,Need Attention
14003,United Kingdom,2009-12-07,2009-12-07,733,1,209.41,1,1,1,1,111,Lost
18154,United Kingdom,2010-08-06,2011-12-06,4,5,932.60,5,4,3,4,543,Champions
18163,United Kingdom,2010-05-04,2010-05-04,585,1,639.34,1,1,3,2,113,Lost
18058,United Kingdom,2010-02-10,2011-11-30,10,3,774.06,5,3,3,3,533,Loyal Customers
17804,United Kingdom,2009-12-01,2010-11-28,377,3,383.78,2,3,2,3,232,At Risk
18278,United Kingdom,2010-10-31,2011-09-27,74,2,414.20,3,2,2,2,322,Need Attention
13182,United Kingdom,2011-10-25,2011-10-25,46,1,121.18,4,1,1,1,411,Promising
14123,United Kingdom,2009-12-06,2009-12-06,734,1,436.18,1,1,2,2,112,Lost
13997,United Kingdom,2010-06-07,2010-07-08,520,3,376.46,1,3,2,3,132,At Risk
18056,United Kingdom,2010-03-31,2011-02-24,289,2,539.75,2,2,2,2,222,Hibernating
15160,United Kingdom,2010-10-14,2010-12-17,358,4,589.27,2,3,2,3,232,At Risk
16239,United Kingdom,2010-09-02,2011-10-14,57,6,1450.90,4,4,4,4,444,Champions
15522,United Kingdom,2011-09-13,2011-11-07,33,2,397.99,4,2,2,2,422,Potential Loyalists
12974,United Kingdom,2010-05-23,2011-05-26,198,2,408.95,2,2,2,2,222,Hibernating
13153,United Kingdom,2011-12-04,2011-12-04,6,1,486.22,5,1,2,2,512,Potential Loyalists
17215,United Kingdom,2010-09-01,2010-09-01,465,1,186.15,1,1,1,1,111,Lost
15306,United Kingdom,2010-02-18,2011-10-06,65,9,3480.98,3,5,5,5,355,Loyal Customers
14945,United Kingdom,2010-10-22,2010-10-22,414,1,179.40,1,1,1,1,111,Lost
14494,United Kingdom,2009-12-08,2011-11-14,26,3,401.46,4,3,2,3,432,Loyal Customers
17380,United Kingdom,2010-06-23,2010-10-01,435,3,643.75,1,3,3,3,133,At Risk
15397,United Kingdom,2011-02-23,2011-02-23,290,1,94.00,2,1,1,1,211,Hibernating
12498,Germany,2011-10-13,2011-11-18,22,3,349.70,4,3,2,3,432,Loyal Customers
15693,United Kingdom,2010-02-18,2010-02-18,660,1,37.50,1,1,1,1,111,Lost
13302,United Kingdom,2010-07-01,2011-07-07,156,2,159.20,3,2,1,2,321,Need Attention
13016,United Kingdom,2011-08-08,2011-09-27,74,3,789.89,3,3,3,3,333,Loyal Customers
16144,United Kingdom,2011-04-07,2011-04-07,247,1,175.20,2,1,1,1,211,Hibernating
17277,United Kingdom,2011-01-21,2011-04-26,228,2,1065.35,2,2,3,3,223,At Risk
17269,United Kingdom,2010-11-19,2010-11-19,386,1,491.81,2,1,2,2,212,Hibernating
13493,Switzerland,2011-02-25,2011-03-09,276,2,498.63,2,2,2,2,222,Hibernating
15552,United Kingdom,2010-03-26,2011-05-06,218,2,252.52,2,2,1,2,221,Hibernating
17503,United Kingdom,2011-11-01,2011-12-07,3,2,558.96,5,2,2,2,522,Potential Loyalists
17467,United Kingdom,2010-11-09,2010-11-09,396,1,102.60,2,1,1,1,211,Hibernating
16621,United Kingdom,2011-03-07,2011-10-19,52,4,813.48,4,3,3,3,433,Loyal Customers
15042,United Kingdom,2010-04-23,2011-05-24,200,2,315.45,2,2,2,2,222,Hibernating
14650,United Kingdom,2010-04-29,2010-04-29,590,1,62.50,1,1,1,1,111,Lost
12644,Germany,2010-01-14,2011-08-02,130,4,1797.54,3,3,4,4,334,Loyal Customers
13678,United Kingdom,2011-07-11,2011-07-11,152,1,232.60,3,1,1,1,311,About to Sleep
15037,United Kingdom,2010-11-28,2010-11-28,377,2,397.76,2,2,2,2,222,Hibernating
14204,United Kingdom,2009-12-02,2011-12-07,3,4,1024.83,5,3,3,3,533,Loyal Customers
14922,United Kingdom,2010-07-20,2010-11-11,394,2,843.74,2,2,3,3,223,At Risk
15246,United Kingdom,2010-06-02,2011-04-15,239,3,780.40,2,3,3,3,233,At Risk
15859,United Kingdom,2010-10-03,2010-10-03,433,1,438.46,1,1,2,2,112,Lost
17529,United Kingdom,2010-01-11,2010-04-08,611,2,1240.25,1,2,4,3,124,At Risk
16055,United Kingdom,2011-05-03,2011-05-03,221,1,134.80,2,1,1,1,211,Hibernating
18197,United Kingdom,2010-05-13,2010-05-13,576,1,221.40,1,1,1,1,111,Lost
18115,United Kingdom,2010-01-11,2010-01-11,698,1,9.70,1,1,1,1,111,Lost
14717,United Kingdom,2009-12-06,2009-12-06,734,1,72.80,1,1,1,1,111,Lost
16408,United Kingdom,2010-04-27,2010-04-27,592,1,231.93,1,1,1,1,111,Lost
17199,United Kingdom,2010-05-06,2010-05-06,583,1,135.04,1,1,1,1,111,Lost
16149,United Kingdom,2010-10-06,2011-12-05,5,3,422.22,5,3,2,3,532,Loyal Customers
14223,United Kingdom,2011-03-20,2011-09-08,93,3,975.23,3,3,3,3,333,Loyal Customers
16438,United Kingdom,2011-09-18,2011-12-04,6,5,798.35,5,4,3,4,543,Champions
12579,France,2011-09-22,2011-09-22,79,1,374.72,3,1,2,2,312,Need Attention
15748,United Kingdom,2010-09-16,2011-10-30,41,3,609.81,4,3,3,3,433,Loyal Customers
15216,United Kingdom,2010-03-31,2011-09-13,88,2,486.09,3,2,2,2,322,Need Attention
14885,United Kingdom,2010-08-31,2011-07-31,132,3,1496.12,3,3,4,4,334,Loyal Customers
13747,United Kingdom,2010-10-11,2010-12-01,374,2,169.80,2,2,1,2,221,Hibernating
15876,United Kingdom,2010-09-17,2010-10-26,410,2,1449.14,1,2,4,3,124,At Risk
12763,Japan,2010-12-05,2011-07-24,139,2,494.08,3,2,2,2,322,Need Attention
17156,United Kingdom,2010-08-05,2010-08-05,492,1,572.07,1,1,2,2,112,Lost
15635,United Kingdom,2010-11-09,2010-11-09,396,1,100.35,2,1,1,1,211,Hibernating
18020,United Kingdom,2010-06-14,2010-06-14,544,1,129.28,1,1,1,1,111,Lost
17316,United Kingdom,2010-10-15,2010-10-15,421,1,124.45,1,1,1,1,111,Lost
16916,United Kingdom,2010-10-20,2011-11-16,24,4,896.12,4,3,3,3,433,Loyal Customers
15300,United Kingdom,2011-10-06,2011-10-06,65,1,496.44,3,1,2,2,312,Need Attention
18012,United Kingdom,2009-12-16,2009-12-16,724,1,115.30,1,1,1,1,111,Lost
14983,United Kingdom,2010-01-19,2010-01-19,690,1,183.20,1,1,1,1,111,Lost
14840,United Kingdom,2010-06-18,2011-03-17,268,2,340.21,2,2,2,2,222,Hibernating
14996,United Kingdom,2010-08-15,2010-08-15,482,2,442.29,1,2,2,2,122,Lost
17327,United Kingdom,2010-05-26,2010-10-26,410,2,152.35,1,2,1,2,121,Lost
15564,United Kingdom,2010-02-01,2010-09-02,464,2,70.74,1,2,1,2,121,Lost
17444,Canada,2011-06-20,2011-07-11,152,2,2389.10,3,2,4,3,324,Loyal Customers
14089,United Kingdom,2011-10-14,2011-10-14,57,1,158.75,4,1,1,1,411,Promising
13708,United Kingdom,2011-03-13,2011-03-13,272,1,283.33,2,1,2,2,212,Hibernating
16063,United Kingdom,2011-03-24,2011-03-24,261,1,335.32,2,1,2,2,212,Hibernating
12818,Austria,2011-03-23,2011-03-23,262,1,1157.88,2,1,3,2,213,Hibernating
12958,United Kingdom,2010-05-05,2010-11-04,401,2,467.34,2,2,2,2,222,Hibernating
12859,United Kingdom,2010-09-07,2010-09-07,459,1,575.10,1,1,2,2,112,Lost
13367,United Kingdom,2010-10-04,2010-10-04,432,1,460.20,1,1,2,2,112,Lost
17782,United Kingdom,2010-11-22,2010-11-22,383,2,679.02,2,2,3,3,223,At Risk
14351,United Kingdom,2011-06-28,2011-06-28,165,1,51.00,3,1,1,1,311,About to Sleep
12979,United Arab Emirates,2009-12-10,2009-12-10,730,1,479.54,1,1,2,2,112,Lost
12922,United Kingdom,2011-07-01,2011-07-01,162,1,405.38,3,1,2,2,312,Need Attention
16582,United Kingdom,2011-08-18,2011-08-18,114,1,313.62,3,1,2,2,312,Need Attention
16542,United Kingdom,2010-11-03,2011-10-17,54,2,257.32,4,2,1,2,421,Potential Loyalists
15892,United Kingdom,2010-02-08,2010-02-08,670,1,128.20,1,1,1,1,111,Lost
15575,United Kingdom,2010-03-30,2010-03-30,620,1,30.10,1,1,1,1,111,Lost
15731,United Kingdom,2010-06-04,2010-06-04,554,1,125.30,1,1,1,1,111,Lost
17260,United Kingdom,2010-10-24,2010-10-24,412,1,120.95,1,1,1,1,111,Lost
15442,United Kingdom,2011-04-05,2011-04-05,249,1,594.00,2,1,3,2,213,Hibernating
12365,Cyprus,2011-02-21,2011-02-21,292,1,320.69,2,1,2,2,212,Hibernating
17056,United Kingdom,2009-12-01,2009-12-01,739,1,128.60,1,1,1,1,111,Lost
15935,United Kingdom,2011-04-14,2011-04-14,240,1,-200.78,2,1,1,1,211,Hibernating
15349,United Kingdom,2011-06-05,2011-07-04,159,2,463.91,3,2,2,2,322,Need Attention
15929,United Kingdom,2010-03-05,2010-03-05,645,1,594.00,1,1,3,2,113,Lost
14581,United Kingdom,2010-06-13,2011-11-23,17,2,409.65,5,2,2,2,522,Potential Loyalists
14600,United Kingdom,2010-11-11,2011-02-07,306,2,865.17,2,2,3,3,223,At Risk
17459,United Kingdom,2011-10-10,2011-10-27,44,2,657.30,4,2,3,3,423,Loyal Customers
16534,United Kingdom,2010-03-07,2010-03-07,643,1,635.90,1,1,3,2,113,Lost
15954,United Kingdom,2010-04-29,2010-04-29,590,1,187.80,1,1,1,1,111,Lost
17347,United Kingdom,2011-09-14,2011-09-14,87,1,228.96,3,1,1,1,311,About to Sleep
18114,United Kingdom,2011-02-22,2011-02-22,291,1,220.10,2,1,1,1,211,Hibernating
16864,United Kingdom,2010-04-20,2010-10-01,435,2,409.25,1,2,2,2,122,Lost
17915,United Kingdom,2010-06-06,2010-06-06,552,1,225.78,1,1,1,1,111,Lost
13628,United Kingdom,2010-02-01,2010-02-01,677,1,310.14,1,1,2,2,112,Lost
13844,United Kingdom,2011-11-28,2011-11-28,12,1,361.62,5,1,2,2,512,Potential Loyalists
15464,United Kingdom,2011-01-05,2011-01-05,339,1,1044.65,2,1,3,2,213,Hibernating
14811,United Kingdom,2010-11-17,2010-11-17,388,1,170.50,2,1,1,1,211,Hibernating
12366,Cyprus,2010-03-16,2010-03-16,634,1,500.24,1,1,2,2,112,Lost
17016,United Kingdom,2010-05-12,2010-05-12,577,1,552.40,1,1,2,2,112,Lost
15288,United Kingdom,2010-02-12,2011-10-27,44,10,3706.53,4,5,5,5,455,Champions
15845,United Kingdom,2010-01-26,2011-11-22,18,11,4273.65,5,5,5,5,555,Champions
14395,United Kingdom,2010-04-18,2011-12-07,3,20,7754.73,5,5,5,5,555,Champions
12507,Spain,2010-05-04,2011-07-28,135,4,1461.31,3,3,4,4,334,Loyal Customers
13162,United Kingdom,2009-12-04,2011-08-09,123,16,9116.94,3,5,5,5,355,Loyal Customers
12662,Germany,2010-04-01,2011-12-09,1,20,6091.69,5,5,5,5,555,Champions
16247,United Kingdom,2011-06-22,2011-06-22,171,1,114.56,3,1,1,1,311,About to Sleep
13694,United Kingdom,2009-12-04,2011-12-06,4,143,190391.50,5,5,5,5,555,Champions
13767,United Kingdom,2009-12-01,2011-12-07,3,73,33480.82,5,5,5,5,555,Champions
15727,United Kingdom,2010-01-24,2011-11-23,17,15,9371.71,5,5,5,5,555,Champions
15829,United Kingdom,2011-07-22,2011-09-01,100,2,636.14,3,2,3,3,323,Loyal Customers
17625,United Kingdom,2009-12-15,2011-11-21,19,8,5978.90,5,4,5,5,545,Champions
12942,United Kingdom,2010-12-09,2011-07-31,132,3,675.60,3,3,3,3,333,Loyal Customers
14696,United Kingdom,2010-10-14,2011-12-05,5,8,2465.30,5,4,4,4,544,Champions
14730,United Kingdom,2011-03-08,2011-12-08,2,8,1897.57,5,4,4,4,544,Champions
14125,United Kingdom,2011-09-22,2011-11-29,11,3,2720.63,5,3,4,4,534,Champions
17387,United Kingdom,2011-11-06,2011-11-20,20,2,746.81,5,2,3,3,523,Loyal Customers
15301,United Kingdom,2010-09-15,2011-10-20,51,17,6867.44,4,5,5,5,455,Champions
13488,United Kingdom,2010-01-25,2011-11-22,18,23,14131.81,5,5,5,5,555,Champions
17774,United Kingdom,2010-02-08,2011-09-04,97,9,3259.39,3,5,5,5,355,Loyal Customers
16133,United Kingdom,2010-03-31,2011-12-06,4,56,22228.88,5,5,5,5,555,Champions
17865,United Kingdom,2009-12-01,2011-11-09,31,46,25584.75,4,5,5,5,455,Champions
13157,United Kingdom,2010-03-08,2011-10-21,50,9,5667.71,4,5,5,5,455,Champions
15240,United Kingdom,2009-12-05,2011-10-26,45,12,4327.51,4,5,5,5,455,Champions
12921,United Kingdom,2009-12-01,2011-11-30,10,74,33951.65,5,5,5,5,555,Champions
17090,United Kingdom,2010-07-19,2011-12-05,5,13,2986.64,5,5,5,5,555,Champions
15750,United Kingdom,2009-12-01,2011-12-07,3,18,6362.60,5,5,5,5,555,Champions
14667,United Kingdom,2009-12-02,2011-11-29,11,54,20153.04,5,5,5,5,555,Champions
16139,United Kingdom,2009-12-03,2011-11-21,19,5,1111.15,5,4,3,4,543,Champions
13097,United Kingdom,2009-12-01,2011-11-07,33,27,12811.56,4,5,5,5,455,Champions
14607,United Kingdom,2009-12-15,2011-11-24,16,20,17226.23,5,5,5,5,555,Champions
17029,United Kingdom,2010-02-14,2011-08-21,111,7,2137.30,3,4,4,4,344,Loyal Customers
17287,United Kingdom,2009-12-03,2011-11-13,27,21,3810.61,4,5,5,5,455,Champions
15998,United Kingdom,2009-12-01,2011-11-03,37,16,8186.19,4,5,5,5,455,Champions
17362,United Kingdom,2010-01-06,2011-04-14,240,7,1010.54,2,4,3,4,243,At Risk
13722,United Kingdom,2010-03-03,2011-07-31,132,10,5629.16,3,5,5,5,355,Loyal Customers
13059,United Kingdom,2010-03-31,2011-04-04,250,10,2261.22,2,5,4,5,254,Cannot Lose Them
12573,France,2010-08-31,2011-04-26,228,5,717.41,2,4,3,4,243,At Risk
16351,United Kingdom,2009-12-04,2011-01-11,333,13,3279.13,2,5,5,5,255,Cannot Lose Them
15129,United Kingdom,2010-04-08,2011-10-20,51,23,6860.18,4,5,5,5,455,Champions
15220,United Kingdom,2011-03-04,2011-10-19,52,6,1758.92,4,4,4,4,444,Champions
14101,United Kingdom,2010-03-28,2011-09-27,74,13,9942.13,3,5,5,5,355,Loyal Customers
16485,United Kingdom,2009-12-06,2011-09-23,78,5,2130.19,3,4,4,4,344,Loyal Customers
14912,Italy,2010-04-28,2011-11-23,17,5,1829.78,5,4,4,4,544,Champions
17469,United Kingdom,2009-12-16,2011-11-23,17,17,4958.34,5,5,5,5,555,Champions
16108,United Kingdom,2010-03-18,2011-09-16,85,4,2171.93,3,3,4,4,334,Loyal Customers
17463,United Kingdom,2010-04-29,2011-11-23,17,7,2515.26,5,4,4,4,544,Champions
17356,United Kingdom,2010-01-20,2011-02-01,312,5,946.47,2,4,3,4,243,At Risk
15334,United Kingdom,2011-06-19,2011-07-06,157,3,347.87,3,3,2,3,332,Loyal Customers
14315,United Kingdom,2010-03-15,2011-10-26,45,8,3168.72,4,4,5,5,445,Champions
14189,United Kingdom,2010-11-16,2011-12-07,3,16,5453.38,5,5,5,5,555,Champions
16850,United Kingdom,2011-01-10,2011-01-10,334,1,332.41,2,1,2,2,212,Hibernating
15961,United Kingdom,2010-11-25,2010-11-25,380,1,451.29,2,1,2,2,212,Hibernating
17898,United Kingdom,2010-05-21,2011-09-15,86,4,299.18,3,3,2,3,332,Loyal Customers
12424,Australia,2010-06-09,2011-06-30,163,4,3289.78,3,3,5,4,335,Loyal Customers
15751,United Kingdom,2009-12-06,2010-09-05,461,11,1318.84,1,5,4,5,154,Cannot Lose Them
15497,United Kingdom,2009-12-18,2011-11-22,18,9,8643.46,5,5,5,5,555,Champions
16948,United Kingdom,2010-02-21,2011-07-24,139,7,868.77,3,4,3,4,343,Loyal Customers
14935,Channel Islands,2010-03-30,2011-02-15,298,2,2849.83,2,2,5,4,225,At Risk
13911,United Kingdom,2010-03-01,2011-10-13,58,20,4200.04,4,5,5,5,455,Champions
14587,United Kingdom,2011-01-12,2011-11-21,19,9,1577.39,5,5,4,5,554,Champions
15277,United Kingdom,2010-10-10,2011-10-24,47,2,476.34,4,2,2,2,422,Potential Loyalists
16923,United Kingdom,2010-01-31,2011-11-27,13,32,12572.15,5,5,5,5,555,Champions
15064,United Kingdom,2009-12-22,2010-10-25,411,4,1154.41,1,3,3,3,133,At Risk
17069,United Kingdom,2009-12-03,2011-11-11,29,14,5441.35,4,5,5,5,455,Champions
15569,United Kingdom,2010-02-28,2011-08-28,104,10,3583.45,3,5,5,5,355,Loyal Customers
12799,Japan,2010-06-28,2010-06-28,530,1,219.35,1,1,1,1,111,Lost
17191,United Kingdom,2009-12-01,2011-11-11,29,15,4284.84,4,5,5,5,455,Champions
14995,United Kingdom,2011-03-04,2011-11-01,39,2,231.98,4,2,1,2,421,Potential Loyalists
14407,United Kingdom,2011-03-08,2011-08-24,108,5,2096.08,3,4,4,4,344,Loyal Customers
13588,United Kingdom,2011-03-29,2011-11-24,16,9,2449.53,5,5,4,5,554,Champions
14140,United Kingdom,2011-11-08,2011-12-06,4,2,920.05,5,2,3,3,523,Loyal Customers
13134,United Kingdom,2010-10-19,2011-09-15,86,6,2422.28,3,4,4,4,344,Loyal Customers
14640,United Kingdom,2010-01-22,2011-11-15,25,10,3446.33,4,5,5,5,455,Champions
14243,United Kingdom,2010-08-20,2011-12-01,9,17,7152.06,5,5,5,5,555,Champions
13390,United Kingdom,2011-09-26,2011-09-26,75,1,544.08,3,1,2,2,312,Need Attention
18010,United Kingdom,2011-03-28,2011-03-28,257,1,174.80,2,1,1,1,211,Hibernating
15223,United Kingdom,2009-12-05,2011-04-28,226,5,1117.10,2,4,3,4,243,At Risk
13048,United Kingdom,2010-01-27,2011-11-25,15,9,4000.08,5,5,5,5,555,Champions
13984,United Kingdom,2009-12-07,2011-11-13,27,12,1461.32,4,5,4,5,454,Champions
14205,United Kingdom,2010-03-07,2011-11-23,17,9,2156.30,5,5,4,5,554,Champions
14956,United Kingdom,2010-10-14,2010-10-14,422,1,1325.00,1,1,4,3,114,At Risk
17682,United Kingdom,2010-03-08,2011-11-29,11,11,4050.28,5,5,5,5,555,Champions
12656,France,2010-05-26,2011-11-22,18,8,5636.78,5,4,5,5,545,Champions
16131,United Kingdom,2009-12-02,2011-10-19,52,12,9866.27,4,5,5,5,455,Champions
17451,United Kingdom,2011-08-26,2011-12-08,2,7,1648.95,5,4,4,4,544,Champions
14844,United Kingdom,2010-04-12,2011-10-07,64,10,6688.43,3,5,5,5,355,Loyal Customers
15030,United Kingdom,2010-03-04,2011-09-29,72,8,1967.16,3,4,4,4,344,Loyal Customers
16269,United Kingdom,2010-09-28,2010-09-28,438,1,714.59,1,1,3,2,113,Lost
17707,United Kingdom,2009-12-07,2011-06-07,186,8,605.05,3,4,3,4,343,Loyal Customers
12495,Sweden,2010-03-09,2010-03-09,641,1,243.40,1,1,1,1,111,Lost
16293,United Kingdom,2009-12-11,2011-11-18,22,15,4253.45,4,5,5,5,455,Champions
17268,United Kingdom,2009-12-08,2011-08-24,108,11,1733.89,3,5,4,5,354,Loyal Customers
14856,United Kingdom,2011-10-14,2011-11-03,37,3,1290.53,4,3,4,4,434,Champions
13066,United Kingdom,2011-11-07,2011-11-15,25,2,430.90,4,2,2,2,422,Potential Loyalists
16912,United Kingdom,2009-12-09,2011-11-11,29,15,4420.86,4,5,5,5,455,Champions
16317,United Kingdom,2010-05-04,2011-08-12,120,5,2179.76,3,4,4,4,344,Loyal Customers
13397,United Kingdom,2010-01-20,2011-09-28,73,10,3103.07,3,5,5,5,355,Loyal Customers
13951,United Kingdom,2011-02-18,2011-06-16,177,3,674.45,3,3,3,3,333,Loyal Customers
14795,United Kingdom,2011-06-26,2011-06-26,167,1,131.45,3,1,1,1,311,About to Sleep
17705,United Kingdom,2010-05-12,2011-12-06,4,11,2041.50,5,5,4,5,554,Champions
15128,United Kingdom,2010-10-05,2011-10-10,61,5,1735.93,3,4,4,4,344,Loyal Customers
14050,United Kingdom,2011-08-25,2011-11-08,32,2,746.36,4,2,3,3,423,Loyal Customers
12421,Spain,2010-07-22,2011-11-24,16,6,869.60,5,4,3,4,543,Champions
16084,United Kingdom,2011-02-13,2011-02-13,300,1,436.18,2,1,2,2,212,Hibernating
14723,United Kingdom,2009-12-04,2011-11-29,11,11,1801.36,5,5,4,5,554,Champions
15123,United Kingdom,2010-03-16,2011-12-02,8,5,4656.17,5,4,5,5,545,Champions
13846,United Kingdom,2010-11-05,2011-11-15,25,4,1290.34,4,3,4,4,434,Champions
12803,Netherlands,2010-11-11,2010-11-11,394,1,1017.81,2,1,3,2,213,Hibernating
14883,United Kingdom,2011-05-12,2011-11-21,19,6,756.64,5,4,3,4,543,Champions
13800,United Kingdom,2009-12-03,2011-02-03,310,3,1679.56,2,3,4,4,234,At Risk
13259,United Kingdom,2010-01-10,2011-10-09,62,9,1398.79,3,5,4,5,354,Loyal Customers
16109,United Kingdom,2010-01-10,2011-05-05,219,3,923.58,2,3,3,3,233,At Risk
15312,United Kingdom,2009-12-16,2011-09-25,76,12,2916.49,3,5,5,5,355,Loyal Customers
12510,Spain,2009-12-04,2011-07-20,143,7,2989.33,3,4,5,5,345,Loyal Customers
16366,United Kingdom,2009-12-16,2011-11-21,19,4,1548.13,5,3,4,4,534,Champions
13813,Germany,2009-12-06,2011-10-31,40,8,2308.42,4,4,4,4,444,Champions
12810,Japan,2010-02-01,2010-06-23,535,2,534.99,1,2,2,2,122,Lost
14692,United Kingdom,2010-04-01,2011-07-25,138,12,1705.64,3,5,4,5,354,Loyal Customers
15092,United Kingdom,2010-09-03,2011-05-08,216,3,773.16,2,3,3,3,233,At Risk
13941,United Kingdom,2009-12-16,2011-11-18,22,15,9826.63,4,5,5,5,455,Champions
14903,United Kingdom,2011-03-06,2011-11-18,22,5,2729.18,4,4,4,4,444,Champions
15367,United Kingdom,2009-12-10,2011-10-13,58,11,5005.73,4,5,5,5,455,Champions
14210,United Kingdom,2010-01-06,2011-08-26,106,16,5509.37,3,5,5,5,355,Loyal Customers
14847,United Kingdom,2010-05-24,2011-07-14,149,3,1320.60,3,3,4,4,334,Loyal Customers
16362,United Kingdom,2010-09-28,2011-11-07,33,6,816.96,4,4,3,4,443,Champions
14431,United Kingdom,2010-01-21,2011-02-10,303,4,2567.10,2,3,4,4,234,At Risk
16518,United Kingdom,2010-06-01,2011-10-09,62,4,938.27,3,3,3,3,333,Loyal Customers
15429,United Kingdom,2011-09-25,2011-11-13,27,2,364.90,4,2,2,2,422,Potential Loyalists
13511,United Kingdom,2010-02-01,2010-02-01,677,1,244.61,1,1,1,1,111,Lost
12805,Netherlands,2010-02-03,2010-11-23,382,4,1230.95,2,3,4,4,234,At Risk
13761,United Kingdom,2010-02-21,2011-10-20,51,6,1952.17,4,4,4,4,444,Champions
16756,United Kingdom,2010-03-09,2011-05-09,215,7,1287.42,2,4,4,4,244,At Risk
12480,Germany,2010-07-20,2011-11-11,29,7,4805.10,4,4,5,5,445,Champions
17299,United Kingdom,2010-08-15,2011-11-28,12,6,993.23,5,4,3,4,543,Champions
14071,United Kingdom,2011-03-20,2011-12-06,4,8,1291.34,5,4,4,4,544,Champions
16003,United Kingdom,2009-12-03,2011-11-10,30,10,5613.83,4,5,5,5,455,Champions
17308,United Kingdom,2010-09-13,2010-11-11,394,2,4511.76,2,2,5,4,225,At Risk
16172,United Kingdom,2010-07-14,2011-09-05,96,8,1884.55,3,4,4,4,344,Loyal Customers
16193,United Kingdom,2010-10-25,2011-04-17,237,2,630.43,2,2,3,3,223,At Risk
16730,United Kingdom,2011-01-24,2011-10-18,53,3,702.79,4,3,3,3,433,Loyal Customers
14450,United Kingdom,2010-04-08,2011-06-12,181,7,1128.44,3,4,3,4,343,Loyal Customers
12801,Sweden,2010-07-27,2010-07-27,501,1,831.87,1,1,3,2,113,Lost
17096,United Kingdom,2010-06-02,2011-11-24,16,11,3629.58,5,5,5,5,555,Champions
14808,United Kingdom,2011-06-20,2011-10-31,40,8,2277.80,4,4,4,4,444,Champions
13068,United Kingdom,2011-01-24,2011-11-29,11,2,344.00,5,2,2,2,522,Potential Loyalists
16930,United Kingdom,2011-10-02,2011-11-13,27,3,378.89,4,3,2,3,432,Loyal Customers
12734,France,2010-11-12,2010-12-22,353,3,603.65,2,3,3,3,233,At Risk
16690,United Kingdom,2010-09-14,2011-09-28,73,4,336.08,3,3,2,3,332,Loyal Customers
12678,France,2010-01-07,2011-10-28,43,15,32165.13,4,5,5,5,455,Champions
13864,United Kingdom,2010-11-18,2010-11-18,387,1,662.40,2,1,3,2,213,Hibernating
16759,United Kingdom,2011-11-09,2011-12-02,8,3,772.84,5,3,3,3,533,Loyal Customers
12688,Israel,2011-08-18,2011-08-18,114,1,4873.81,3,1,5,3,315,Loyal Customers
17295,United Kingdom,2011-10-06,2011-11-11,29,3,547.00,4,3,2,3,432,Loyal Customers
18043,United Kingdom,2010-12-08,2011-11-15,25,3,529.29,4,3,2,3,432,Loyal Customers
12594,Italy,2010-03-03,2011-11-02,38,14,4862.51,4,5,5,5,455,Champions
14639,United Kingdom,2010-02-16,2011-10-18,53,9,4946.81,4,5,5,5,455,Champions
12376,Switzerland,2010-10-18,2010-11-15,390,2,383.15,2,2,2,2,222,Hibernating
17623,United Kingdom,2009-12-14,2011-11-07,33,7,2365.77,4,4,4,4,444,Champions
17603,United Kingdom,2009-12-10,2011-09-22,79,4,1671.18,3,3,4,4,334,Loyal Customers
13289,United Kingdom,2009-12-16,2009-12-16,724,1,307.95,1,1,2,2,112,Lost
12648,Germany,2010-01-07,2011-07-08,155,4,1024.00,3,3,3,3,333,Loyal Customers
17032,United Kingdom,2009-12-10,2010-04-15,604,5,2816.69,1,4,4,4,144,At Risk
14225,United Kingdom,2010-01-12,2010-10-01,435,4,2009.17,1,3,4,4,134,At Risk
15255,United Kingdom,2009-12-03,2011-10-04,67,9,3647.37,3,5,5,5,355,Loyal Customers
13931,United Kingdom,2009-12-03,2011-09-05,96,11,5250.78,3,5,5,5,355,Loyal Customers
14569,United Kingdom,2010-04-15,2011-12-08,2,4,597.33,5,3,3,3,533,Loyal Customers
15736,United Kingdom,2010-09-30,2010-09-30,436,2,1668.67,1,2,4,3,124,At Risk
14469,United Kingdom,2010-01-29,2010-10-19,417,4,2093.46,1,3,4,4,134,At Risk
16167,United Kingdom,2009-12-01,2010-10-21,415,5,1149.87,1,4,3,4,143,At Risk
15917,United Kingdom,2009-12-02,2011-04-06,248,5,530.17,2,4,2,3,242,At Risk
17522,United Kingdom,2011-05-05,2011-12-08,2,5,1066.15,5,4,3,4,543,Champions
16122,United Kingdom,2010-10-10,2011-09-27,74,6,895.62,3,4,3,4,343,Loyal Customers
15652,United Kingdom,2010-08-11,2011-09-09,92,5,1397.44,3,4,4,4,344,Loyal Customers
16889,United Kingdom,2010-05-23,2011-05-29,195,6,2526.65,2,4,4,4,244,At Risk
16171,United Kingdom,2011-10-11,2011-10-11,60,1,73.20,3,1,1,1,311,About to Sleep
14379,United Kingdom,2010-08-16,2011-10-26,45,4,1265.16,4,3,4,4,434,Champions
15730,United Kingdom,2010-10-04,2011-10-05,66,5,1708.18,3,4,4,4,344,Loyal Customers
15232,United Kingdom,2011-07-22,2011-08-18,114,2,612.06,3,2,3,3,323,Loyal Customers
13817,Germany,2010-12-23,2011-11-10,30,2,328.98,4,2,2,2,422,Potential Loyalists
14276,United Kingdom,2010-02-17,2011-09-02,99,7,1933.73,3,4,4,4,344,Loyal Customers
16060,United Kingdom,2010-08-02,2010-11-04,401,3,541.95,2,3,2,3,232,At Risk
14477,United Kingdom,2010-01-04,2011-11-20,20,7,1960.61,5,4,4,4,544,Champions
14297,United Kingdom,2011-03-10,2011-11-22,18,4,1290.48,5,3,4,4,534,Champions
12976,United Kingdom,2010-02-12,2011-05-12,212,8,3156.38,2,4,5,5,245,Cannot Lose Them
17508,Greece,2009-12-07,2011-03-04,281,8,4546.78,2,4,5,5,245,Cannot Lose Them
15703,United Kingdom,2011-03-20,2011-03-20,265,1,211.50,2,1,1,1,211,Hibernating
13669,United Kingdom,2010-10-28,2011-10-20,51,3,413.55,4,3,2,3,432,Loyal Customers
17951,United Kingdom,2010-10-31,2011-10-31,40,4,1322.88,4,3,4,4,434,Champions
13823,United Kingdom,2009-12-15,2011-11-21,19,7,3358.55,5,4,5,5,545,Champions
17681,United Kingdom,2010-01-15,2010-04-21,598,5,529.60,1,4,2,3,142,At Risk
14905,United Kingdom,2009-12-03,2011-07-05,158,8,1939.69,3,4,4,4,344,Loyal Customers
17337,United Kingdom,2011-02-02,2011-07-11,152,4,1896.06,3,3,4,4,334,Loyal Customers
16073,United Kingdom,2011-02-15,2011-02-15,298,1,94.35,2,1,1,1,211,Hibernating
12975,United Kingdom,2009-12-06,2010-09-29,437,6,1993.99,1,4,4,4,144,At Risk
16061,United Kingdom,2010-10-04,2010-10-04,432,1,44.95,1,1,1,1,111,Lost
17499,United Kingdom,2010-05-27,2011-02-23,290,2,1296.84,2,2,4,3,224,At Risk
17720,United Kingdom,2010-05-10,2011-11-13,27,10,2613.06,4,5,4,5,454,Champions
13257,United Kingdom,2010-09-29,2010-09-29,437,1,117.95,1,1,1,1,111,Lost
17406,United Kingdom,2009-12-06,2011-01-10,334,13,3874.00,2,5,5,5,255,Cannot Lose Them
15879,United Kingdom,2009-12-17,2010-10-31,405,4,1137.80,2,3,3,3,233,At Risk
14033,United Kingdom,2010-06-02,2010-06-02,556,1,109.44,1,1,1,1,111,Lost
12535,France,2011-06-06,2011-09-09,92,2,716.35,3,2,3,3,323,Loyal Customers
14088,United Kingdom,2010-10-14,2011-11-29,11,16,63731.63,5,5,5,5,555,Champions
17265,United Kingdom,2011-06-12,2011-07-24,139,2,550.01,3,2,2,2,322,Need Attention
17642,United Kingdom,2009-12-05,2011-08-12,120,5,1824.49,3,4,4,4,344,Loyal Customers
12418,Switzerland,2010-03-19,2011-08-19,113,4,2016.95,3,3,4,4,334,Loyal Customers
14034,United Kingdom,2011-07-05,2011-11-17,23,3,509.09,4,3,2,3,432,Loyal Customers
15919,United Kingdom,2010-12-06,2011-11-20,20,2,525.69,5,2,2,2,522,Potential Loyalists
15843,United Kingdom,2011-02-09,2011-02-09,304,1,118.95,2,1,1,1,211,Hibernating
16259,United Kingdom,2010-04-13,2010-10-25,411,3,340.94,1,3,2,3,132,At Risk
12389,Australia,2010-02-22,2010-11-02,403,3,1433.33,2,3,4,4,234,At Risk
14698,United Kingdom,2011-10-19,2011-12-08,2,5,1217.27,5,4,4,4,544,Champions
13154,United Kingdom,2009-12-04,2010-11-05,400,3,1609.29,2,3,4,4,234,At Risk
14841,United Kingdom,2009-12-02,2011-10-17,54,14,7163.00,4,5,5,5,455,Champions
13294,United Kingdom,2010-03-03,2011-06-03,190,3,1689.53,2,3,4,4,234,At Risk
13045,United Kingdom,2010-08-10,2011-09-01,100,3,808.92,3,3,3,3,333,Loyal Customers
14094,United Kingdom,2010-09-26,2010-09-26,440,1,310.82,1,1,2,2,112,Lost
14447,United Kingdom,2010-11-04,2011-11-21,19,6,1711.73,5,4,4,4,544,Champions
17995,United Kingdom,2010-11-17,2011-03-03,282,3,495.48,2,3,2,3,232,At Risk
15088,United Kingdom,2011-10-03,2011-11-18,22,2,1140.27,4,2,3,3,423,Loyal Customers
16261,United Kingdom,2010-09-23,2011-11-22,18,6,1041.16,5,4,3,4,543,Champions
14860,United Kingdom,2011-11-20,2011-11-20,20,1,168.62,5,1,1,1,511,New Customers
12897,United Kingdom,2010-06-14,2011-05-19,205,4,514.25,2,3,2,3,232,At Risk
14146,United Kingdom,2010-01-13,2011-12-01,9,12,8208.87,5,5,5,5,555,Champions
15888,United Kingdom,2010-07-01,2011-09-20,81,3,396.45,3,3,2,3,332,Loyal Customers
18239,United Kingdom,2010-10-13,2011-05-05,219,6,1712.26,2,4,4,4,244,At Risk
17171,United Kingdom,2010-02-16,2011-02-23,290,2,384.59,2,2,2,2,222,Hibernating
15600,United Kingdom,2010-04-25,2010-10-07,429,4,1178.71,1,3,4,4,134,At Risk
15083,United Kingdom,2011-03-28,2011-03-28,257,1,88.20,2,1,1,1,211,Hibernating
13422,United Kingdom,2011-10-06,2011-10-06,65,1,2601.55,3,1,4,3,314,Loyal Customers
15603,United Kingdom,2010-03-01,2011-09-22,79,2,74.73,3,2,1,2,321,Need Attention
16989,United Kingdom,2011-07-12,2011-12-02,8,6,1133.25,5,4,3,4,543,Champions
16696,United Kingdom,2011-04-05,2011-07-27,136,4,657.90,3,3,3,3,333,Loyal Customers
12970,United Kingdom,2009-12-04,2011-12-02,8,10,1452.54,5,5,4,5,554,Champions
15228,United Kingdom,2010-07-28,2011-10-04,67,6,5570.52,3,4,5,5,345,Loyal Customers
15297,United Kingdom,2011-10-07,2011-11-29,11,3,635.04,5,3,3,3,533,Loyal Customers
15113,United Kingdom,2011-10-16,2011-11-30,10,3,3339.12,5,3,5,4,535,Champions
15339,United Kingdom,2010-02-08,2011-10-04,67,7,1627.27,3,4,4,4,344,Loyal Customers
15155,United Kingdom,2010-11-21,2010-11-21,384,1,383.97,2,1,2,2,212,Hibernating
18205,United Kingdom,2011-09-26,2011-11-03,37,2,517.36,4,2,2,2,422,Potential Loyalists
15066,United Kingdom,2011-10-17,2011-10-17,54,1,760.59,4,1,3,2,413,Potential Loyalists
15068,United Kingdom,2010-03-28,2011-10-24,47,4,1174.90,4,3,3,3,433,Loyal Customers
15531,United Kingdom,2011-11-09,2011-12-01,9,2,1972.39,5,2,4,3,524,Loyal Customers
14669,United Kingdom,2009-12-02,2011-04-12,242,7,3216.78,2,4,5,5,245,Cannot Lose Them
12972,United Kingdom,2010-02-16,2010-10-22,414,4,1115.95,1,3,3,3,133,At Risk
14716,United Kingdom,2010-09-21,2011-10-27,44,3,543.28,4,3,2,3,432,Loyal Customers
13899,United Kingdom,2011-03-10,2011-11-23,17,2,388.52,5,2,2,2,522,Potential Loyalists
12878,United Kingdom,2011-03-18,2011-04-17,237,2,841.64,2,2,3,3,223,At Risk
13341,United Kingdom,2011-03-24,2011-03-24,261,1,775.85,2,1,3,2,213,Hibernating
17423,United Kingdom,2010-11-11,2011-10-24,47,3,1084.17,4,3,3,3,433,Loyal Customers
13197,United Kingdom,2010-04-09,2010-04-09,610,1,373.01,1,1,2,2,112,Lost
18240,United Kingdom,2011-10-24,2011-10-24,47,1,422.58,4,1,2,2,412,Potential Loyalists
17500,United Kingdom,2011-11-10,2011-11-22,18,3,1138.00,5,3,3,3,533,Loyal Customers
17560,United Kingdom,2010-02-17,2011-09-06,95,8,1895.80,3,4,4,4,344,Loyal Customers
17579,United Kingdom,2010-05-10,2011-12-05,5,4,744.58,5,3,3,3,533,Loyal Customers
16308,United Kingdom,2009-12-15,2011-11-02,38,7,5120.00,4,4,5,5,445,Champions
16417,United Kingdom,2010-08-04,2010-08-04,493,1,35.70,1,1,1,1,111,Lost
18189,United Kingdom,2010-03-24,2011-09-23,78,3,1396.58,3,3,4,4,334,Loyal Customers
15168,United Kingdom,2011-11-14,2011-11-14,26,1,106.56,4,1,1,1,411,Promising
18006,United Kingdom,2009-12-17,2011-11-16,24,4,969.51,4,3,3,3,433,Loyal Customers
17232,United Kingdom,2011-11-25,2011-12-07,3,2,417.77,5,2,2,2,522,Potential Loyalists
13760,United Kingdom,2010-04-25,2011-10-16,55,5,1358.64,4,4,4,4,444,Champions
16404,United Kingdom,2011-09-30,2011-09-30,71,1,430.30,3,1,2,2,312,Need Attention
12932,United Kingdom,2010-02-10,2010-06-18,540,8,1698.56,1,4,4,4,144,At Risk
17473,United Kingdom,2010-09-09,2010-10-27,409,2,592.15,2,2,3,3,223,At Risk
17489,United Kingdom,2011-05-11,2011-10-12,59,2,376.64,4,2,2,2,422,Potential Loyalists
15379,United Kingdom,2010-11-04,2011-06-23,170,8,4806.44,3,4,5,5,345,Loyal Customers
14268,United Kingdom,2010-08-26,2010-08-26,471,1,354.85,1,1,2,2,112,Lost
13121,United Kingdom,2011-03-15,2011-03-15,270,1,254.73,2,1,1,1,211,Hibernating
18143,United Kingdom,2011-07-21,2011-08-15,117,2,1000.16,3,2,3,3,323,Loyal Customers
16427,United Kingdom,2011-02-28,2011-03-21,264,2,241.06,2,2,1,2,221,Hibernating
17740,United Kingdom,2010-01-11,2010-11-15,390,6,426.90,2,4,2,3,242,At Risk
15130,United Kingdom,2011-06-23,2011-06-23,170,1,330.11,3,1,2,2,312,Need Attention
16031,United Kingdom,2011-04-06,2011-09-08,93,2,547.90,3,2,2,2,322,Need Attention
12473,Germany,2011-06-01,2011-10-17,54,3,2545.27,4,3,4,4,434,Champions
14495,United Kingdom,2010-02-18,2011-10-20,51,3,166.30,4,3,1,2,431,Potential Loyalists
15695,United Kingdom,2010-01-27,2011-03-18,267,4,1131.04,2,3,3,3,233,At Risk
17116,United Kingdom,2010-03-01,2010-03-01,649,1,389.78,1,1,2,2,112,Lost
13042,United Kingdom,2009-12-07,2010-04-20,599,3,1454.84,1,3,4,4,134,At Risk
14627,United Kingdom,2010-11-25,2010-11-25,380,1,406.40,2,1,2,2,212,Hibernating
13469,United Kingdom,2010-02-24,2010-02-24,654,1,82.40,1,1,1,1,111,Lost
15047,United Kingdom,2011-03-15,2011-03-15,270,1,343.62,2,1,2,2,212,Hibernating
17862,United Kingdom,2010-05-25,2011-01-20,324,4,1254.89,2,3,4,4,234,At Risk
14943,United Kingdom,2010-02-14,2010-02-14,664,1,107.62,1,1,1,1,111,Lost
12852,United Kingdom,2011-02-18,2011-02-18,295,1,299.75,2,1,2,2,212,Hibernating
14886,United Kingdom,2011-04-01,2011-04-01,253,1,364.80,2,1,2,2,212,Hibernating
15908,United Kingdom,2010-07-15,2010-08-06,491,2,758.62,1,2,3,3,123,At Risk
15412,United Kingdom,2011-06-21,2011-06-21,172,1,190.53,3,1,1,1,311,About to Sleep
18142,United Kingdom,2011-05-08,2011-07-05,158,2,1014.90,3,2,3,3,323,Loyal Customers
18048,United Kingdom,2010-08-03,2011-05-20,204,3,394.93,2,3,2,3,232,At Risk
16521,United Kingdom,2010-03-01,2010-10-20,416,3,1136.36,1,3,3,3,133,At Risk
14070,United Kingdom,2010-01-24,2010-01-24,685,1,321.60,1,1,2,2,112,Lost
16075,United Kingdom,2010-05-24,2010-07-25,503,2,726.98,1,2,3,3,123,At Risk
16707,United Kingdom,2010-03-09,2010-11-04,401,4,533.41,2,3,2,3,232,At Risk
14136,United Kingdom,2009-12-08,2010-11-04,401,5,1553.96,2,4,4,4,244,At Risk
14875,United Kingdom,2010-09-24,2011-08-24,108,3,2850.50,3,3,5,4,335,Loyal Customers
16721,United Kingdom,2011-03-22,2011-03-22,263,1,292.47,2,1,2,2,212,Hibernating
18038,United Kingdom,2010-06-01,2010-06-01,557,1,141.48,1,1,1,1,111,Lost
15931,United Kingdom,2010-10-07,2010-10-07,429,1,239.90,1,1,1,1,111,Lost
12458,Switzerland,2010-08-09,2011-09-29,72,4,1502.49,3,3,4,4,334,Loyal Customers
17845,United Kingdom,2010-05-12,2010-06-02,556,4,596.09,1,3,3,3,133,At Risk
14353,United Kingdom,2010-10-04,2011-05-08,216,3,376.50,2,3,2,3,232,At Risk
17453,United Kingdom,2011-10-06,2011-11-22,18,2,486.72,5,2,2,2,522,Potential Loyalists
15560,United Kingdom,2010-11-07,2010-11-07,398,2,153.52,2,2,1,2,221,Hibernating
14393,United Kingdom,2011-05-05,2011-05-05,219,1,67.95,2,1,1,1,211,Hibernating
12582,Finland,2010-05-11,2011-04-15,239,4,1820.40,2,3,4,4,234,At Risk
15866,United Kingdom,2011-08-30,2011-08-30,102,1,211.89,3,1,1,1,311,About to Sleep
14965,United Kingdom,2011-09-04,2011-09-04,97,2,596.09,3,2,3,3,323,Loyal Customers
12702,Germany,2011-11-20,2011-11-20,20,1,201.00,5,1,1,1,511,New Customers
13574,United Kingdom,2010-10-24,2010-10-24,412,1,404.45,1,1,2,2,112,Lost
17012,United Kingdom,2009-12-14,2009-12-14,726,1,360.61,1,1,2,2,112,Lost
16113,United Kingdom,2011-06-09,2011-06-09,184,1,161.38,3,1,1,1,311,About to Sleep
14376,United Kingdom,2010-01-25,2010-01-25,684,1,215.46,1,1,1,1,111,Lost
18138,United Kingdom,2011-02-17,2011-02-17,296,1,152.65,2,1,1,1,211,Hibernating
13017,United Kingdom,2011-12-02,2011-12-02,8,1,204.00,5,1,1,1,511,New Customers
12959,United Kingdom,2010-08-12,2010-08-12,485,1,150.95,1,1,1,1,111,Lost
13535,United Kingdom,2010-11-02,2010-11-02,403,1,89.50,2,1,1,1,211,Hibernating
14010,United Kingdom,2010-05-23,2010-05-23,566,2,288.10,1,2,2,2,122,Lost
14405,United Kingdom,2010-11-18,2010-11-18,387,1,195.00,2,1,1,1,211,Hibernating
16663,United Kingdom,2009-12-10,2009-12-10,730,1,165.00,1,1,1,1,111,Lost
14576,United Kingdom,2010-12-02,2010-12-02,373,1,35.40,2,1,1,1,211,Hibernating
16236,United Kingdom,2011-09-22,2011-09-22,79,1,432.20,3,1,2,2,312,Need Attention
15053,United Kingdom,2011-03-03,2011-12-05,5,3,693.95,5,3,3,3,533,Loyal Customers
13235,United Kingdom,2011-05-11,2011-05-11,213,1,1031.07,2,1,3,2,213,Hibernating
17455,United Kingdom,2011-05-20,2011-05-20,204,1,131.70,2,1,1,1,211,Hibernating
18234,United Kingdom,2010-06-06,2010-06-06,552,1,179.60,1,1,1,1,111,Lost
15316,United Kingdom,2011-01-17,2011-01-17,327,1,165.00,2,1,1,1,211,Hibernating
17205,United Kingdom,2010-05-24,2011-10-17,54,3,999.35,4,3,3,3,433,Loyal Customers
12848,United Kingdom,2010-02-02,2010-02-02,676,1,208.00,1,1,1,1,111,Lost
15204,United Kingdom,2010-12-17,2010-12-17,358,1,316.58,2,1,2,2,212,Hibernating
13345,United Kingdom,2011-02-25,2011-02-25,288,1,327.60,2,1,2,2,212,Hibernating
12713,Germany,2011-12-09,2011-12-09,1,1,794.55,5,1,3,2,513,Potential Loyalists
14991,United Kingdom,2010-10-05,2010-10-05,431,1,314.67,1,1,2,2,112,Lost
12385,Belgium,2010-11-25,2010-11-25,380,1,1668.40,2,1,4,3,214,At Risk
17875,United Kingdom,2010-01-20,2010-01-20,689,1,167.10,1,1,1,1,111,Lost
16315,United Kingdom,2010-06-21,2011-01-13,331,2,402.71,2,2,2,2,222,Hibernating
15090,United Kingdom,2011-02-04,2011-02-04,309,1,381.32,2,1,2,2,212,Hibernating
13858,United Kingdom,2011-10-13,2011-10-13,58,1,216.17,4,1,1,1,411,Promising
14453,United Kingdom,2011-06-02,2011-06-02,191,1,119.93,2,1,1,1,211,Hibernating
16502,United Kingdom,2010-03-29,2010-03-29,621,2,258.55,1,2,1,2,121,Lost
14919,United Kingdom,2010-06-18,2010-06-18,540,1,359.35,1,1,2,2,112,Lost
15226,United Kingdom,2011-02-02,2011-02-02,311,1,154.41,2,1,1,1,211,Hibernating
13640,United Kingdom,2010-04-07,2010-04-07,612,1,405.00,1,1,2,2,112,Lost
17877,United Kingdom,2011-06-22,2011-06-22,171,1,237.61,3,1,1,1,311,About to Sleep
13894,United Kingdom,2011-02-02,2011-11-16,24,3,535.97,4,3,2,3,432,Loyal Customers
15968,United Kingdom,2010-11-16,2010-11-16,389,1,401.80,2,1,2,2,212,Hibernating
16749,United Kingdom,2009-12-15,2010-04-27,592,2,4157.88,1,2,5,4,125,At Risk
13687,United Kingdom,2010-09-27,2010-09-27,439,1,11880.84,1,1,5,3,115,At Risk
16527,United Kingdom,2010-10-11,2011-09-19,82,2,1232.94,3,2,4,3,324,Loyal Customers
12871,United Kingdom,2010-09-26,2011-09-16,85,3,744.02,3,3,3,3,333,Loyal Customers
12914,United Kingdom,2010-11-04,2010-11-04,401,1,223.98,2,1,1,1,211,Hibernating
15848,United Kingdom,2010-03-28,2010-03-28,622,1,137.99,1,1,1,1,111,Lost
17292,United Kingdom,2010-05-09,2010-08-24,473,2,271.75,1,2,1,2,121,Lost
15733,United Kingdom,2011-03-02,2011-03-02,283,1,162.30,2,1,1,1,211,Hibernating
14054,United Kingdom,2011-10-05,2011-10-05,66,1,92.46,3,1,1,1,311,About to Sleep
12946,United Kingdom,2010-09-29,2010-09-29,437,1,324.45,1,1,2,2,112,Lost
17009,United Kingdom,2010-06-06,2010-06-06,552,1,242.06,1,1,1,1,111,Lost
13670,United Kingdom,2011-09-25,2011-09-25,76,1,349.70,3,1,2,2,312,Need Attention
15610,United Kingdom,2011-10-19,2011-10-19,52,1,112.46,4,1,1,1,411,Promising
14185,United Kingdom,2011-01-12,2011-01-12,332,1,197.65,2,1,1,1,211,Hibernating
14677,United Kingdom,2010-04-26,2010-04-26,593,1,184.91,1,1,1,1,111,Lost
17840,United Kingdom,2010-09-22,2010-09-22,444,1,175.90,1,1,1,1,111,Lost
14069,United Kingdom,2010-05-27,2010-07-13,515,2,225.81,1,2,1,2,121,Lost
12392,Australia,2010-04-27,2010-04-27,592,1,234.75,1,1,1,1,111,Lost
15647,United Kingdom,2010-10-20,2010-10-20,416,1,169.00,1,1,1,1,111,Lost
16662,United Kingdom,2010-11-10,2010-11-10,395,1,151.05,2,1,1,1,211,Hibernating
15707,United Kingdom,2011-09-14,2011-11-04,36,4,916.98,4,3,3,3,433,Loyal Customers
15200,United Kingdom,2010-08-02,2010-08-02,495,1,549.05,1,1,2,2,112,Lost
15236,United Kingdom,2011-02-14,2011-02-14,299,1,321.05,2,1,2,2,212,Hibernating
14613,United Kingdom,2010-01-28,2010-01-28,681,1,76.32,1,1,1,1,111,Lost
16896,United Kingdom,2010-06-02,2010-06-02,556,1,103.95,1,1,1,1,111,Lost
17192,United Kingdom,2010-06-21,2010-06-21,537,1,75.28,1,1,1,1,111,Lost
18159,United Kingdom,2011-02-11,2011-02-11,302,1,530.15,2,1,2,2,212,Hibernating
15739,United Kingdom,2011-10-04,2011-10-04,67,1,449.12,3,1,2,2,312,Need Attention
16505,United Kingdom,2011-11-08,2011-11-08,32,1,777.60,4,1,3,2,413,Potential Loyalists
15927,United Kingdom,2010-03-02,2010-03-02,648,1,106.54,1,1,1,1,111,Lost
15893,United Kingdom,2010-08-15,2010-08-15,482,1,305.28,1,1,2,2,112,Lost
14911,EIRE,2009-12-01,2011-12-08,2,373,258522.43,5,5,5,5,555,Champions
16543,United Kingdom,2010-04-27,2010-04-27,592,1,277.81,1,1,2,2,112,Lost
15012,United Kingdom,2010-05-12,2011-10-17,54,3,646.26,4,3,3,3,433,Loyal Customers
13650,United Kingdom,2010-01-26,2011-11-23,17,10,3098.50,5,5,5,5,555,Champions
14745,United Kingdom,2010-03-12,2011-08-19,113,12,2471.06,3,5,4,5,354,Loyal Customers
16458,United Kingdom,2010-05-26,2011-12-07,3,30,5690.89,5,5,5,5,555,Champions
14634,United Kingdom,2010-06-16,2010-09-28,438,4,1971.82,1,3,4,4,134,At Risk
17704,United Kingdom,2011-04-14,2011-06-24,169,2,885.19,3,2,3,3,323,Loyal Customers
16743,United Kingdom,2010-04-22,2011-11-10,30,14,4165.90,4,5,5,5,455,Champions
15939,United Kingdom,2010-11-30,2011-09-11,90,15,8992.09,3,5,5,5,355,Loyal Customers
14562,United Kingdom,2010-02-07,2011-12-06,4,26,6314.30,5,5,5,5,555,Champions
13142,United Kingdom,2011-11-20,2011-11-20,20,1,307.09,5,1,2,2,512,Potential Loyalists
14216,United Kingdom,2010-10-21,2011-12-06,4,5,2142.39,5,4,4,4,544,Champions
16076,United Kingdom,2011-05-15,2011-12-06,4,10,2173.53,5,5,4,5,554,Champions
15804,United Kingdom,2011-05-25,2011-12-09,1,13,3848.55,5,5,5,5,555,Champions
18074,United Kingdom,2010-07-22,2010-12-01,374,2,1019.44,2,2,3,3,223,At Risk
17850,United Kingdom,2009-12-05,2010-12-02,373,155,50407.77,2,5,5,5,255,Cannot Lose Them
16442,United Kingdom,2009-12-13,2011-12-08,2,5,891.98,5,4,3,4,543,Champions
15235,United Kingdom,2010-11-16,2011-05-06,218,16,2772.76,2,5,4,5,254,Cannot Lose Them
16134,United Kingdom,2010-06-17,2011-11-18,22,5,2119.99,4,4,4,4,444,Champions
17358,United Kingdom,2010-02-24,2011-02-09,304,5,861.01,2,4,3,4,243,At Risk
17797,United Kingdom,2009-12-15,2011-11-17,23,8,1971.87,4,4,4,4,444,Champions
14365,United Kingdom,2010-01-27,2010-11-10,395,2,634.68,2,2,3,3,223,At Risk
14390,United Kingdom,2010-10-10,2011-11-29,11,13,6079.48,5,5,5,5,555,Champions
16735,United Kingdom,2009-12-08,2011-09-22,79,14,5578.86,3,5,5,5,355,Loyal Customers
17864,United Kingdom,2010-10-08,2011-11-27,13,5,876.57,5,4,3,4,543,Champions
12553,France,2010-10-12,2011-12-01,9,12,4044.82,5,5,5,5,555,Champions
15051,United Kingdom,2009-12-01,2011-11-16,24,9,3911.91,4,5,5,5,455,Champions
13263,United Kingdom,2010-10-22,2011-12-08,2,38,8650.98,5,5,5,5,555,Champions
16803,United Kingdom,2011-10-05,2011-10-05,66,1,332.30,3,1,2,2,312,Need Attention
14121,United Kingdom,2011-10-11,2011-12-06,4,4,2740.30,5,3,4,4,534,Champions
17350,United Kingdom,2010-02-01,2011-12-01,9,7,1863.82,5,4,4,4,544,Champions
17839,United Kingdom,2011-10-28,2011-10-28,43,1,318.15,4,1,2,2,412,Potential Loyalists
13381,United Kingdom,2009-12-01,2011-11-08,32,12,8185.02,4,5,5,5,455,Champions
16755,United Kingdom,2009-12-09,2011-08-17,115,7,2846.13,3,4,5,5,345,Loyal Customers
17412,United Kingdom,2009-12-02,2011-12-07,3,16,4187.68,5,5,5,5,555,Champions
16099,United Kingdom,2010-03-03,2011-10-20,51,7,1568.25,4,4,4,4,444,Champions
15015,United Kingdom,2009-12-14,2010-07-26,502,13,2255.27,1,5,4,5,154,Cannot Lose Them
14514,United Kingdom,2009-12-13,2011-10-09,62,9,4375.79,3,5,5,5,355,Loyal Customers
17068,United Kingdom,2010-03-28,2011-11-27,13,47,8945.53,5,5,5,5,555,Champions
18026,United Kingdom,2010-07-22,2010-07-27,501,2,2074.07,1,2,4,3,124,At Risk
13329,United Kingdom,2009-12-04,2011-11-08,32,8,4672.82,4,4,5,5,445,Champions
13888,United Kingdom,2010-05-13,2011-08-12,120,7,2001.59,3,4,4,4,344,Loyal Customers
13078,United Kingdom,2009-12-01,2011-12-06,4,57,28369.44,5,5,5,5,555,Champions
16877,United Kingdom,2011-05-15,2011-11-27,13,6,846.62,5,4,3,4,543,Champions
13711,United Kingdom,2009-12-15,2011-05-05,219,9,1632.61,2,5,4,5,254,Cannot Lose Them
17908,United Kingdom,2009-12-14,2010-12-01,374,5,1088.82,2,4,3,4,243,At Risk
12836,United Kingdom,2009-12-01,2011-10-11,60,15,6520.58,3,5,5,5,355,Loyal Customers
12809,Portugal,2010-03-02,2011-06-15,178,3,1333.74,3,3,4,4,334,Loyal Customers
13327,United Kingdom,2009-12-18,2011-11-01,39,19,8914.42,4,5,5,5,455,Champions
18200,United Kingdom,2011-08-25,2011-08-25,107,1,150.35,3,1,1,1,311,About to Sleep
13090,United Kingdom,2010-08-02,2011-12-01,9,23,12744.93,5,5,5,5,555,Champions
17160,United Kingdom,2009-12-04,2011-11-08,32,17,10201.36,4,5,5,5,455,Champions
16531,United Kingdom,2010-09-24,2011-11-17,23,11,2263.58,4,5,4,5,454,Champions
17019,United Kingdom,2009-12-02,2011-11-28,12,11,3526.29,5,5,5,5,555,Champions
14688,United Kingdom,2010-09-09,2011-12-02,8,28,6666.93,5,5,5,5,555,Champions
16120,United Kingdom,2010-10-13,2011-10-11,60,6,2952.51,3,4,5,5,345,Loyal Customers
14020,United Kingdom,2010-06-28,2011-11-23,17,4,1213.26,5,3,4,4,534,Champions
12397,Belgium,2011-07-27,2011-11-04,36,2,2214.90,4,2,4,3,424,Loyal Customers
13230,United Kingdom,2010-03-18,2011-12-05,5,30,6065.95,5,5,5,5,555,Champions
14193,United Kingdom,2010-11-08,2011-10-03,68,3,1210.19,3,3,4,4,334,Loyal Customers
15485,United Kingdom,2009-12-01,2011-11-09,31,7,4663.92,4,4,5,5,445,Champions
14653,United Kingdom,2009-12-02,2011-12-08,2,11,3404.80,5,5,5,5,555,Champions
15189,United Kingdom,2010-07-18,2011-12-08,2,46,17101.13,5,5,5,5,555,Champions
17237,United Kingdom,2010-11-23,2011-11-28,12,4,994.13,5,3,3,3,533,Loyal Customers
15454,United Kingdom,2010-03-31,2010-12-12,363,2,303.89,2,2,2,2,222,Hibernating
12464,Belgium,2011-02-03,2011-11-29,11,8,957.05,5,4,3,4,543,Champions
17143,United Kingdom,2010-07-12,2010-10-18,418,2,880.97,1,2,3,3,123,At Risk
16689,United Kingdom,2011-09-18,2011-09-25,76,2,355.10,3,2,2,2,322,Need Attention
14750,United Kingdom,2009-12-03,2009-12-03,737,1,112.03,1,1,1,1,111,Lost
15008,United Kingdom,2010-03-12,2010-08-16,481,2,360.00,1,2,2,2,122,Lost
16309,United Kingdom,2011-04-13,2011-08-25,107,2,686.67,3,2,3,3,323,Loyal Customers
14309,United Kingdom,2010-06-07,2011-12-01,9,11,3747.96,5,5,5,5,555,Champions
15628,United Kingdom,2009-12-13,2011-12-05,5,17,5284.18,5,5,5,5,555,Champions
15945,United Kingdom,2009-12-01,2010-12-09,366,4,646.27,2,3,3,3,233,At Risk
15187,United Kingdom,2011-05-11,2011-12-08,2,15,4655.08,5,5,5,5,555,Champions
14709,United Kingdom,2009-12-05,2011-11-24,16,25,8866.48,5,5,5,5,555,Champions
14318,United Kingdom,2010-09-05,2010-09-05,461,1,158.02,1,1,1,1,111,Lost
14952,United Kingdom,2009-12-03,2011-10-11,60,32,17347.25,3,5,5,5,355,Loyal Customers
18044,United Kingdom,2010-05-28,2011-12-05,5,18,3502.66,5,5,5,5,555,Champions
12827,United Kingdom,2011-10-26,2011-12-04,6,3,430.15,5,3,2,3,532,Loyal Customers
13768,United Kingdom,2009-12-09,2009-12-13,727,2,758.07,1,2,3,3,123,At Risk
16907,United Kingdom,2010-07-01,2011-11-10,30,9,1470.89,4,5,4,5,454,Champions
17307,United Kingdom,2010-01-19,2010-11-09,396,11,3378.31,2,5,5,5,255,Cannot Lose Them
15034,United Kingdom,2010-05-11,2011-11-24,16,14,8200.25,5,5,5,5,555,Champions
16837,United Kingdom,2011-04-08,2011-11-08,32,11,3167.73,4,5,5,5,455,Champions
13107,United Kingdom,2010-02-04,2011-10-26,45,9,5109.62,4,5,5,5,455,Champions
16083,United Kingdom,2010-11-16,2011-08-31,101,4,2351.42,3,3,4,4,334,Loyal Customers
14699,United Kingdom,2010-07-02,2011-05-09,215,4,702.60,2,3,3,3,233,At Risk
14092,United Kingdom,2009-12-16,2011-12-02,8,24,7215.64,5,5,5,5,555,Champions
15658,United Kingdom,2009-12-03,2011-06-02,191,8,1964.14,2,4,4,4,244,At Risk
15827,United Kingdom,2010-01-08,2011-09-27,74,28,3247.09,3,5,5,5,355,Loyal Customers
18073,United Kingdom,2011-05-26,2011-08-17,115,12,3846.74,3,5,5,5,355,Loyal Customers
15755,United Kingdom,2009-12-04,2011-11-29,11,17,5936.95,5,5,5,5,555,Champions
12712,Germany,2009-12-09,2011-11-11,29,21,5801.78,4,5,5,5,455,Champions
13975,United Kingdom,2010-02-02,2011-11-08,32,12,5224.85,4,5,5,5,455,Champions
17396,United Kingdom,2010-09-24,2011-10-31,40,13,8159.10,4,5,5,5,455,Champions
15836,United Kingdom,2011-10-20,2011-10-20,51,1,117.47,4,1,1,1,411,Promising
13074,United Kingdom,2009-12-16,2010-07-16,512,4,1362.84,1,3,4,4,134,At Risk
16677,United Kingdom,2010-02-25,2010-10-24,412,2,849.77,1,2,3,3,123,At Risk
15181,United Kingdom,2009-12-08,2011-10-04,67,5,957.65,3,4,3,4,343,Loyal Customers
13615,United Kingdom,2010-01-28,2011-01-25,319,8,6212.23,2,4,5,5,245,Cannot Lose Them
15461,United Kingdom,2010-03-18,2010-09-05,461,2,391.30,1,2,2,2,122,Lost
13481,United Kingdom,2009-12-04,2011-10-25,46,11,3803.09,4,5,5,5,455,Champions
16734,United Kingdom,2011-08-17,2011-10-18,53,3,646.76,4,3,3,3,433,Loyal Customers
15373,United Kingdom,2010-05-02,2011-12-01,9,17,2881.74,5,5,5,5,555,Champions
16658,United Kingdom,2010-03-30,2010-12-06,369,5,563.48,2,4,2,3,242,At Risk
15110,United Kingdom,2010-08-11,2011-11-16,24,6,1482.95,4,4,4,4,444,Champions
18130,United Kingdom,2011-10-13,2011-11-24,16,3,1045.74,5,3,3,3,533,Loyal Customers
13979,United Kingdom,2009-12-03,2011-09-27,74,7,3284.23,3,4,5,5,345,Loyal Customers
16087,United Kingdom,2010-01-19,2010-11-15,390,5,1739.92,2,4,4,4,244,At Risk
13282,United Kingdom,2010-10-29,2011-11-21,19,4,1228.89,5,3,4,4,534,Champions
13081,United Kingdom,2009-12-08,2011-11-28,12,28,55968.97,5,5,5,5,555,Champions
16392,United Kingdom,2010-05-27,2011-03-15,270,3,755.45,2,3,3,3,233,At Risk
16326,United Kingdom,2010-01-28,2011-12-04,6,24,4601.25,5,5,5,5,555,Champions
14704,United Kingdom,2010-03-25,2011-11-20,20,9,1720.58,5,5,4,5,554,Champions
14660,United Kingdom,2011-08-31,2011-09-14,87,2,285.74,3,2,2,2,322,Need Attention
12444,Norway,2011-06-21,2011-11-18,22,5,4085.46,4,4,5,5,445,Champions
14396,United Kingdom,2009-12-02,2011-10-05,66,7,1969.38,3,4,4,4,344,Loyal Customers
12585,Germany,2010-12-23,2011-04-19,235,2,1766.81,2,2,4,3,224,At Risk
15881,United Kingdom,2010-12-10,2011-01-31,313,5,438.24,2,4,2,3,242,At Risk
14492,United Kingdom,2010-03-30,2010-10-05,431,7,1574.36,1,4,4,4,144,At Risk
14458,United Kingdom,2010-11-24,2010-11-24,381,1,219.27,2,1,1,1,211,Hibernating
17564,United Kingdom,2011-09-20,2011-11-15,25,3,454.01,4,3,2,3,432,Loyal Customers
16361,United Kingdom,2011-09-29,2011-11-30,10,4,891.21,5,3,3,3,533,Loyal Customers
15814,United Kingdom,2010-04-15,2011-11-23,17,6,2531.84,5,4,4,4,544,Champions
14430,United Kingdom,2010-04-11,2010-07-16,512,3,992.10,1,3,3,3,133,At Risk
17261,United Kingdom,2010-07-18,2010-07-18,510,1,221.59,1,1,1,1,111,Lost
14872,United Kingdom,2010-03-16,2010-08-13,484,3,802.68,1,3,3,3,133,At Risk
13149,United Kingdom,2011-02-23,2011-11-25,15,4,1676.06,5,3,4,4,534,Champions
17701,United Kingdom,2011-04-01,2011-04-01,253,1,417.95,2,1,2,2,212,Hibernating
12580,Germany,2010-05-12,2011-04-07,247,2,962.90,2,2,3,3,223,At Risk
17189,United Kingdom,2009-12-02,2011-08-25,107,5,953.63,3,4,3,4,343,Loyal Customers
16338,United Kingdom,2011-07-05,2011-07-05,158,1,214.80,3,1,1,1,311,About to Sleep
12576,Poland,2010-07-01,2011-11-04,36,8,2003.87,4,4,4,4,444,Champions
17615,United Kingdom,2010-08-11,2011-08-01,131,6,714.30,3,4,3,4,343,Loyal Customers
14916,United Kingdom,2010-04-01,2011-09-30,71,8,2888.21,3,4,5,5,345,Loyal Customers
16797,United Kingdom,2009-12-02,2010-11-11,394,5,1761.02,2,4,4,4,244,At Risk
18077,United Kingdom,2009-12-07,2011-12-01,9,18,4078.79,5,5,5,5,555,Champions
18002,United Kingdom,2009-12-08,2010-11-29,376,4,237.62,2,3,1,2,231,Hibernating
17054,United Kingdom,2011-04-08,2011-11-11,29,5,1353.83,4,4,4,4,444,Champions
17805,United Kingdom,2010-04-08,2011-09-27,74,2,927.03,3,2,3,3,323,Loyal Customers
12728,France,2010-11-21,2011-09-29,72,5,926.17,3,4,3,4,343,Loyal Customers
12939,United Kingdom,2010-01-12,2011-10-06,65,20,25264.80,3,5,5,5,355,Loyal Customers
16688,United Kingdom,2011-10-10,2011-12-08,2,4,1260.86,5,3,4,4,534,Champions
14766,United Kingdom,2010-06-06,2011-12-01,9,11,6301.88,5,5,5,5,555,Champions
14833,United Kingdom,2010-07-29,2010-07-29,499,1,94.80,1,1,1,1,111,Lost
13247,United Kingdom,2011-09-18,2011-11-22,18,4,501.12,5,3,2,3,532,Loyal Customers
12602,France,2011-10-12,2011-10-12,59,1,153.12,4,1,1,1,411,Promising
13974,United Kingdom,2010-05-06,2011-10-21,50,2,663.52,4,2,3,3,423,Loyal Customers
13837,United Kingdom,2011-01-26,2011-05-12,212,2,266.59,2,2,1,2,221,Hibernating
17791,United Kingdom,2011-11-10,2011-11-10,30,1,106.10,4,1,1,1,411,Promising
12889,United Kingdom,2010-07-25,2010-11-23,382,4,365.66,2,3,2,3,232,At Risk
15086,United Kingdom,2010-03-24,2010-05-24,565,2,218.53,1,2,1,2,121,Lost
13254,United Kingdom,2010-11-28,2010-11-28,377,1,51.41,2,1,1,1,211,Hibernating
14738,United Kingdom,2009-12-07,2011-10-28,43,9,1763.64,4,5,4,5,454,Champions
15759,United Kingdom,2009-12-02,2011-05-05,219,7,810.98,2,4,3,4,243,At Risk
13058,United Kingdom,2011-07-11,2011-11-15,25,3,271.40,4,3,1,2,431,Potential Loyalists
16714,United Kingdom,2010-02-07,2011-01-26,318,3,1209.38,2,3,4,4,234,At Risk
13513,United Kingdom,2010-02-22,2011-08-05,127,3,796.99,3,3,3,3,333,Loyal Customers
17344,United Kingdom,2009-12-11,2011-10-24,47,2,443.86,4,2,2,2,422,Potential Loyalists
13130,United Kingdom,2011-09-06,2011-09-06,95,1,64.00,3,1,1,1,311,About to Sleep
12885,United Kingdom,2011-08-08,2011-10-07,64,3,1158.27,3,3,3,3,333,Loyal Customers
13587,United Kingdom,2010-02-14,2011-10-07,64,4,1308.10,3,3,4,4,334,Loyal Customers
18244,United Kingdom,2010-07-25,2010-10-05,431,2,568.64,1,2,2,2,122,Lost
17425,United Kingdom,2011-10-10,2011-11-20,20,2,759.17,5,2,3,3,523,Loyal Customers
15785,United Kingdom,2009-12-15,2011-11-07,33,16,5825.33,4,5,5,5,455,Champions
16043,United Kingdom,2010-08-15,2011-11-02,38,8,1856.59,4,4,4,4,444,Champions
16614,United Kingdom,2010-05-10,2011-06-10,183,3,1179.79,3,3,4,4,334,Loyal Customers
17962,United Kingdom,2010-01-13,2011-07-20,143,4,651.51,3,3,3,3,333,Loyal Customers
16174,United Kingdom,2010-04-15,2011-08-05,127,7,2246.75,3,4,4,4,344,Loyal Customers
12867,United Kingdom,2009-12-16,2011-11-13,27,13,7782.91,4,5,5,5,455,Champions
15149,United Kingdom,2010-02-28,2011-07-29,134,4,1524.61,3,3,4,4,334,Loyal Customers
17267,United Kingdom,2011-08-04,2011-08-04,128,2,317.20,3,2,2,2,322,Need Attention
13186,United Kingdom,2011-08-03,2011-10-31,40,3,1539.69,4,3,4,4,434,Champions
17561,United Kingdom,2009-12-06,2011-11-20,20,4,703.02,5,3,3,3,533,Loyal Customers
14206,United Kingdom,2010-11-02,2011-04-14,240,3,1145.21,2,3,3,3,233,At Risk
15504,United Kingdom,2010-02-12,2011-09-19,82,4,381.50,3,3,2,3,332,Loyal Customers
13950,United Kingdom,2011-04-07,2011-11-28,12,4,728.56,5,3,3,3,533,Loyal Customers
13878,United Kingdom,2010-04-14,2011-10-16,55,4,2416.90,4,3,4,4,434,Champions
12952,United Kingdom,2011-09-22,2011-12-04,6,4,1382.84,5,3,4,4,534,Champions
18186,United Kingdom,2009-12-17,2009-12-17,723,1,329.58,1,1,2,2,112,Lost
16036,United Kingdom,2010-03-29,2011-09-13,88,4,2556.84,3,3,4,4,334,Loyal Customers
14960,United Kingdom,2011-06-21,2011-12-01,9,2,221.27,5,2,1,2,521,Potential Loyalists
13780,United Kingdom,2010-10-28,2011-12-02,8,3,732.07,5,3,3,3,533,Loyal Customers
14272,United Kingdom,2010-05-06,2011-09-27,74,4,920.81,3,3,3,3,333,Loyal Customers
14755,United Kingdom,2009-12-03,2011-11-30,10,25,9851.45,5,5,5,5,555,Champions
17200,United Kingdom,2010-02-25,2010-11-17,388,4,356.71,2,3,2,3,232,At Risk
17393,United Kingdom,2010-08-08,2010-10-25,411,2,381.15,1,2,2,2,122,Lost
17488,United Kingdom,2010-03-08,2010-03-08,642,1,336.50,1,1,2,2,112,Lost
13487,United Kingdom,2009-12-05,2011-10-13,58,5,846.87,4,4,3,4,443,Champions
14237,United Kingdom,2010-04-28,2010-12-01,374,2,466.04,2,2,2,2,222,Hibernating
15102,United Kingdom,2010-06-11,2010-06-27,531,2,554.67,1,2,2,2,122,Lost
15426,United Kingdom,2010-05-02,2011-11-20,20,9,2138.86,5,5,4,5,554,Champions
13438,United Kingdom,2010-06-10,2010-06-10,548,1,46.50,1,1,1,1,111,Lost
13666,United Kingdom,2009-12-04,2011-10-10,61,5,127.05,3,4,1,3,341,Loyal Customers
13739,United Kingdom,2010-06-30,2011-11-21,19,2,292.20,5,2,2,2,522,Potential Loyalists
18121,United Kingdom,2011-07-08,2011-07-13,150,2,653.30,3,2,3,3,323,Loyal Customers
17360,United Kingdom,2010-10-01,2011-11-22,18,6,1170.56,5,4,3,4,543,Champions
15449,United Kingdom,2011-03-23,2011-11-13,27,3,971.22,4,3,3,3,433,Loyal Customers
13223,United Kingdom,2010-02-12,2011-05-23,201,6,969.12,2,4,3,4,243,At Risk
17434,United Kingdom,2011-09-15,2011-12-07,3,7,2333.42,5,4,4,4,544,Champions
13403,United Kingdom,2009-12-16,2011-11-22,18,3,229.50,5,3,1,2,531,Potential Loyalists
16858,United Kingdom,2009-12-15,2010-12-06,369,10,4085.74,2,5,5,5,255,Cannot Lose Them
15013,United Kingdom,2010-01-31,2010-08-09,488,10,1610.82,1,5,4,5,154,Cannot Lose Them
12422,Switzerland,2009-12-18,2011-09-05,96,12,3639.35,3,5,5,5,355,Loyal Customers
14186,United Kingdom,2010-03-05,2010-10-08,428,5,1550.63,1,4,4,4,144,At Risk
15004,United Kingdom,2011-07-15,2011-07-15,148,1,1220.38,3,1,4,3,314,Loyal Customers
15540,United Kingdom,2010-11-29,2011-11-28,12,2,460.68,5,2,2,2,522,Potential Loyalists
15274,United Kingdom,2011-11-21,2011-12-05,5,2,716.57,5,2,3,3,523,Loyal Customers
17580,United Kingdom,2010-10-13,2011-04-01,253,5,538.07,2,4,2,3,242,At Risk
14197,United Kingdom,2010-10-25,2010-10-25,411,1,390.05,1,1,2,2,112,Lost
16204,United Kingdom,2009-12-08,2011-11-16,24,3,913.71,4,3,3,3,433,Loyal Customers
13035,United Kingdom,2010-10-04,2011-09-27,74,3,1328.95,3,3,4,4,334,Loyal Customers
12638,Sweden,2010-03-10,2011-11-06,34,2,681.49,4,2,3,3,423,Loyal Customers
17713,United Kingdom,2010-06-09,2010-11-22,383,4,1198.09,2,3,4,4,234,At Risk
16044,United Kingdom,2010-09-30,2010-09-30,436,1,340.84,1,1,2,2,112,Lost
13265,United Kingdom,2011-03-11,2011-10-17,54,5,2092.66,4,4,4,4,444,Champions
12717,Greece,2010-04-28,2011-07-11,152,3,1058.91,3,3,3,3,333,Loyal Customers
15065,United Kingdom,2010-10-25,2011-11-02,38,5,3304.71,4,4,5,5,445,Champions
12435,Denmark,2009-12-02,2011-09-21,80,6,13925.93,3,4,5,5,345,Loyal Customers
18199,United Kingdom,2010-01-25,2010-01-25,684,1,342.20,1,1,2,2,112,Lost
17876,United Kingdom,2010-02-02,2010-11-05,400,3,3424.02,2,3,5,4,235,At Risk
12455,Cyprus,2009-12-18,2011-09-27,74,9,5722.95,3,5,5,5,355,Loyal Customers
13221,United Kingdom,2010-12-15,2011-04-13,241,2,844.86,2,2,3,3,223,At Risk
14163,United Kingdom,2010-09-03,2011-09-13,88,5,2594.62,3,4,4,4,344,Loyal Customers
16307,United Kingdom,2010-05-11,2010-10-06,430,3,1194.92,1,3,4,4,134,At Risk
15960,United Kingdom,2010-09-30,2010-11-30,375,4,394.00,2,3,2,3,232,At Risk
18275,United Kingdom,2009-12-08,2010-05-10,579,2,741.85,1,2,3,3,123,At Risk
13712,United Kingdom,2010-04-08,2011-04-07,247,2,766.42,2,2,3,3,223,At Risk
13255,United Kingdom,2010-07-15,2011-11-30,10,3,669.91,5,3,3,3,533,Loyal Customers
12419,Spain,2010-10-22,2010-11-19,386,2,391.01,2,2,2,2,222,Hibernating
12488,France,2011-09-25,2011-11-30,10,3,1244.66,5,3,4,4,534,Champions
14288,United Kingdom,2011-05-10,2011-05-10,214,1,413.85,2,1,2,2,212,Hibernating
15308,United Kingdom,2011-03-10,2011-03-10,275,1,302.27,2,1,2,2,212,Hibernating
15899,United Kingdom,2010-12-06,2010-12-06,369,1,56.25,2,1,1,1,211,Hibernating
16443,United Kingdom,2010-07-07,2010-07-07,521,1,162.24,1,1,1,1,111,Lost
13167,United Kingdom,2010-11-14,2011-11-21,19,5,1113.15,5,4,3,4,543,Champions
15172,United Kingdom,2011-04-17,2011-12-01,9,5,1624.05,5,4,4,4,544,Champions
15332,Lithuania,2010-07-14,2010-12-08,367,6,4892.68,2,4,5,5,245,Cannot Lose Them
14690,United Kingdom,2010-10-25,2011-10-26,45,4,764.59,4,3,3,3,433,Loyal Customers
15572,United Kingdom,2010-04-14,2011-12-05,5,10,3965.20,5,5,5,5,555,Champions
16335,United Kingdom,2009-12-04,2010-06-06,552,7,2726.52,1,4,4,4,144,At Risk
15964,United Kingdom,2010-02-14,2010-02-14,664,1,269.21,1,1,1,1,111,Lost
14022,United Kingdom,2010-08-10,2011-04-28,226,2,792.15,2,2,3,3,223,At Risk
15142,United Kingdom,2010-07-27,2011-10-24,47,6,2608.97,4,4,4,4,444,Champions
17765,United Kingdom,2010-09-17,2011-07-04,159,4,524.00,3,3,2,3,332,Loyal Customers
17302,United Kingdom,2011-02-07,2011-11-25,15,5,1119.93,5,4,3,4,543,Champions
12478,Greece,2011-12-06,2011-12-06,4,1,545.99,5,1,2,2,512,Potential Loyalists
12470,Unspecified,2010-01-19,2010-01-19,690,1,211.95,1,1,1,1,111,Lost
16673,United Kingdom,2010-01-29,2010-01-29,680,1,171.13,1,1,1,1,111,Lost
14509,United Kingdom,2010-06-23,2010-06-23,535,1,110.95,1,1,1,1,111,Lost
17043,United Kingdom,2009-12-09,2011-11-07,33,8,2593.65,4,4,4,4,444,Champions
16336,United Kingdom,2010-03-18,2010-10-15,421,4,3517.69,1,3,5,4,135,At Risk
15664,United Kingdom,2010-02-28,2011-10-20,51,4,1199.53,4,3,4,4,434,Champions
16201,United Kingdom,2010-10-20,2011-12-06,4,5,2070.17,5,4,4,4,544,Champions
17162,United Kingdom,2011-02-07,2011-11-11,29,10,1707.21,4,5,4,5,454,Champions
15395,United Kingdom,2011-01-18,2011-01-18,326,1,107.45,2,1,1,1,211,Hibernating
14068,United Kingdom,2010-01-31,2011-01-23,321,4,1493.32,2,3,4,4,234,At Risk
15512,United Kingdom,2010-02-01,2011-07-07,156,4,331.58,3,3,2,3,332,Loyal Customers
17251,United Kingdom,2009-12-15,2010-12-12,363,3,790.28,2,3,3,3,233,At Risk
14302,United Kingdom,2009-12-02,2010-10-05,431,3,742.90,1,3,3,3,133,At Risk
18105,United Kingdom,2011-11-02,2011-11-02,38,1,113.48,4,1,1,1,411,Promising
14870,United Kingdom,2010-01-25,2011-03-23,262,6,1794.60,2,4,4,4,244,At Risk
15844,United Kingdom,2011-10-24,2011-10-24,47,1,130.74,4,1,1,1,411,Promising
17946,United Kingdom,2011-03-25,2011-04-20,234,2,149.58,2,2,1,2,221,Hibernating
16262,United Kingdom,2010-11-26,2010-11-26,379,1,677.78,2,1,3,2,213,Hibernating
16536,United Kingdom,2011-08-21,2011-08-21,111,1,538.17,3,1,2,2,312,Need Attention
16147,United Kingdom,2010-02-05,2011-07-29,134,5,2367.02,3,4,4,4,344,Loyal Customers
12612,Germany,2011-09-26,2011-09-26,75,1,607.59,3,1,3,2,313,Need Attention
15501,United Kingdom,2010-10-20,2010-10-31,405,2,399.95,2,2,2,2,222,Hibernating
16903,United Kingdom,2010-10-20,2011-11-10,30,3,1009.45,4,3,3,3,433,Loyal Customers
13927,United Kingdom,2010-09-28,2011-09-26,75,2,689.96,3,2,3,3,323,Loyal Customers
13810,Germany,2011-10-14,2011-11-11,29,2,827.51,4,2,3,3,423,Loyal Customers
15355,United Kingdom,2011-10-17,2011-11-10,30,2,277.05,4,2,2,2,422,Potential Loyalists
16788,United Kingdom,2010-02-07,2011-08-08,124,5,1927.28,3,4,4,4,344,Loyal Customers
14594,United Kingdom,2010-12-01,2011-12-02,8,2,363.33,5,2,2,2,522,Potential Loyalists
16765,United Kingdom,2010-11-22,2011-02-18,295,2,454.75,2,2,2,2,222,Hibernating
13843,United Kingdom,2010-11-23,2010-11-23,382,1,319.75,2,1,2,2,212,Hibernating
12550,Spain,2011-09-21,2011-09-21,80,1,824.83,3,1,3,2,313,Need Attention
13970,United Kingdom,2010-09-28,2010-11-18,387,2,846.55,2,2,3,3,223,At Risk
14473,United Kingdom,2011-03-02,2011-09-26,75,2,234.34,3,2,1,2,321,Need Attention
16403,United Kingdom,2011-01-31,2011-01-31,313,1,161.05,2,1,1,1,211,Hibernating
12450,Spain,2010-08-22,2011-07-06,157,5,666.95,3,4,3,4,343,Loyal Customers
12409,Switzerland,2010-05-23,2011-09-22,79,7,23090.47,3,4,5,5,345,Loyal Customers
18181,United Kingdom,2009-12-04,2011-11-15,25,5,1166.61,4,4,3,4,443,Champions
14529,United Kingdom,2011-08-21,2011-10-10,61,3,578.61,3,3,2,3,332,Loyal Customers
13449,United Kingdom,2011-11-16,2011-11-16,24,1,291.88,4,1,2,2,412,Potential Loyalists
12374,Austria,2010-04-30,2011-11-14,26,3,2669.22,4,3,4,4,434,Champions
14929,United Kingdom,2010-10-14,2011-11-07,33,2,836.69,4,2,3,3,423,Loyal Customers
13977,United Kingdom,2010-10-24,2010-10-24,412,1,519.81,1,1,2,2,112,Lost
15001,United Kingdom,2010-11-10,2010-11-10,395,2,197.11,2,2,1,2,221,Hibernating
17037,United Kingdom,2011-09-13,2011-09-13,88,1,1253.22,3,1,4,3,314,Loyal Customers
18001,United Kingdom,2009-12-02,2011-11-27,13,6,924.14,5,4,3,4,543,Champions
16480,United Kingdom,2011-09-25,2011-09-25,76,1,769.29,3,1,3,2,313,Need Attention
17462,United Kingdom,2011-02-28,2011-10-10,61,2,662.94,3,2,3,3,323,Loyal Customers
12549,USA,2010-01-11,2010-05-13,576,5,1570.68,1,4,4,4,144,At Risk
16068,United Kingdom,2010-04-25,2010-04-25,594,1,115.73,1,1,1,1,111,Lost
18206,United Kingdom,2010-06-04,2010-06-04,554,1,314.66,1,1,2,2,112,Lost
13710,United Kingdom,2010-04-06,2011-11-08,32,3,509.52,4,3,2,3,432,Loyal Customers
16282,United Kingdom,2009-12-21,2011-01-04,340,3,1307.58,2,3,4,4,234,At Risk
14084,United Kingdom,2010-07-15,2010-07-15,513,1,150.50,1,1,1,1,111,Lost
13917,United Kingdom,2011-06-01,2011-10-21,50,2,272.04,4,2,2,2,422,Potential Loyalists
16963,United Kingdom,2011-06-05,2011-06-05,188,1,110.55,2,1,1,1,211,Hibernating
16824,United Kingdom,2010-11-11,2011-11-24,16,3,686.24,5,3,3,3,533,Loyal Customers
14684,United Kingdom,2010-11-14,2011-11-14,26,6,1430.03,4,4,4,4,444,Champions
15846,United Kingdom,2010-11-19,2010-11-19,386,1,107.01,2,1,1,1,211,Hibernating
14115,United Kingdom,2010-02-11,2010-07-26,502,2,622.67,1,2,3,3,123,At Risk
16728,United Kingdom,2011-03-20,2011-10-24,47,4,1048.28,4,3,3,3,433,Loyal Customers
15578,United Kingdom,2011-06-30,2011-06-30,163,1,127.10,3,1,1,1,311,About to Sleep
17806,United Kingdom,2011-11-28,2011-11-28,12,1,546.04,5,1,2,2,512,Potential Loyalists
14801,United Kingdom,2011-10-09,2011-10-09,62,1,189.34,3,1,1,1,311,About to Sleep
14804,United Kingdom,2011-12-01,2011-12-01,9,1,353.27,5,1,2,2,512,Potential Loyalists
12738,Germany,2010-12-02,2010-12-02,373,1,137.35,2,1,1,1,211,Hibernating
13337,United Kingdom,2010-06-11,2010-06-11,547,1,1550.06,1,1,4,3,114,At Risk
13218,United Kingdom,2011-08-04,2011-08-04,128,1,62.64,3,1,1,1,311,About to Sleep
14248,United Kingdom,2010-07-12,2011-01-25,319,3,1032.95,2,3,3,3,233,At Risk
15087,United Kingdom,2011-03-03,2011-03-03,282,1,306.94,2,1,2,2,212,Hibernating
16192,United Kingdom,2009-12-04,2009-12-04,736,1,351.30,1,1,2,2,112,Lost
16568,United Kingdom,2010-03-08,2010-10-08,428,2,1020.90,1,2,3,3,123,At Risk
17303,United Kingdom,2010-12-13,2010-12-13,362,1,250.04,2,1,1,1,211,Hibernating
17210,United Kingdom,2010-11-12,2010-11-12,393,1,251.72,2,1,1,1,211,Hibernating
13923,United Kingdom,2011-10-17,2011-10-17,54,1,351.13,4,1,2,2,412,Potential Loyalists
17792,United Kingdom,2010-08-18,2010-08-29,468,2,368.35,1,2,2,2,122,Lost
14921,United Kingdom,2011-05-22,2011-11-09,31,2,1316.07,4,2,4,3,424,Loyal Customers
16760,United Kingdom,2010-10-05,2010-10-05,431,1,228.00,1,1,1,1,111,Lost
16610,United Kingdom,2011-05-04,2011-05-04,220,1,75.66,2,1,1,1,211,Hibernating
14266,United Kingdom,2010-10-07,2010-10-07,429,1,40.56,1,1,1,1,111,Lost
13226,United Kingdom,2010-11-11,2011-03-11,274,2,312.46,2,2,2,2,222,Hibernating
18192,United Kingdom,2011-09-29,2011-09-29,72,1,957.97,3,1,3,2,313,Need Attention
15335,United Kingdom,2011-10-17,2011-10-17,54,1,170.22,4,1,1,1,411,Promising
15017,United Kingdom,2011-11-06,2011-11-06,34,1,125.58,4,1,1,1,411,Promising
12813,Netherlands,2010-01-15,2010-07-26,502,3,1621.80,1,3,4,4,134,At Risk
13529,United Kingdom,2011-05-19,2011-09-22,79,2,307.76,3,2,2,2,322,Need Attention
17619,United Kingdom,2011-01-31,2011-01-31,313,1,214.37,2,1,1,1,211,Hibernating
17224,United Kingdom,2010-07-26,2010-07-26,502,1,100.86,1,1,1,1,111,Lost
14036,United Kingdom,2011-02-28,2011-02-28,285,1,626.65,2,1,3,2,213,Hibernating
16288,United Kingdom,2010-08-26,2010-08-26,471,1,129.85,1,1,1,1,111,Lost
15313,United Kingdom,2011-08-21,2011-08-21,111,1,52.00,3,1,1,1,311,About to Sleep
13618,United Kingdom,2011-06-19,2011-06-19,174,1,177.34,3,1,1,1,311,About to Sleep
17385,United Kingdom,2011-11-25,2011-11-25,15,1,256.11,5,1,1,1,511,New Customers
17379,United Kingdom,2011-11-28,2011-11-28,12,1,389.72,5,1,2,2,512,Potential Loyalists
16437,United Kingdom,2010-10-06,2010-11-23,382,2,301.25,2,2,2,2,222,Hibernating
16758,United Kingdom,2011-10-05,2011-10-05,66,1,369.34,3,1,2,2,312,Need Attention
15924,United Kingdom,2009-12-08,2009-12-08,732,1,102.82,1,1,1,1,111,Lost
12564,France,2011-03-23,2011-03-23,262,1,402.90,2,1,2,2,212,Hibernating
16370,United Kingdom,2011-04-28,2011-09-18,83,4,1301.91,3,3,4,4,334,Loyal Customers
17174,United Kingdom,2011-05-06,2011-05-06,218,1,59.90,2,1,1,1,211,Hibernating
15007,United Kingdom,2011-07-03,2011-07-03,160,1,156.91,3,1,1,1,311,About to Sleep
16501,United Kingdom,2010-11-21,2010-11-21,384,1,1191.23,2,1,4,3,214,At Risk
13023,United Kingdom,2010-06-29,2011-10-06,65,3,1251.03,3,3,4,4,334,Loyal Customers
16334,United Kingdom,2010-08-04,2010-08-04,493,1,263.73,1,1,1,1,111,Lost
14635,United Kingdom,2010-09-12,2010-09-12,454,1,215.22,1,1,1,1,111,Lost
17778,United Kingdom,2010-02-16,2010-02-16,662,1,197.70,1,1,1,1,111,Lost
12503,Spain,2010-05-04,2010-05-04,585,1,896.00,1,1,3,2,113,Lost
16874,United Kingdom,2010-11-25,2010-11-25,380,1,209.89,2,1,1,1,211,Hibernating
13866,United Kingdom,2011-09-26,2011-09-26,75,1,145.67,3,1,1,1,311,About to Sleep
12398,Switzerland,2011-10-25,2011-10-25,46,1,1435.66,4,1,4,3,414,Loyal Customers
18050,United Kingdom,2010-11-11,2010-12-15,360,2,412.06,2,2,2,2,222,Hibernating
16410,United Kingdom,2009-12-05,2009-12-05,735,1,130.32,1,1,1,1,111,Lost
12996,United Kingdom,2010-11-29,2010-11-29,376,1,355.50,2,1,2,2,212,Hibernating
14812,United Kingdom,2010-04-20,2010-04-20,599,1,178.85,1,1,1,1,111,Lost
14531,United Kingdom,2010-08-17,2010-08-17,480,1,376.34,1,1,2,2,112,Lost
17906,United Kingdom,2011-04-06,2011-04-06,248,1,72.90,2,1,1,1,211,Hibernating
17842,United Kingdom,2010-04-16,2010-04-16,603,1,430.69,1,1,2,2,112,Lost
17493,United Kingdom,2010-11-19,2010-11-19,386,1,100.91,2,1,1,1,211,Hibernating
13702,United Kingdom,2010-09-20,2010-09-20,446,1,135.18,1,1,1,1,111,Lost
12872,United Kingdom,2009-12-03,2011-01-17,327,12,3276.81,2,5,5,5,255,Cannot Lose Them
15571,United Kingdom,2009-12-06,2011-11-28,12,14,3892.35,5,5,5,5,555,Champions
16884,United Kingdom,2010-05-18,2011-11-02,38,4,1070.97,4,3,3,3,433,Loyal Customers
16869,United Kingdom,2011-06-17,2011-11-17,23,4,797.32,4,3,3,3,433,Loyal Customers
14854,United Kingdom,2010-01-22,2011-09-22,79,11,4282.37,3,5,5,5,355,Loyal Customers
13505,Switzerland,2011-04-21,2011-09-28,73,4,3522.88,3,3,5,4,335,Loyal Customers
14178,United Kingdom,2011-06-10,2011-12-01,9,7,1580.26,5,4,4,4,544,Champions
13925,United Kingdom,2011-07-28,2011-09-08,93,4,616.65,3,3,3,3,333,Loyal Customers
13538,United Kingdom,2010-02-02,2011-10-27,44,12,3103.13,4,5,5,5,455,Champions
17377,United Kingdom,2009-12-02,2011-11-16,24,78,17184.23,4,5,5,5,455,Champions
16376,United Kingdom,2011-11-22,2011-12-01,9,2,965.47,5,2,3,3,523,Loyal Customers
13014,United Kingdom,2010-10-03,2011-11-29,11,11,5220.83,5,5,5,5,555,Champions
17673,United Kingdom,2010-03-19,2011-12-08,2,13,4156.63,5,5,5,5,555,Champions
16062,United Kingdom,2010-06-21,2011-11-30,10,8,2863.45,5,4,5,5,545,Champions
13069,United Kingdom,2010-06-14,2011-12-09,1,38,8358.79,5,5,5,5,555,Champions
14769,United Kingdom,2009-12-16,2011-12-07,3,17,15437.25,5,5,5,5,555,Champions
17256,United Kingdom,2010-04-18,2011-08-24,108,5,498.93,3,4,2,3,342,Loyal Customers
16411,United Kingdom,2010-10-07,2011-11-20,20,4,756.39,5,3,3,3,533,Loyal Customers
12993,United Kingdom,2010-02-18,2011-11-16,24,8,1191.26,4,4,4,4,444,Champions
17428,United Kingdom,2009-12-01,2011-12-09,1,45,30885.06,5,5,5,5,555,Champions
14075,United Kingdom,2010-08-26,2011-12-05,5,5,1724.87,5,4,4,4,544,Champions
12927,United Kingdom,2010-11-10,2010-11-10,395,1,197.31,2,1,1,1,211,Hibernating
17449,United Kingdom,2009-12-09,2011-12-07,3,13,4849.15,5,5,5,5,555,Champions
16160,United Kingdom,2011-09-15,2011-10-05,66,2,1009.45,3,2,3,3,323,Loyal Customers
15547,United Kingdom,2009-12-06,2011-12-02,8,26,9989.15,5,5,5,5,555,Champions
13632,United Kingdom,2010-04-07,2011-11-15,25,8,3632.36,4,4,5,5,445,Champions
16205,United Kingdom,2010-06-15,2011-11-09,31,7,1813.51,4,4,4,4,444,Champions
17964,United Kingdom,2010-12-02,2011-11-08,32,2,463.21,4,2,2,2,422,Potential Loyalists
13680,United Kingdom,2009-12-04,2011-12-08,2,12,9899.56,5,5,5,5,555,Champions
13148,United Kingdom,2009-12-07,2011-11-10,30,26,7990.11,4,5,5,5,455,Champions
14541,United Kingdom,2010-01-07,2011-10-12,59,14,2491.38,4,5,4,5,454,Champions
14807,United Kingdom,2010-02-28,2010-11-14,391,2,504.14,2,2,2,2,222,Hibernating
15076,United Kingdom,2010-07-05,2011-06-20,173,3,1425.84,3,3,4,4,334,Loyal Customers
17783,United Kingdom,2010-07-15,2011-09-28,73,3,376.96,3,3,2,3,332,Loyal Customers
13534,United Kingdom,2010-07-07,2011-12-07,3,35,7324.50,5,5,5,5,555,Champions
17109,United Kingdom,2010-07-30,2011-11-10,30,8,1276.35,4,4,4,4,444,Champions
16549,United Kingdom,2010-03-28,2011-11-29,11,34,12759.25,5,5,5,5,555,Champions
17366,United Kingdom,2010-09-09,2010-10-03,433,2,1075.59,1,2,3,3,123,At Risk
16186,United Kingdom,2009-12-09,2011-11-17,23,26,8676.23,4,5,5,5,455,Champions
16670,United Kingdom,2009-12-10,2011-11-23,17,20,7786.66,5,5,5,5,555,Champions
17050,United Kingdom,2010-01-26,2011-09-04,97,10,4348.46,3,5,5,5,355,Loyal Customers
16297,United Kingdom,2011-03-16,2011-03-16,269,1,278.55,2,1,2,2,212,Hibernating
14504,United Kingdom,2011-03-06,2011-10-23,48,4,673.26,4,3,3,3,433,Loyal Customers
15491,United Kingdom,2011-04-18,2011-09-05,96,6,3090.85,3,4,5,5,345,Loyal Customers
14403,United Kingdom,2010-03-10,2011-08-01,131,6,1822.76,3,4,4,4,344,Loyal Customers
15805,United Kingdom,2009-12-10,2011-11-16,24,30,9668.62,4,5,5,5,455,Champions
15622,United Kingdom,2010-03-04,2011-10-27,44,17,7318.08,4,5,5,5,455,Champions
13880,United Kingdom,2010-05-26,2011-11-18,22,17,4293.86,4,5,5,5,455,Champions
13591,United Kingdom,2009-12-14,2011-10-06,65,7,2081.19,3,4,4,4,344,Loyal Customers
13688,United Kingdom,2010-03-14,2010-03-14,636,1,375.50,1,1,2,2,112,Lost
16554,United Kingdom,2009-12-15,2011-10-28,43,8,2407.17,4,4,4,4,444,Champions
16592,United Kingdom,2009-12-18,2011-12-05,5,28,7624.46,5,5,5,5,555,Champions
13301,United Kingdom,2011-02-20,2011-08-28,104,4,600.19,3,3,3,3,333,Loyal Customers
12815,Poland,2011-05-25,2011-07-15,148,2,863.46,3,2,3,3,323,Loyal Customers
16828,United Kingdom,2011-08-19,2011-08-19,113,1,113.50,3,1,1,1,311,About to Sleep
18018,United Kingdom,2010-10-15,2011-08-23,109,4,156.69,3,3,1,2,331,Need Attention
12468,Germany,2010-01-26,2011-06-05,188,5,3192.55,2,4,5,5,245,Cannot Lose Them
15329,United Kingdom,2009-12-14,2011-10-31,40,11,2737.18,4,5,4,5,454,Champions
17591,United Kingdom,2010-01-17,2011-09-27,74,8,2328.37,3,4,4,4,344,Loyal Customers
14416,United Kingdom,2011-10-28,2011-11-17,23,2,490.22,4,2,2,2,422,Potential Loyalists
12703,Germany,2010-01-24,2011-09-29,72,4,802.18,3,3,3,3,333,Loyal Customers
15421,United Kingdom,2009-12-07,2011-10-12,59,10,3805.34,4,5,5,5,455,Champions
16098,United Kingdom,2009-12-15,2011-09-13,88,14,4010.70,3,5,5,5,355,Loyal Customers
12474,Germany,2010-02-11,2011-11-22,18,29,10886.75,5,5,5,5,555,Champions
14499,United Kingdom,2010-08-27,2011-11-13,27,7,2083.44,4,4,4,4,444,Champions
17829,United Arab Emirates,2010-02-22,2011-02-14,299,5,4680.42,2,4,5,5,245,Cannot Lose Them
14733,United Kingdom,2010-11-02,2011-11-23,17,15,14200.78,5,5,5,5,555,Champions
18134,United Kingdom,2010-01-14,2010-04-20,599,2,445.00,1,2,2,2,122,Lost
13317,United Kingdom,2009-12-13,2011-10-04,67,19,6068.53,3,5,5,5,355,Loyal Customers
17409,United Kingdom,2009-12-11,2011-06-08,185,10,7793.51,3,5,5,5,355,Loyal Customers
16086,United Kingdom,2009-12-02,2011-10-11,60,10,2685.65,3,5,4,5,354,Loyal Customers
12643,France,2010-04-07,2011-08-03,129,11,7334.30,3,5,5,5,355,Loyal Customers
13483,United Kingdom,2011-10-05,2011-10-05,66,1,140.34,3,1,1,1,311,About to Sleep
12394,Belgium,2011-05-06,2011-10-07,64,2,1080.48,3,2,3,3,323,Loyal Customers
14665,United Kingdom,2010-04-26,2011-10-10,61,7,2172.33,3,4,4,4,344,Loyal Customers
17900,United Kingdom,2011-06-02,2011-06-02,191,2,15.00,2,2,1,2,221,Hibernating
16672,United Kingdom,2011-03-18,2011-12-07,3,20,8119.69,5,5,5,5,555,Champions
15611,United Kingdom,2010-01-25,2011-11-30,10,24,2837.37,5,5,5,5,555,Champions
14434,United Kingdom,2011-09-28,2011-11-18,22,6,1372.80,4,4,4,4,444,Champions
15164,United Kingdom,2010-01-18,2011-10-02,69,9,2011.21,3,5,4,5,354,Loyal Customers
15620,United Kingdom,2010-10-26,2011-10-14,57,4,1909.93,4,3,4,4,434,Champions
17049,United Kingdom,2010-03-04,2011-12-07,3,19,9588.83,5,5,5,5,555,Champions
15178,United Kingdom,2011-03-24,2011-03-24,261,1,40.50,2,1,1,1,211,Hibernating
12778,Netherlands,2010-04-16,2011-11-20,20,9,1541.68,5,5,4,5,554,Champions
18168,United Kingdom,2009-12-03,2011-06-16,177,16,3352.30,3,5,5,5,355,Loyal Customers
18059,United Kingdom,2011-10-03,2011-11-16,24,3,296.71,4,3,2,3,432,Loyal Customers
15858,United Kingdom,2009-12-10,2011-11-24,16,13,3509.91,5,5,5,5,555,Champions
13848,United Kingdom,2009-12-09,2011-09-08,93,8,3015.00,3,4,5,5,345,Loyal Customers
12917,United Kingdom,2009-12-09,2011-08-03,129,6,4329.50,3,4,5,5,345,Loyal Customers
17342,United Kingdom,2010-02-08,2010-11-25,380,4,1155.84,2,3,3,3,233,At Risk
17374,United Kingdom,2010-11-09,2011-05-05,219,3,711.21,2,3,3,3,233,At Risk
15098,United Kingdom,2011-06-10,2011-06-10,183,3,39619.50,3,3,5,4,335,Loyal Customers
13112,United Kingdom,2010-06-16,2010-06-16,542,1,-5.44,1,1,1,1,111,Lost
17351,United Kingdom,2009-12-10,2011-11-03,37,12,1964.38,4,5,4,5,454,Champions
12831,United Kingdom,2010-09-02,2011-03-22,263,3,451.11,2,3,2,3,232,At Risk
13959,United Kingdom,2010-07-16,2011-09-21,80,6,1064.77,3,4,3,4,343,Loyal Customers
14157,United Kingdom,2010-03-03,2011-11-20,20,5,946.24,5,4,3,4,543,Champions
13430,United Kingdom,2011-09-14,2011-11-21,19,2,652.07,5,2,3,3,523,Loyal Customers
13184,United Kingdom,2011-02-22,2011-11-25,15,10,1615.45,5,5,4,5,554,Champions
18032,United Kingdom,2011-01-09,2011-01-09,335,1,73.50,2,1,1,1,211,Hibernating
15304,United Kingdom,2010-10-14,2011-10-10,61,9,782.30,3,5,3,4,353,Loyal Customers
16390,United Kingdom,2010-01-29,2010-06-21,537,3,467.50,1,3,2,3,132,At Risk
17644,United Kingdom,2010-02-16,2011-12-08,2,20,5864.54,5,5,5,5,555,Champions
18084,United Kingdom,2010-11-16,2011-11-23,17,3,176.03,5,3,1,2,531,Potential Loyalists
14548,United Kingdom,2009-12-06,2011-07-12,151,9,2541.29,3,5,4,5,354,Loyal Customers
12947,United Kingdom,2010-12-01,2011-07-19,144,6,1407.29,3,4,4,4,344,Loyal Customers
14917,United Kingdom,2010-04-22,2010-04-22,597,2,1123.75,1,2,3,3,123,At Risk
15791,United Kingdom,2010-03-08,2011-10-27,44,5,3541.79,4,4,5,5,445,Champions
14530,United Kingdom,2010-01-21,2011-11-14,26,16,5968.62,4,5,5,5,455,Champions
13750,United Kingdom,2010-04-01,2011-10-17,54,11,3563.60,4,5,5,5,455,Champions
16117,United Kingdom,2010-04-27,2011-06-03,190,3,650.05,2,3,3,3,233,At Risk
15969,United Kingdom,2010-07-05,2011-12-07,3,5,1043.85,5,4,3,4,543,Champions
16880,United Kingdom,2010-08-03,2011-11-09,31,8,1813.21,4,4,4,4,444,Champions
15683,United Kingdom,2010-08-23,2011-08-14,118,2,524.54,3,2,2,2,322,Need Attention
12433,Norway,2010-08-20,2011-12-09,1,10,16794.14,5,5,5,5,555,Champions
16904,United Kingdom,2010-10-24,2011-12-05,5,20,4656.56,5,5,5,5,555,Champions
17596,United Kingdom,2009-12-15,2011-11-16,24,13,4478.11,4,5,5,5,455,Champions
17223,United Kingdom,2010-11-29,2011-02-02,311,3,523.04,2,3,2,3,232,At Risk
12359,Cyprus,2009-12-05,2011-10-13,58,10,8652.34,4,5,5,5,455,Champions
13840,United Kingdom,2010-10-19,2010-10-19,417,1,651.40,1,1,3,2,113,Lost
16310,United Kingdom,2010-03-07,2010-10-21,415,2,460.08,1,2,2,2,122,Lost
14899,United Kingdom,2010-11-09,2010-11-09,396,1,1331.38,2,1,4,3,214,At Risk
12820,United Kingdom,2009-12-05,2011-12-06,4,11,2647.94,5,5,4,5,554,Champions
14327,United Kingdom,2010-01-08,2011-06-29,164,6,1894.93,3,4,4,4,344,Loyal Customers
16129,United Kingdom,2010-07-20,2010-10-28,408,3,1396.05,2,3,4,4,234,At Risk
16085,United Kingdom,2010-01-20,2011-11-16,24,12,2318.91,4,5,4,5,454,Champions
13653,United Kingdom,2010-08-09,2010-08-09,488,1,152.20,1,1,1,1,111,Lost
15824,United Kingdom,2010-06-25,2010-09-12,454,2,890.94,1,2,3,3,123,At Risk
15190,United Kingdom,2010-10-01,2010-10-01,435,1,834.44,1,1,3,2,113,Lost
13811,Germany,2011-04-14,2011-06-09,184,2,519.75,3,2,2,2,322,Need Attention
17123,United Kingdom,2010-05-16,2011-07-01,162,3,966.67,3,3,3,3,333,Loyal Customers
16609,United Kingdom,2011-04-01,2011-11-24,16,7,5450.96,5,4,5,5,545,Champions
15174,United Kingdom,2010-10-25,2011-01-21,323,2,481.46,2,2,2,2,222,Hibernating
16897,United Kingdom,2011-01-30,2011-02-13,300,2,213.03,2,2,1,2,221,Hibernating
17786,United Kingdom,2011-01-26,2011-09-15,86,2,266.85,3,2,1,2,321,Need Attention
16215,United Kingdom,2011-09-20,2011-09-20,81,1,242.35,3,1,1,1,311,About to Sleep
15810,United Kingdom,2010-02-04,2011-09-22,79,8,2724.80,3,4,4,4,344,Loyal Customers
15276,United Kingdom,2010-10-01,2011-10-04,67,4,601.30,3,3,3,3,333,Loyal Customers
13719,United Kingdom,2010-05-17,2011-11-24,16,11,2782.10,5,5,4,5,554,Champions
13637,United Kingdom,2011-04-27,2011-10-18,53,3,803.05,4,3,3,3,433,Loyal Customers
14095,United Kingdom,2009-12-17,2009-12-17,723,1,2.95,1,1,1,1,111,Lost
15043,United Kingdom,2010-06-24,2011-11-08,32,6,2855.32,4,4,5,5,445,Champions
13718,United Kingdom,2011-02-17,2011-04-07,247,2,306.55,2,2,2,2,222,Hibernating
12428,Finland,2011-03-01,2011-11-14,26,8,6366.00,4,4,5,5,445,Champions
13007,United Kingdom,2010-05-09,2010-05-09,580,1,175.25,1,1,1,1,111,Lost
17015,United Kingdom,2011-06-07,2011-11-11,29,3,1838.61,4,3,4,4,434,Champions
14638,United Kingdom,2011-10-20,2011-10-20,51,1,443.60,4,1,2,2,412,Potential Loyalists
16992,United Kingdom,2010-02-11,2011-11-29,11,13,5460.10,5,5,5,5,555,Champions
15528,United Kingdom,2011-03-30,2011-03-30,255,1,229.33,2,1,1,1,211,Hibernating
17114,United Kingdom,2011-01-09,2011-12-04,6,8,739.72,5,4,3,4,543,Champions
15368,United Kingdom,2010-11-10,2011-11-18,22,2,722.74,4,2,3,3,423,Loyal Customers
15833,United Kingdom,2009-12-02,2009-12-02,738,1,80.40,1,1,1,1,111,Lost
13879,United Kingdom,2010-03-04,2010-03-04,646,1,395.50,1,1,2,2,112,Lost
13117,United Kingdom,2010-03-26,2011-11-18,22,18,2253.96,4,5,4,5,454,Champions
14195,United Kingdom,2010-03-15,2011-05-22,202,6,2401.40,2,4,4,4,244,At Risk
17785,United Kingdom,2010-05-23,2011-10-17,54,3,403.38,4,3,2,3,432,Loyal Customers
13323,United Kingdom,2011-09-16,2011-12-06,4,5,787.85,5,4,3,4,543,Champions
16182,United Kingdom,2010-03-09,2011-09-28,73,9,9971.65,3,5,5,5,355,Loyal Customers
12528,Germany,2011-01-31,2011-11-30,10,6,1634.28,5,4,4,4,544,Champions
17540,United Kingdom,2010-04-19,2011-11-15,25,6,1582.10,4,4,4,4,444,Champions
13371,United Kingdom,2010-03-17,2010-07-22,506,2,2271.46,1,2,4,3,124,At Risk
14621,United Kingdom,2010-01-25,2011-12-08,2,9,2878.27,5,5,5,5,555,Champions
14456,United Kingdom,2011-07-20,2011-12-04,6,9,3000.80,5,5,5,5,555,Champions
12895,United Kingdom,2011-09-14,2011-10-28,43,2,347.30,4,2,2,2,422,Potential Loyalists
17496,United Kingdom,2010-01-14,2010-12-16,359,4,1385.89,2,3,4,4,234,At Risk
14147,United Kingdom,2010-03-09,2011-09-22,79,9,2019.30,3,5,4,5,354,Loyal Customers
15946,United Kingdom,2010-03-16,2010-07-25,503,3,2304.18,1,3,4,4,134,At Risk
15217,United Kingdom,2010-05-25,2010-05-25,564,1,426.24,1,1,2,2,112,Lost
18248,United Kingdom,2011-06-06,2011-08-09,123,2,783.02,3,2,3,3,323,Loyal Customers
12412,Denmark,2010-06-18,2011-09-26,75,6,2389.03,3,4,4,4,344,Loyal Customers
12438,Norway,2011-07-22,2011-11-25,15,2,2466.85,5,2,4,3,524,Loyal Customers
17634,United Kingdom,2011-01-06,2011-11-03,37,9,2358.59,4,5,4,5,454,Champions
14096,United Kingdom,2011-08-30,2011-12-05,5,17,53258.43,5,5,5,5,555,Champions
14591,United Kingdom,2011-05-10,2011-11-24,16,4,1320.21,5,3,4,4,534,Champions
16597,United Kingdom,2011-12-05,2011-12-05,5,1,90.04,5,1,1,1,511,New Customers
17126,United Kingdom,2010-08-31,2011-07-10,153,9,1996.03,3,5,4,5,354,Loyal Customers
13569,United Kingdom,2010-10-07,2011-11-22,18,4,725.04,5,3,3,3,533,Loyal Customers
15370,United Kingdom,2010-10-25,2011-10-30,41,8,3713.51,4,4,5,5,445,Champions
14994,United Kingdom,2010-03-26,2010-11-22,383,5,886.64,2,4,3,4,243,At Risk
14518,United Kingdom,2011-10-06,2011-10-06,65,1,174.37,3,1,1,1,311,About to Sleep
14432,United Kingdom,2011-09-11,2011-11-30,10,6,2248.50,5,4,4,4,544,Champions
17984,United Kingdom,2009-12-01,2011-07-17,146,5,1148.69,3,4,3,4,343,Loyal Customers
17585,United Kingdom,2010-08-18,2011-08-22,110,7,2064.71,3,4,4,4,344,Loyal Customers
16137,United Kingdom,2010-01-28,2010-01-28,681,1,422.70,1,1,2,2,112,Lost
15341,United Kingdom,2010-09-16,2011-09-20,81,2,2401.02,3,2,4,3,324,Loyal Customers
14532,United Kingdom,2010-01-10,2011-04-17,237,11,3833.03,2,5,5,5,255,Cannot Lose Them
15709,United Kingdom,2010-04-29,2011-03-01,284,2,327.85,2,2,2,2,222,Hibernating
16229,United Kingdom,2010-05-24,2011-09-13,88,6,2835.36,3,4,5,5,345,Loyal Customers
14718,United Kingdom,2010-10-25,2010-10-25,411,1,226.42,1,1,1,1,111,Lost
14317,United Kingdom,2011-10-06,2011-10-06,65,1,508.58,3,1,2,2,312,Need Attention
13478,United Kingdom,2010-01-31,2010-08-27,470,5,2068.03,1,4,4,4,144,At Risk
13029,United Kingdom,2010-07-04,2011-11-09,31,5,1927.30,4,4,4,4,444,Champions
15743,United Kingdom,2011-06-08,2011-11-23,17,4,775.96,5,3,3,3,533,Loyal Customers
17398,United Kingdom,2011-03-29,2011-08-17,115,3,653.38,3,3,3,3,333,Loyal Customers
17724,United Kingdom,2011-07-24,2011-09-29,72,3,995.65,3,3,3,3,333,Loyal Customers
14369,United Kingdom,2010-02-16,2010-03-07,643,2,469.13,1,2,2,2,122,Lost
17187,United Kingdom,2010-07-01,2011-04-27,227,2,467.71,2,2,2,2,222,Hibernating
13992,United Kingdom,2010-09-02,2011-11-09,31,3,219.50,4,3,1,2,431,Potential Loyalists
17945,United Kingdom,2010-01-12,2010-01-12,697,3,359.50,1,3,2,3,132,At Risk
16000,United Kingdom,2011-12-07,2011-12-07,3,3,12393.70,5,3,5,4,535,Champions
13684,United Kingdom,2010-03-28,2011-02-27,286,4,544.42,2,3,2,3,232,At Risk
15637,United Kingdom,2009-12-15,2011-10-18,53,5,797.59,4,4,3,4,443,Champions
17343,United Kingdom,2009-12-03,2010-12-19,356,6,1259.94,2,4,4,4,244,At Risk
13503,United Kingdom,2010-02-16,2011-09-29,72,5,1706.79,3,4,4,4,344,Loyal Customers
13833,United Kingdom,2010-10-31,2011-07-03,160,2,700.41,3,2,3,3,323,Loyal Customers
17105,United Kingdom,2011-02-06,2011-07-03,160,2,665.78,3,2,3,3,323,Loyal Customers
15618,United Kingdom,2011-07-26,2011-11-07,33,4,747.03,4,3,3,3,433,Loyal Customers
15725,United Kingdom,2011-11-24,2011-11-24,16,1,415.25,5,1,2,2,512,Potential Loyalists
14448,United Kingdom,2010-12-10,2011-11-30,10,2,375.35,5,2,2,2,522,Potential Loyalists
12388,Australia,2010-05-06,2011-11-24,16,8,3901.11,5,4,5,5,545,Champions
14358,United Kingdom,2010-10-07,2010-11-15,390,2,400.06,2,2,2,2,222,Hibernating
16026,United Kingdom,2011-10-27,2011-10-27,44,1,236.09,4,1,1,1,411,Promising
14955,United Kingdom,2009-12-07,2009-12-07,733,1,163.77,1,1,1,1,111,Lost
15863,United Kingdom,2009-12-17,2011-11-14,26,5,355.10,4,4,2,3,442,Loyal Customers
13727,United Kingdom,2009-12-09,2011-11-11,29,8,1061.40,4,4,3,4,443,Champions
15225,United Kingdom,2011-04-19,2011-04-19,235,1,409.40,2,1,2,2,212,Hibernating
16016,United Kingdom,2010-11-02,2011-12-06,4,11,2053.00,5,5,4,5,554,Champions
16233,United Kingdom,2009-12-02,2011-09-29,72,9,1678.26,3,5,4,5,354,Loyal Customers
17833,United Kingdom,2009-12-16,2009-12-16,724,1,338.46,1,1,2,2,112,Lost
17748,United Kingdom,2010-06-30,2010-06-30,528,1,358.15,1,1,2,2,112,Lost
15244,United Kingdom,2010-02-11,2011-10-05,66,3,850.18,3,3,3,3,333,Loyal Customers
17186,United Kingdom,2011-10-10,2011-10-24,47,2,144.00,4,2,1,2,421,Potential Loyalists
17359,United Kingdom,2010-03-01,2011-11-28,12,2,284.46,5,2,2,2,522,Potential Loyalists
14947,United Kingdom,2010-03-25,2011-09-28,73,6,1049.79,3,4,3,4,343,Loyal Customers
18051,United Kingdom,2009-12-09,2010-03-15,635,7,2275.98,1,4,4,4,144,At Risk
14851,United Kingdom,2010-03-19,2011-11-16,24,3,829.41,4,3,3,3,433,Loyal Customers
16389,United Kingdom,2011-03-01,2011-10-17,54,4,1362.27,4,3,4,4,434,Champions
17714,United Kingdom,2010-07-14,2011-01-23,321,5,1376.58,2,4,4,4,244,At Risk
13312,United Kingdom,2010-09-14,2010-09-14,452,1,124.75,1,1,1,1,111,Lost
15775,United Kingdom,2010-03-18,2011-04-08,246,2,150.50,2,2,1,2,221,Hibernating
14228,United Kingdom,2010-06-11,2010-09-28,438,3,745.50,1,3,3,3,133,At Risk
14551,United Kingdom,2010-01-27,2011-11-21,19,7,856.64,5,4,3,4,543,Champions
15754,United Kingdom,2010-02-22,2011-10-19,52,9,3001.86,4,5,5,5,455,Champions
17866,United Kingdom,2009-12-14,2011-07-20,143,3,1131.00,3,3,3,3,333,Loyal Customers
14106,United Kingdom,2009-12-02,2009-12-02,738,1,214.80,1,1,1,1,111,Lost
15591,United Kingdom,2010-02-04,2010-05-06,583,3,217.90,1,3,1,2,131,Lost
15734,United Kingdom,2010-06-10,2011-08-17,115,4,2263.30,3,3,4,4,334,Loyal Customers
17349,United Kingdom,2010-03-18,2011-06-13,180,5,772.41,3,4,3,4,343,Loyal Customers
12700,France,2011-05-08,2011-12-02,8,4,4525.99,5,3,5,4,535,Champions
16367,United Kingdom,2010-11-21,2011-11-02,38,3,1350.48,4,3,4,4,434,Champions
15481,Norway,2010-11-03,2010-11-03,402,1,1993.34,2,1,4,3,214,At Risk
13738,United Kingdom,2010-11-08,2010-11-08,397,1,434.78,2,1,2,2,212,Hibernating
14951,United Kingdom,2011-09-21,2011-09-21,80,1,311.69,3,1,2,2,312,Need Attention
17679,United Kingdom,2009-12-03,2011-10-18,53,7,3166.56,4,4,5,5,445,Champions
16216,United Kingdom,2011-03-17,2011-03-17,268,1,914.93,2,1,3,2,213,Hibernating
13412,United Kingdom,2010-03-29,2010-03-29,621,1,487.35,1,1,2,2,112,Lost
12750,Poland,2011-08-03,2011-08-03,129,1,275.88,3,1,2,2,312,Need Attention
12752,Norway,2011-09-19,2011-09-19,82,1,4366.78,3,1,5,3,315,Loyal Customers
13363,United Kingdom,2010-10-26,2011-11-22,18,3,1623.86,5,3,4,4,534,Champions
14498,United Kingdom,2010-06-07,2011-10-28,43,10,3900.83,4,5,5,5,455,Champions
13515,United Kingdom,2010-03-05,2011-09-28,73,6,1265.82,3,4,4,4,344,Loyal Customers
13208,United Kingdom,2009-12-03,2011-10-11,60,8,1951.82,3,4,4,4,344,Loyal Customers
18201,United Kingdom,2009-12-17,2009-12-17,723,1,447.53,1,1,2,2,112,Lost
14314,United Kingdom,2010-10-05,2011-08-25,107,2,221.90,3,2,1,2,321,Need Attention
13399,United Kingdom,2010-07-08,2010-09-01,465,3,275.40,1,3,2,3,132,At Risk
14139,United Kingdom,2010-06-15,2011-10-24,47,4,1086.80,4,3,3,3,433,Loyal Customers
16694,United Kingdom,2009-12-16,2009-12-16,724,1,98.30,1,1,1,1,111,Lost
14707,United Kingdom,2010-05-12,2010-09-30,436,2,139.20,1,2,1,2,121,Lost
16868,United Kingdom,2010-04-25,2010-11-10,395,3,384.56,2,3,2,3,232,At Risk
14724,United Kingdom,2010-04-28,2010-04-28,591,1,341.90,1,1,2,2,112,Lost
12624,France,2011-06-15,2011-08-25,107,2,569.13,3,2,2,2,322,Need Attention
17566,United Kingdom,2011-11-14,2011-12-01,9,2,869.77,5,2,3,3,523,Loyal Customers
15720,United Kingdom,2010-06-07,2011-11-15,25,2,739.22,4,2,3,3,423,Loyal Customers
13160,United Kingdom,2011-11-17,2011-11-17,23,1,91.80,4,1,1,1,411,Promising
12657,France,2011-09-22,2011-11-28,12,4,1008.06,5,3,3,3,533,Loyal Customers
14629,United Kingdom,2011-10-23,2011-12-05,5,2,935.46,5,2,3,3,523,Loyal Customers
16752,United Kingdom,2010-12-02,2010-12-02,373,1,207.50,2,1,1,1,211,Hibernating
17859,United Kingdom,2011-02-08,2011-02-08,305,1,141.92,2,1,1,1,211,Hibernating
13545,United Kingdom,2010-06-13,2010-11-14,391,2,337.64,2,2,2,2,222,Hibernating
18067,United Kingdom,2011-10-30,2011-10-30,41,1,396.33,4,1,2,2,412,Potential Loyalists
17219,United Kingdom,2010-10-19,2011-11-08,32,2,259.13,4,2,1,2,421,Potential Loyalists
15063,United Kingdom,2011-05-10,2011-05-10,214,1,370.80,2,1,2,2,212,Hibernating
15364,United Kingdom,2011-03-30,2011-09-05,96,2,913.19,3,2,3,3,323,Loyal Customers
14001,United Kingdom,2010-08-03,2011-10-25,46,9,4228.85,4,5,5,5,455,Champions
15346,United Kingdom,2010-10-04,2011-01-11,333,3,591.65,2,3,3,3,233,At Risk
15487,United Kingdom,2010-01-29,2010-01-29,680,1,231.32,1,1,1,1,111,Lost
17176,United Kingdom,2010-01-31,2011-05-22,202,3,902.32,2,3,3,3,233,At Risk
14340,United Kingdom,2011-05-05,2011-05-05,219,1,134.70,2,1,1,1,211,Hibernating
18164,United Kingdom,2011-11-02,2011-11-02,38,1,394.70,4,1,2,2,412,Potential Loyalists
14014,United Kingdom,2010-05-12,2011-09-23,78,3,1948.21,3,3,4,4,334,Loyal Customers
12956,United Kingdom,2009-12-15,2011-02-06,307,4,521.89,2,3,2,3,232,At Risk
16429,United Kingdom,2011-08-25,2011-08-25,107,1,284.55,3,1,2,2,312,Need Attention
15347,United Kingdom,2010-09-28,2010-12-08,367,4,1132.30,2,3,3,3,233,At Risk
14374,United Kingdom,2010-06-16,2010-06-16,542,1,108.00,1,1,1,1,111,Lost
12689,France,2011-08-04,2011-11-14,26,2,1139.61,4,2,3,3,423,Loyal Customers
18126,United Kingdom,2011-10-10,2011-10-10,61,1,198.58,3,1,1,1,311,About to Sleep
13271,United Kingdom,2011-11-02,2011-11-02,38,1,172.37,4,1,1,1,411,Promising
13786,United Kingdom,2009-12-03,2010-12-07,368,6,3112.99,2,4,5,5,245,Cannot Lose Them
16615,United Kingdom,2010-03-23,2010-03-23,627,1,264.50,1,1,1,1,111,Lost
13978,United Kingdom,2011-10-25,2011-11-25,15,2,196.79,5,2,1,2,521,Potential Loyalists
15904,United Kingdom,2011-12-01,2011-12-01,9,1,164.68,5,1,1,1,511,New Customers
14413,United Kingdom,2010-01-19,2010-12-12,363,3,421.72,2,3,2,3,232,At Risk
12907,United Kingdom,2010-08-02,2010-11-09,396,2,440.36,2,2,2,2,222,Hibernating
15451,United Kingdom,2010-04-19,2010-10-01,435,2,226.86,1,2,1,2,121,Lost
18160,United Kingdom,2010-11-18,2011-10-13,58,3,1003.88,4,3,3,3,433,Loyal Customers
15029,United Kingdom,2010-03-30,2010-03-30,620,1,362.15,1,1,2,2,112,Lost
12903,United Kingdom,2010-10-07,2010-10-07,429,1,833.53,1,1,3,2,113,Lost
17492,United Kingdom,2010-07-09,2011-04-05,249,3,1122.42,2,3,3,3,233,At Risk
16248,United Kingdom,2011-10-09,2011-10-09,62,1,152.94,3,1,1,1,311,About to Sleep
15082,United Kingdom,2010-02-09,2010-02-09,669,1,93.35,1,1,1,1,111,Lost
14023,United Kingdom,2011-04-03,2011-12-02,8,2,584.07,5,2,2,2,522,Potential Loyalists
16185,United Kingdom,2010-05-24,2011-11-23,17,3,644.72,5,3,3,3,533,Loyal Customers
15642,United Kingdom,2009-12-10,2009-12-10,730,1,105.78,1,1,1,1,111,Lost
13577,United Kingdom,2009-12-14,2011-11-14,26,11,3346.62,4,5,5,5,455,Champions
17616,United Kingdom,2010-09-14,2011-06-19,174,4,734.40,3,3,3,3,333,Loyal Customers
17498,United Kingdom,2011-09-25,2011-09-25,76,1,272.22,3,1,2,2,312,Need Attention
13793,United Kingdom,2010-03-03,2010-03-03,647,1,96.00,1,1,1,1,111,Lost
13661,United Kingdom,2010-04-15,2010-04-15,604,1,325.24,1,1,2,2,112,Lost
17622,United Kingdom,2010-04-20,2010-04-21,598,2,1125.17,1,2,3,3,123,At Risk
14647,United Kingdom,2010-07-04,2011-05-22,202,2,506.04,2,2,2,2,222,Hibernating
17185,United Kingdom,2010-04-20,2010-04-27,592,3,229.46,1,3,1,2,131,Lost
17033,United Kingdom,2010-11-07,2011-09-14,87,4,1332.79,3,3,4,4,334,Loyal Customers
13454,United Kingdom,2010-03-08,2010-03-08,642,1,219.87,1,1,1,1,111,Lost
12960,United Kingdom,2010-02-16,2010-10-22,414,4,1322.07,1,3,4,4,134,At Risk
15500,United Kingdom,2011-09-19,2011-12-01,9,4,1131.56,5,3,3,3,533,Loyal Customers
16831,United Kingdom,2010-05-24,2010-05-24,565,1,91.80,1,1,1,1,111,Lost
13677,United Kingdom,2010-07-07,2010-10-31,405,2,551.24,2,2,2,2,222,Hibernating
16431,United Kingdom,2011-02-15,2011-05-10,214,3,623.28,2,3,3,3,233,At Risk
12792,Portugal,2010-06-23,2011-03-28,257,2,715.01,2,2,3,3,223,At Risk
16155,United Kingdom,2010-06-18,2010-11-23,382,5,781.05,2,4,3,4,243,At Risk
13490,United Kingdom,2010-02-23,2010-02-23,655,1,154.25,1,1,1,1,111,Lost
13651,United Kingdom,2010-11-23,2011-10-31,40,2,193.95,4,2,1,2,421,Potential Loyalists
16763,United Kingdom,2009-12-01,2011-05-25,199,2,947.75,2,2,3,3,223,At Risk
15352,United Kingdom,2010-06-09,2010-06-09,549,1,111.15,1,1,1,1,111,Lost
15167,United Kingdom,2010-02-04,2011-01-23,321,5,1627.62,2,4,4,4,244,At Risk
13189,United Kingdom,2011-08-16,2011-11-21,19,2,260.68,5,2,1,2,521,Potential Loyalists
16799,United Kingdom,2010-09-12,2010-10-03,433,2,447.83,1,2,2,2,122,Lost
18213,United Kingdom,2011-04-17,2011-04-17,237,1,232.48,2,1,1,1,211,Hibernating
12593,France,2011-05-05,2011-08-23,109,3,382.10,3,3,2,3,332,Loyal Customers
12814,Poland,2011-08-30,2011-08-30,102,1,85.92,3,1,1,1,311,About to Sleep
16547,United Kingdom,2010-06-11,2010-06-11,547,1,104.26,1,1,1,1,111,Lost
16644,United Kingdom,2011-05-11,2011-06-15,178,2,833.78,3,2,3,3,323,Loyal Customers
15417,United Kingdom,2011-09-15,2011-09-15,86,1,508.80,3,1,2,2,312,Need Attention
12396,RSA,2010-02-03,2010-02-03,675,1,931.43,1,1,3,2,113,Lost
13191,United Kingdom,2010-02-19,2010-02-19,659,1,159.21,1,1,1,1,111,Lost
16697,United Kingdom,2011-04-12,2011-04-12,242,1,112.75,2,1,1,1,211,Hibernating
13250,United Kingdom,2010-07-25,2010-09-05,461,2,245.59,1,2,1,2,121,Lost
15663,United Kingdom,2011-08-25,2011-08-25,107,1,138.14,3,1,1,1,311,About to Sleep
15837,United Kingdom,2010-08-11,2011-10-06,65,2,777.01,3,2,3,3,323,Loyal Customers
16704,United Kingdom,2010-02-05,2010-03-31,619,2,664.16,1,2,3,3,123,At Risk
15792,United Kingdom,2010-03-31,2010-11-05,400,2,933.84,2,2,3,3,223,At Risk
17993,United Kingdom,2010-04-01,2010-04-01,618,1,225.99,1,1,1,1,111,Lost
15515,United Kingdom,2010-11-17,2010-11-17,388,1,171.81,2,1,1,1,211,Hibernating
12892,United Kingdom,2010-11-08,2010-11-08,397,1,263.38,2,1,1,1,211,Hibernating
16866,United Kingdom,2011-07-01,2011-07-22,141,3,207.74,3,3,1,2,331,Need Attention
13006,United Kingdom,2011-10-14,2011-10-14,57,1,81.57,4,1,1,1,411,Promising
17427,United Kingdom,2011-09-29,2011-09-29,72,1,100.80,3,1,1,1,311,About to Sleep
13106,United Kingdom,2010-10-22,2011-07-29,134,2,586.46,3,2,2,2,322,Need Attention
17967,United Kingdom,2010-10-19,2010-12-03,372,2,223.42,2,2,1,2,221,Hibernating
14848,United Kingdom,2010-10-31,2010-10-31,405,1,310.56,2,1,2,2,212,Hibernating
14923,United Kingdom,2011-10-20,2011-10-20,51,1,749.10,4,1,3,2,413,Potential Loyalists
17099,United Kingdom,2010-06-24,2010-06-24,534,1,582.17,1,1,2,2,112,Lost
13716,United Kingdom,2011-03-15,2011-03-15,270,1,138.28,2,1,1,1,211,Hibernating
12796,Netherlands,2010-03-21,2010-03-21,629,1,351.00,1,1,2,2,112,Lost
16274,United Kingdom,2010-12-01,2010-12-01,374,1,331.55,2,1,2,2,212,Hibernating
14041,United Kingdom,2011-03-18,2011-03-18,267,1,141.41,2,1,1,1,211,Hibernating
14890,United Kingdom,2010-02-18,2011-03-31,254,3,817.25,2,3,3,3,233,At Risk
13105,United Kingdom,2010-09-29,2010-09-29,437,1,72.00,1,1,1,1,111,Lost
12587,Finland,2011-12-02,2011-12-02,8,1,104.00,5,1,1,1,511,New Customers
13625,United Kingdom,2010-04-22,2010-04-22,597,1,301.26,1,1,2,2,112,Lost
17793,United Kingdom,2011-11-14,2011-11-14,26,1,300.34,4,1,2,2,412,Potential Loyalists
17767,United Kingdom,2010-10-25,2011-11-24,16,2,413.05,5,2,2,2,522,Potential Loyalists
18140,West Indies,2010-08-23,2010-08-23,474,1,536.41,1,1,2,2,112,Lost
16267,United Kingdom,2010-04-27,2010-04-27,592,1,186.66,1,1,1,1,111,Lost
16280,United Kingdom,2009-12-14,2009-12-14,726,1,238.05,1,1,1,1,111,Lost
17535,United Kingdom,2011-03-04,2011-03-04,281,1,164.40,2,1,1,1,211,Hibernating
13071,United Kingdom,2010-04-06,2010-04-06,613,1,129.22,1,1,1,1,111,Lost
15463,United Kingdom,2011-11-10,2011-11-10,30,1,126.14,4,1,1,1,411,Promising
18028,United Kingdom,2010-05-05,2010-05-05,584,1,192.05,1,1,1,1,111,Lost
13096,United Kingdom,2010-11-10,2010-11-10,395,1,419.70,2,1,2,2,212,Hibernating
16277,United Kingdom,2009-12-06,2009-12-06,734,1,188.69,1,1,1,1,111,Lost
17128,United Kingdom,2011-01-09,2011-01-09,335,1,157.09,2,1,1,1,211,Hibernating
13522,United Kingdom,2011-11-09,2011-11-09,31,1,125.80,4,1,1,1,411,Promising
14124,United Kingdom,2011-09-16,2011-09-16,85,1,419.58,3,1,2,2,312,Need Attention
18184,United Kingdom,2011-11-24,2011-11-24,16,1,49.80,5,1,1,1,511,New Customers
15311,United Kingdom,2009-12-01,2011-12-09,1,207,111444.36,5,5,5,5,555,Champions
14156,EIRE,2009-12-01,2011-11-30,10,144,297775.01,5,5,5,5,555,Champions
13473,United Kingdom,2009-12-15,2011-10-10,61,8,2410.98,3,4,4,4,344,Loyal Customers
17799,United Kingdom,2009-12-13,2011-11-17,23,20,6121.78,4,5,5,5,455,Champions
13012,United Kingdom,2010-04-26,2011-11-30,10,11,2581.28,5,5,4,5,554,Champions
13725,United Kingdom,2011-02-04,2011-10-21,50,8,1809.81,4,4,4,4,444,Champions
13450,United Kingdom,2010-04-15,2011-11-13,27,13,4117.54,4,5,5,5,455,Champions
17920,United Kingdom,2009-12-06,2011-12-05,5,54,23563.33,5,5,5,5,555,Champions
17965,United Kingdom,2009-12-14,2011-11-02,38,29,6879.70,4,5,5,5,455,Champions
13536,United Kingdom,2011-09-25,2011-12-08,2,7,3444.39,5,4,5,5,545,Champions
17671,United Kingdom,2010-11-29,2011-11-24,16,5,1720.53,5,4,4,4,544,Champions
17757,United Kingdom,2010-01-13,2011-12-08,2,56,8990.49,5,5,5,5,555,Champions
16968,United Kingdom,2011-08-24,2011-12-05,5,2,439.43,5,2,2,2,522,Potential Loyalists
17978,United Kingdom,2009-12-08,2010-12-09,366,4,1159.99,2,3,3,3,233,At Risk
17338,United Kingdom,2010-03-10,2011-11-22,18,17,11777.49,5,5,5,5,555,Champions
14467,United Kingdom,2009-12-02,2011-11-22,18,12,2203.24,5,5,4,5,554,Champions
17095,United Kingdom,2009-12-15,2011-11-17,23,7,2520.75,4,4,4,4,444,Champions
14631,United Kingdom,2010-08-09,2011-10-20,51,6,2023.17,4,4,4,4,444,Champions
16635,United Kingdom,2010-10-29,2010-10-29,407,1,473.00,2,1,2,2,212,Hibernating
17983,United Kingdom,2010-11-09,2010-11-09,396,1,171.71,2,1,1,1,211,Hibernating
16740,United Kingdom,2010-11-09,2010-11-09,396,1,226.91,2,1,1,1,211,Hibernating
16924,United Kingdom,2011-09-16,2011-11-18,22,3,722.64,4,3,3,3,433,Loyal Customers
13805,United Kingdom,2011-08-02,2011-10-18,53,2,924.60,4,2,3,3,423,Loyal Customers
16633,United Kingdom,2011-04-19,2011-11-22,18,6,2878.15,5,4,5,5,545,Champions
14664,United Kingdom,2011-11-06,2011-11-20,20,2,636.24,5,2,3,3,523,Loyal Customers
12695,France,2010-02-12,2011-12-02,8,7,1371.12,5,4,4,4,544,Champions
16939,United Kingdom,2010-02-28,2010-08-08,489,3,433.85,1,3,2,3,132,At Risk
16466,United Kingdom,2010-03-07,2011-11-06,34,15,3642.09,4,5,5,5,455,Champions
13305,United Kingdom,2010-03-10,2011-12-05,5,16,3616.41,5,5,5,5,555,Champions
17345,United Kingdom,2009-12-01,2011-11-24,16,10,1466.33,5,5,4,5,554,Champions
16683,United Kingdom,2010-06-24,2010-06-24,534,1,309.35,1,1,2,2,112,Lost
16428,United Kingdom,2010-07-30,2010-10-22,414,3,635.54,1,3,3,3,133,At Risk
13476,United Kingdom,2010-03-05,2011-06-14,179,5,1915.77,3,4,4,4,344,Loyal Customers
12747,United Kingdom,2009-12-07,2011-12-07,3,26,8786.53,5,5,5,5,555,Champions
13333,United Kingdom,2010-02-19,2010-10-24,412,3,1015.74,1,3,3,3,133,At Risk
16434,United Kingdom,2010-01-17,2011-11-10,30,12,2658.99,4,5,4,5,454,Champions
14628,United Kingdom,2010-01-25,2011-09-09,92,5,1998.00,3,4,4,4,344,Loyal Customers
16330,United Kingdom,2010-02-15,2011-11-22,18,7,615.68,5,4,3,4,543,Champions
17257,United Kingdom,2010-09-29,2010-09-29,437,2,189.78,1,2,1,2,121,Lost
16522,United Kingdom,2010-09-15,2010-09-30,436,2,433.36,1,2,2,2,122,Lost
18260,United Kingdom,2009-12-15,2011-06-20,173,23,9737.10,3,5,5,5,355,Loyal Customers
16072,United Kingdom,2010-06-08,2011-02-24,289,4,4180.09,2,3,5,4,235,At Risk
15838,United Kingdom,2009-12-15,2011-11-28,12,34,72738.93,5,5,5,5,555,Champions
13196,United Kingdom,2010-04-01,2011-11-28,12,7,3059.64,5,4,5,5,545,Champions
16657,United Kingdom,2011-03-30,2011-11-30,10,4,874.43,5,3,3,3,533,Loyal Customers
13740,United Kingdom,2009-12-02,2011-04-13,241,5,1582.77,2,4,4,4,244,At Risk
15906,United Kingdom,2010-09-15,2011-11-20,20,10,2442.44,5,5,4,5,554,Champions
14823,United Kingdom,2011-05-29,2011-06-12,181,3,321.43,3,3,2,3,332,Loyal Customers
17581,United Kingdom,2009-12-03,2011-12-09,1,43,17543.99,5,5,5,5,555,Champions
15467,United Kingdom,2011-07-10,2011-11-30,10,3,511.88,5,3,2,3,532,Loyal Customers
13224,United Kingdom,2011-07-11,2011-10-10,61,2,2147.85,3,2,4,3,324,Loyal Customers
16379,United Kingdom,2011-09-22,2011-12-05,5,4,2131.90,5,3,4,4,534,Champions
15793,United Kingdom,2009-12-01,2011-11-25,15,8,2382.92,5,4,4,4,544,Champions
17085,United Kingdom,2009-12-06,2011-08-08,124,28,7705.27,3,5,5,5,355,Loyal Customers
16600,United Kingdom,2009-12-18,2011-12-05,5,13,2093.56,5,5,4,5,554,Champions
14256,United Kingdom,2010-01-14,2011-03-24,261,5,2384.14,2,4,4,4,244,At Risk
18176,United Kingdom,2010-12-16,2010-12-16,359,1,448.65,2,1,2,2,212,Hibernating
14978,United Kingdom,2010-04-28,2011-09-28,73,10,3076.39,3,5,5,5,355,Loyal Customers
14443,United Kingdom,2010-11-25,2011-10-17,54,5,2063.65,4,4,4,4,444,Champions
15326,United Kingdom,2009-12-01,2011-01-10,334,5,1529.82,2,4,4,4,244,At Risk
13698,United Kingdom,2010-01-27,2010-04-22,597,2,451.73,1,2,2,2,122,Lost
13619,United Kingdom,2010-02-03,2010-06-13,545,2,223.44,1,2,1,2,121,Lost
14085,United Kingdom,2009-12-08,2011-12-07,3,32,9692.92,5,5,5,5,555,Champions
16180,United Kingdom,2010-06-23,2011-08-31,101,13,16170.27,3,5,5,5,355,Loyal Customers
15002,United Kingdom,2010-01-12,2011-08-16,116,9,4138.08,3,5,5,5,355,Loyal Customers
14399,United Kingdom,2010-02-03,2010-11-10,395,8,2093.21,2,4,4,4,244,At Risk
16958,United Kingdom,2010-09-30,2010-09-30,436,1,778.49,1,1,3,2,113,Lost
14645,United Kingdom,2010-03-15,2011-07-06,157,3,840.24,3,3,3,3,333,Loyal Customers
16374,United Kingdom,2010-04-30,2011-10-04,67,5,1709.55,3,4,4,4,344,Loyal Customers
16906,United Kingdom,2010-05-13,2011-09-19,82,7,1410.07,3,4,4,4,344,Loyal Customers
17949,United Kingdom,2009-12-02,2011-12-08,2,116,98469.06,5,5,5,5,555,Champions
17230,United Kingdom,2009-12-08,2011-03-20,265,18,9159.45,2,5,5,5,255,Cannot Lose Them
17690,United Kingdom,2010-02-03,2011-11-09,31,20,6954.30,4,5,5,5,455,Champions
18210,United Kingdom,2010-11-22,2011-12-08,2,7,2768.83,5,4,4,4,544,Champions
14558,United Kingdom,2009-12-08,2010-02-23,655,3,614.10,1,3,3,3,133,At Risk
17138,United Kingdom,2010-02-04,2011-03-09,276,7,4417.27,2,4,5,5,245,Cannot Lose Them
14258,United Kingdom,2009-12-04,2011-11-30,10,25,31027.35,5,5,5,5,555,Champions
15938,United Kingdom,2010-06-01,2011-08-19,113,9,734.81,3,5,3,4,353,Loyal Customers
14828,United Kingdom,2009-12-07,2011-05-27,197,13,9803.46,2,5,5,5,255,Cannot Lose Them
17293,United Kingdom,2009-12-03,2011-12-01,9,17,3750.63,5,5,5,5,555,Champions
13634,United Kingdom,2010-01-10,2011-11-06,34,15,4434.16,4,5,5,5,455,Champions
15918,United Kingdom,2010-03-18,2011-06-02,191,3,582.88,2,3,2,3,232,At Risk
13262,United Kingdom,2010-04-18,2011-03-21,264,3,573.45,2,3,2,3,232,At Risk
12839,United Kingdom,2009-12-07,2011-12-07,3,26,9529.72,5,5,5,5,555,Champions
13352,United Kingdom,2011-10-10,2011-10-10,61,1,339.28,3,1,2,2,312,Need Attention
16836,United Kingdom,2010-05-14,2011-10-31,40,4,782.37,4,3,3,3,433,Loyal Customers
17659,United Kingdom,2010-11-18,2011-11-22,18,14,3536.33,5,5,5,5,555,Champions
14582,United Kingdom,2011-10-30,2011-10-30,41,1,114.11,4,1,1,1,411,Promising
14590,United Kingdom,2009-12-07,2010-10-11,425,20,2871.04,1,5,5,5,155,Cannot Lose Them
15079,United Kingdom,2009-12-08,2011-05-11,213,11,3546.75,2,5,5,5,255,Cannot Lose Them
14597,United Kingdom,2010-09-28,2011-11-28,12,6,2184.63,5,4,4,4,544,Champions
17848,United Kingdom,2009-12-06,2011-09-19,82,30,3525.71,3,5,5,5,355,Loyal Customers
15783,United Kingdom,2011-11-29,2011-11-29,11,1,246.30,5,1,1,1,511,New Customers
17930,United Kingdom,2010-03-04,2011-11-04,36,13,4242.92,4,5,5,5,455,Champions
13374,United Kingdom,2010-09-16,2010-10-21,415,2,372.80,1,2,2,2,122,Lost
15956,United Kingdom,2009-12-13,2010-06-06,552,2,617.60,1,2,3,3,123,At Risk
12755,Japan,2010-01-15,2011-03-04,281,11,2629.50,2,5,4,5,254,Cannot Lose Them
13854,United Kingdom,2010-01-08,2011-12-01,9,39,11848.81,5,5,5,5,555,Champions
15299,United Kingdom,2010-01-12,2011-10-03,68,9,5550.52,3,5,5,5,355,Loyal Customers
14746,United Kingdom,2010-10-12,2010-10-29,407,4,593.50,2,3,3,3,233,At Risk
14897,United Kingdom,2009-12-15,2011-12-02,8,8,3100.74,5,4,5,5,545,Champions
13431,United Kingdom,2010-02-18,2011-10-03,68,8,3289.24,3,4,5,5,345,Loyal Customers
18167,United Kingdom,2011-08-26,2011-11-16,24,3,1361.51,4,3,4,4,434,Champions
15468,United Kingdom,2010-11-12,2011-10-19,52,3,1387.48,4,3,4,4,434,Champions
13404,United Kingdom,2011-05-11,2011-12-08,2,2,252.49,5,2,1,2,521,Potential Loyalists
13172,United Kingdom,2010-11-04,2010-11-04,401,1,69.60,2,1,1,1,211,Hibernating
12616,France,2010-11-16,2011-09-05,96,3,937.35,3,3,3,3,333,Loyal Customers
12427,Germany,2010-12-03,2011-11-18,22,3,582.37,4,3,2,3,432,Loyal Customers
12600,Germany,2009-12-07,2011-11-11,29,20,4343.60,4,5,5,5,455,Champions
13433,United Kingdom,2010-01-12,2010-07-26,502,4,656.87,1,3,3,3,133,At Risk
16736,United Kingdom,2009-12-03,2010-07-22,506,5,2904.51,1,4,5,5,145,Cannot Lose Them
15641,United Kingdom,2009-12-06,2011-08-26,106,12,5345.55,3,5,5,5,355,Loyal Customers
13425,United Kingdom,2010-05-09,2011-08-23,109,5,3362.73,3,4,5,5,345,Loyal Customers
17504,United Kingdom,2010-02-08,2011-05-17,207,18,9238.42,2,5,5,5,255,Cannot Lose Them
13131,United Kingdom,2010-02-09,2011-11-16,24,7,3279.77,4,4,5,5,445,Champions
14508,United Kingdom,2010-06-17,2011-11-17,23,5,804.07,4,4,3,4,443,Champions
12523,France,2009-12-07,2011-11-20,20,23,3877.05,5,5,5,5,555,Champions
16340,United Kingdom,2010-06-06,2011-08-24,108,3,1496.24,3,3,4,4,334,Loyal Customers
16094,United Kingdom,2010-04-16,2011-11-28,12,11,3599.16,5,5,5,5,555,Champions
15626,United Kingdom,2010-10-14,2011-09-26,75,3,1049.37,3,3,3,3,333,Loyal Customers
15678,United Kingdom,2010-07-05,2011-10-18,53,3,1825.94,4,3,4,4,434,Champions
15411,United Kingdom,2011-06-10,2011-11-13,27,4,1336.43,4,3,4,4,434,Champions
15505,United Kingdom,2011-07-07,2011-10-18,53,5,3497.14,4,4,5,5,445,Champions
13697,United Kingdom,2011-11-01,2011-11-01,39,1,151.30,4,1,1,1,411,Promising
12708,Germany,2009-12-18,2011-11-10,30,18,4381.72,4,5,5,5,455,Champions
16887,United Kingdom,2009-12-01,2011-11-04,36,3,658.17,4,3,3,3,433,Loyal Customers
14831,United Kingdom,2009-12-02,2010-01-28,681,3,1623.97,1,3,4,4,134,At Risk
13214,United Kingdom,2010-03-03,2010-10-18,418,7,3264.23,1,4,5,5,145,Cannot Lose Them
17092,United Kingdom,2010-02-02,2011-10-20,51,11,5479.76,4,5,5,5,455,Champions
16841,United Kingdom,2010-01-12,2011-11-03,37,12,3841.16,4,5,5,5,455,Champions
15433,United Kingdom,2011-03-17,2011-05-10,214,2,417.87,2,2,2,2,222,Hibernating
15059,United Kingdom,2009-12-06,2011-10-30,41,19,3394.45,4,5,5,5,455,Champions
17530,United Kingdom,2009-12-06,2011-12-08,2,12,2786.15,5,5,4,5,554,Champions
13015,United Kingdom,2010-04-15,2011-10-17,54,11,6459.08,4,5,5,5,455,Champions
17548,United Kingdom,2010-11-08,2011-04-20,234,4,486.48,2,3,2,3,232,At Risk
14131,United Kingdom,2010-03-01,2010-03-01,649,1,168.22,1,1,1,1,111,Lost
16947,United Kingdom,2010-03-03,2011-04-18,236,4,906.31,2,3,3,3,233,At Risk
16435,United Kingdom,2010-07-13,2010-07-15,513,3,1003.07,1,3,3,3,133,At Risk
12963,United Kingdom,2010-07-08,2011-12-01,9,12,3162.59,5,5,5,5,555,Champions
18173,United Kingdom,2010-04-06,2011-09-14,87,5,2696.36,3,4,4,4,344,Loyal Customers
14522,United Kingdom,2010-01-24,2011-11-15,25,8,1748.42,4,4,4,4,444,Champions
16966,United Kingdom,2011-04-13,2011-12-01,9,7,2148.97,5,4,4,4,544,Champions
17311,United Kingdom,2010-02-03,2011-09-22,79,6,3490.66,3,4,5,5,345,Loyal Customers
14363,United Kingdom,2010-09-14,2010-11-02,403,2,227.47,2,2,1,2,221,Hibernating
14419,United Kingdom,2010-11-22,2011-11-29,11,7,1254.64,5,4,4,4,544,Champions
16892,United Kingdom,2009-12-08,2011-12-08,2,7,726.05,5,4,3,4,543,Champions
15262,United Kingdom,2010-08-08,2011-01-20,324,3,418.82,2,3,2,3,232,At Risk
15072,United Kingdom,2010-08-17,2010-08-17,480,1,187.52,1,1,1,1,111,Lost
12601,Germany,2010-10-31,2011-06-03,190,6,565.76,2,4,2,3,242,At Risk
13080,United Kingdom,2010-04-09,2011-06-13,180,4,260.83,3,3,1,2,331,Need Attention
15873,United Kingdom,2010-07-27,2010-07-28,500,4,138.24,1,3,1,2,131,Lost
18191,United Kingdom,2010-08-19,2011-03-23,262,2,529.40,2,2,2,2,222,Hibernating
13145,United Kingdom,2010-04-19,2011-10-31,40,7,1124.77,4,4,3,4,443,Champions
12828,United Kingdom,2011-08-01,2011-12-07,3,6,1018.71,5,4,3,4,543,Champions
17119,United Kingdom,2011-10-11,2011-12-06,4,2,593.61,5,2,3,3,523,Loyal Customers
12559,Germany,2011-01-24,2011-02-02,311,2,500.21,2,2,2,2,222,Hibernating
14173,United Kingdom,2009-12-09,2011-11-29,11,6,566.95,5,4,2,3,542,Loyal Customers
17115,United Kingdom,2009-12-05,2011-12-01,9,7,2616.29,5,4,4,4,544,Champions
14352,United Kingdom,2011-03-11,2011-07-05,158,4,1078.96,3,3,3,3,333,Loyal Customers
17656,United Kingdom,2011-08-03,2011-09-27,74,5,1674.69,3,4,4,4,344,Loyal Customers
15108,European Community,2011-04-26,2011-07-21,142,3,1150.75,3,3,3,3,333,Loyal Customers
13212,United Kingdom,2011-10-09,2011-11-20,20,3,779.33,5,3,3,3,533,Loyal Customers
16732,United Kingdom,2009-12-08,2011-11-08,32,4,3966.79,4,3,5,4,435,Champions
14235,United Kingdom,2010-03-30,2011-09-25,76,9,4666.99,3,5,5,5,355,Loyal Customers
17948,United Kingdom,2011-07-15,2011-07-15,148,1,358.56,3,1,2,2,312,Need Attention
12679,France,2011-03-01,2011-10-12,59,4,896.67,4,3,3,3,433,Loyal Customers
12919,United Kingdom,2011-06-23,2011-12-01,9,6,1301.44,5,4,4,4,544,Champions
13826,United Kingdom,2011-06-16,2011-06-16,177,1,179.55,3,1,1,1,311,About to Sleep
17897,United Kingdom,2010-05-12,2011-06-20,173,9,2027.54,3,5,4,5,354,Loyal Customers
15106,United Kingdom,2011-03-15,2011-11-22,18,5,1407.73,5,4,4,4,544,Champions
12453,Austria,2011-07-28,2011-07-28,135,1,707.09,3,1,3,2,313,Need Attention
15861,United Kingdom,2010-01-28,2011-11-27,13,12,4177.10,5,5,5,5,555,Champions
15400,United Kingdom,2010-05-28,2011-09-08,93,8,1252.80,3,4,4,4,344,Loyal Customers
16069,United Kingdom,2010-10-18,2010-10-18,418,1,457.70,1,1,2,2,112,Lost
17490,United Kingdom,2010-05-19,2011-12-09,1,9,2595.01,5,5,4,5,554,Champions
14446,United Kingdom,2010-11-18,2011-12-09,1,5,1195.48,5,4,4,4,544,Champions
17737,United Kingdom,2011-10-12,2011-11-30,10,2,168.24,5,2,1,2,521,Potential Loyalists
14556,United Kingdom,2010-01-20,2010-04-22,597,3,815.69,1,3,3,3,133,At Risk
15988,United Kingdom,2010-02-21,2011-11-20,20,3,736.39,5,3,3,3,533,Loyal Customers
17649,United Kingdom,2010-08-24,2011-07-24,139,3,1542.44,3,3,4,4,334,Loyal Customers
12348,Finland,2010-09-27,2011-09-25,76,5,1658.40,3,4,4,4,344,Loyal Customers
18266,United Kingdom,2010-10-01,2010-10-01,435,1,251.10,1,1,1,1,111,Lost
13838,United Kingdom,2010-05-09,2011-12-04,6,10,1690.07,5,5,4,5,554,Champions
13344,United Kingdom,2011-03-07,2011-10-03,68,3,2511.69,3,3,4,4,334,Loyal Customers
13432,United Kingdom,2010-04-06,2010-05-17,572,2,436.55,1,2,2,2,122,Lost
17655,United Kingdom,2010-10-19,2011-11-29,11,9,2909.18,5,5,5,5,555,Champions
17250,United Kingdom,2011-03-23,2011-12-06,4,2,381.97,5,2,2,2,522,Potential Loyalists
15350,United Kingdom,2010-11-21,2010-12-01,374,2,547.60,2,2,2,2,222,Hibernating
14303,United Kingdom,2010-10-01,2010-10-28,408,2,277.94,2,2,2,2,222,Hibernating
17175,United Kingdom,2011-02-16,2011-10-26,45,4,1430.94,4,3,4,4,434,Champions
16532,United Kingdom,2010-03-29,2011-11-22,18,5,8756.64,5,4,5,5,545,Champions
13030,United Kingdom,2010-12-06,2011-11-28,12,2,752.44,5,2,3,3,523,Loyal Customers
17204,United Kingdom,2010-06-10,2011-06-17,176,9,5263.69,3,5,5,5,355,Loyal Customers
13389,United Kingdom,2011-04-21,2011-11-28,12,3,797.96,5,3,3,3,533,Loyal Customers
17683,United Kingdom,2010-06-03,2010-11-19,386,3,819.01,2,3,3,3,233,At Risk
14962,United Kingdom,2010-05-04,2011-03-14,271,4,366.91,2,3,2,3,232,At Risk
14913,United Kingdom,2010-08-11,2011-11-04,36,8,4073.13,4,4,5,5,445,Champions
14524,United Kingdom,2010-10-19,2011-11-08,32,13,2909.86,4,5,5,5,455,Champions
13460,United Kingdom,2011-10-21,2011-11-10,30,2,183.44,4,2,1,2,421,Potential Loyalists
16081,United Kingdom,2010-02-03,2011-10-14,57,8,4278.96,4,4,5,5,445,Champions
13966,United Kingdom,2010-09-30,2010-09-30,436,1,384.26,1,1,2,2,112,Lost
13825,United Kingdom,2009-12-09,2010-03-28,622,2,255.59,1,2,1,2,121,Lost
14990,United Kingdom,2009-12-09,2010-04-06,613,2,304.17,1,2,2,2,122,Lost
15966,United Kingdom,2010-09-15,2010-09-15,451,1,399.58,1,1,2,2,112,Lost
15173,United Kingdom,2010-04-01,2010-11-24,381,7,1399.26,2,4,4,4,244,At Risk
14409,United Kingdom,2010-05-21,2011-09-29,72,9,3276.09,3,5,5,5,355,Loyal Customers
14286,United Kingdom,2009-12-04,2011-11-16,24,7,8396.70,4,4,5,5,445,Champions
12797,Portugal,2010-10-11,2010-12-09,366,2,387.43,2,2,2,2,222,Hibernating
16065,United Kingdom,2010-09-02,2010-12-09,366,8,1975.13,2,4,4,4,244,At Risk
17410,United Kingdom,2011-05-08,2011-11-23,17,5,1214.72,5,4,4,4,544,Champions
13642,United Kingdom,2010-10-03,2011-05-08,216,4,459.45,2,3,2,3,232,At Risk
16354,United Kingdom,2010-04-27,2011-10-07,64,5,1119.46,3,4,3,4,343,Loyal Customers
17638,United Kingdom,2009-12-18,2010-03-02,648,2,842.40,1,2,3,3,123,At Risk
16286,United Kingdom,2010-03-26,2010-08-19,478,2,263.65,1,2,1,2,121,Lost
14119,United Kingdom,2009-12-21,2010-11-29,376,2,163.47,2,2,1,2,221,Hibernating
16384,United Kingdom,2010-04-28,2011-09-11,90,4,1358.95,3,3,4,4,334,Loyal Customers
15559,United Kingdom,2010-05-20,2010-05-20,569,1,1109.40,1,1,3,2,113,Lost
17254,United Kingdom,2010-11-03,2011-12-05,5,3,469.48,5,3,2,3,532,Loyal Customers
14605,United Kingdom,2009-12-08,2010-11-30,375,4,920.71,2,3,3,3,233,At Risk
18125,United Kingdom,2011-01-27,2011-11-10,30,4,1130.10,4,3,3,3,433,Loyal Customers
17751,United Kingdom,2010-10-14,2010-10-14,422,1,157.86,1,1,1,1,111,Lost
12667,Finland,2011-10-12,2011-10-12,59,1,460.13,4,1,2,2,412,Potential Loyalists
14098,United Kingdom,2011-11-03,2011-11-03,37,1,147.35,4,1,1,1,411,Promising
14863,United Kingdom,2011-11-10,2011-11-10,30,1,266.76,4,1,1,1,411,Promising
14670,United Kingdom,2009-12-07,2011-03-04,281,3,583.33,2,3,2,3,232,At Risk
13479,United Kingdom,2010-08-19,2011-05-23,201,4,808.50,2,3,3,3,233,At Risk
12590,Germany,2011-05-12,2011-05-12,212,1,9330.48,2,1,5,3,215,At Risk
18147,United Kingdom,2011-08-23,2011-10-25,46,2,179.34,4,2,1,2,421,Potential Loyalists
12785,Portugal,2009-12-08,2010-12-10,365,3,883.31,2,3,3,3,233,At Risk
17320,United Kingdom,2010-01-21,2011-08-31,101,6,2444.85,3,4,4,4,344,Loyal Customers
14577,United Kingdom,2009-12-11,2011-11-27,13,7,1364.15,5,4,4,4,544,Champions
15820,United Kingdom,2011-01-24,2011-01-24,320,1,206.98,2,1,1,1,211,Hibernating
13359,United Kingdom,2010-11-01,2011-10-07,64,2,901.96,3,2,3,3,323,Loyal Customers
16573,United Kingdom,2011-02-22,2011-09-16,85,2,648.41,3,2,3,3,323,Loyal Customers
13933,United Kingdom,2011-07-14,2011-08-22,110,2,608.79,3,2,3,3,323,Loyal Customers
13551,United Kingdom,2010-02-11,2011-01-24,320,2,244.20,2,2,1,2,221,Hibernating
15650,United Kingdom,2010-03-21,2010-07-06,522,2,539.03,1,2,2,2,122,Lost
14175,United Kingdom,2010-03-22,2011-10-11,60,8,7350.44,3,4,5,5,345,Loyal Customers
13169,United Kingdom,2010-05-26,2011-10-07,64,3,840.08,3,3,3,3,333,Loyal Customers
12802,Netherlands,2010-05-25,2011-06-06,187,5,2120.42,3,4,4,4,344,Loyal Customers
16357,United Kingdom,2010-11-23,2011-11-06,34,4,868.37,4,3,3,3,433,Loyal Customers
13868,United Kingdom,2011-11-01,2011-12-02,8,2,3192.54,5,2,5,4,525,Champions
17741,United Kingdom,2010-05-28,2010-10-29,407,2,101.10,2,2,1,2,221,Hibernating
14786,United Kingdom,2010-06-07,2010-06-07,551,1,90.96,1,1,1,1,111,Lost
17698,United Kingdom,2011-03-24,2011-03-24,261,1,154.95,2,1,1,1,211,Hibernating
14976,United Kingdom,2011-01-17,2011-10-13,58,6,749.86,4,4,3,4,443,Champions
12513,France,2011-08-19,2011-08-19,113,1,532.79,3,1,2,2,312,Need Attention
17484,United Kingdom,2010-03-25,2010-05-12,577,2,209.57,1,2,1,2,121,Lost
14483,United Kingdom,2009-12-03,2011-03-03,282,2,249.20,2,2,1,2,221,Hibernating
18063,United Kingdom,2010-03-16,2010-11-14,391,2,186.60,2,2,1,2,221,Hibernating
15900,United Kingdom,2010-05-26,2011-11-16,24,4,876.67,4,3,3,3,433,Loyal Customers
16974,United Kingdom,2010-05-24,2010-07-05,523,2,365.50,1,2,2,2,122,Lost
15337,United Kingdom,2010-10-24,2010-10-24,412,1,344.72,1,1,2,2,112,Lost
14013,United Kingdom,2010-03-26,2011-08-21,111,5,1006.22,3,4,3,4,343,Loyal Customers
12760,Netherlands,2010-09-10,2010-09-10,456,1,317.80,1,1,2,2,112,Lost
12565,Saudi Arabia,2011-02-24,2011-02-24,289,1,131.17,2,1,1,1,211,Hibernating
13937,United Kingdom,2010-11-02,2011-06-23,170,2,867.38,3,2,3,3,323,Loyal Customers
15787,United Kingdom,2011-10-09,2011-11-13,27,3,933.26,4,3,3,3,433,Loyal Customers
15598,United Kingdom,2010-10-08,2011-10-17,54,2,543.02,4,2,2,2,422,Potential Loyalists
15336,United Kingdom,2010-11-03,2010-11-03,402,1,240.50,2,1,1,1,211,Hibernating
15643,United Kingdom,2011-03-02,2011-06-01,192,3,647.40,2,3,3,3,233,At Risk
12934,United Kingdom,2009-12-03,2009-12-03,737,1,181.65,1,1,1,1,111,Lost
12775,Netherlands,2010-10-26,2011-11-22,18,7,1516.32,5,4,4,4,544,Champions
15234,United Kingdom,2011-03-08,2011-03-08,277,1,197.00,2,1,1,1,211,Hibernating
12383,Belgium,2010-12-22,2011-06-08,185,5,1617.31,3,4,4,4,344,Loyal Customers
13227,United Kingdom,2011-05-22,2011-05-22,202,1,257.70,2,1,1,1,211,Hibernating
17501,United Kingdom,2011-05-03,2011-05-03,221,2,288.60,2,2,2,2,222,Hibernating
15171,United Kingdom,2011-01-12,2011-01-12,332,1,1034.50,2,1,3,2,213,Hibernating
15548,United Kingdom,2010-04-23,2010-04-23,596,1,158.09,1,1,1,1,111,Lost
12698,Germany,2010-04-28,2010-04-28,591,1,285.75,1,1,2,2,112,Lost
13713,United Kingdom,2010-05-05,2010-10-27,409,3,740.76,2,3,3,3,233,At Risk
12675,Italy,2010-05-10,2010-06-04,554,2,849.55,1,2,3,3,123,At Risk
12378,Switzerland,2010-05-26,2011-08-02,130,2,5416.32,3,2,5,4,325,Loyal Customers
18003,United Kingdom,2010-11-28,2010-11-28,377,1,353.51,2,1,2,2,212,Hibernating
13233,United Kingdom,2010-01-14,2011-09-26,75,4,1176.46,3,3,3,3,333,Loyal Customers
13471,United Kingdom,2011-10-23,2011-12-08,2,4,2501.84,5,3,4,4,534,Champions
15962,United Kingdom,2010-09-16,2010-09-16,450,1,289.48,1,1,2,2,112,Lost
15897,United Kingdom,2011-05-29,2011-05-29,195,2,208.59,2,2,1,2,221,Hibernating
13562,United Kingdom,2010-01-14,2011-09-19,82,8,4838.18,3,4,5,5,345,Loyal Customers
17142,United Kingdom,2010-01-24,2011-04-14,240,4,1275.25,2,3,4,4,234,At Risk
14129,United Kingdom,2010-05-09,2011-12-08,2,9,2591.34,5,5,4,5,554,Champions
14620,United Kingdom,2011-03-01,2011-05-18,206,2,393.28,2,2,2,2,222,Hibernating
15119,United Kingdom,2011-04-08,2011-04-08,246,1,266.40,2,1,1,1,211,Hibernating
13279,United Kingdom,2011-09-22,2011-09-22,79,1,126.30,3,1,1,1,311,About to Sleep
13261,United Kingdom,2011-02-27,2011-03-16,269,2,944.10,2,2,3,3,223,At Risk
15729,United Kingdom,2010-11-01,2011-05-11,213,3,154.70,2,3,1,2,231,Hibernating
17620,United Kingdom,2011-10-11,2011-10-11,60,1,81.44,3,1,1,1,311,About to Sleep
17395,United Kingdom,2010-07-19,2010-07-19,509,1,97.50,1,1,1,1,111,Lost
15718,United Kingdom,2010-06-17,2010-06-17,541,1,293.79,1,1,2,2,112,Lost
16486,United Kingdom,2010-06-20,2010-06-20,538,1,134.36,1,1,1,1,111,Lost
15840,United Kingdom,2011-06-20,2011-10-12,59,2,345.66,4,2,2,2,422,Potential Loyalists
12534,Germany,2011-08-01,2011-08-01,131,1,981.18,3,1,3,2,313,Need Attention
13236,United Kingdom,2011-08-25,2011-11-15,25,2,727.27,4,2,3,3,423,Loyal Customers
14381,United Kingdom,2010-09-14,2011-10-18,53,2,625.94,4,2,3,3,423,Loyal Customers
13543,United Kingdom,2010-01-21,2010-03-15,635,2,1439.61,1,2,4,3,124,At Risk
13540,United Kingdom,2010-02-22,2010-08-29,468,3,632.39,1,3,3,3,133,At Risk
16489,United Kingdom,2010-09-29,2010-11-24,381,2,303.70,2,2,2,2,222,Hibernating
12592,Germany,2010-07-08,2011-09-08,93,4,1723.64,3,3,4,4,334,Loyal Customers
15923,United Kingdom,2010-12-02,2010-12-02,373,1,127.08,2,1,1,1,211,Hibernating
17556,United Kingdom,2010-11-25,2011-05-18,206,2,300.67,2,2,2,2,222,Hibernating
15499,United Kingdom,2009-12-16,2009-12-16,724,1,158.65,1,1,1,1,111,Lost
17982,United Kingdom,2010-01-28,2010-01-28,681,1,138.18,1,1,1,1,111,Lost
14774,United Kingdom,2010-06-29,2010-06-29,529,1,241.45,1,1,1,1,111,Lost
17537,United Kingdom,2011-02-09,2011-11-10,30,2,887.67,4,2,3,3,423,Loyal Customers
14417,United Kingdom,2010-11-17,2010-11-17,388,1,524.65,2,1,2,2,212,Hibernating
16667,United Kingdom,2011-02-28,2011-10-02,69,2,567.18,3,2,2,2,322,Need Attention
16855,United Kingdom,2011-10-27,2011-11-16,24,2,328.40,4,2,2,2,422,Potential Loyalists
17869,United Kingdom,2010-06-10,2011-08-24,108,7,813.64,3,4,3,4,343,Loyal Customers
14018,United Kingdom,2010-03-04,2010-03-04,646,1,367.15,1,1,2,2,112,Lost
17689,United Kingdom,2010-08-22,2010-11-16,389,2,317.08,2,2,2,2,222,Hibernating
17153,United Kingdom,2011-11-15,2011-11-15,25,1,213.78,4,1,1,1,411,Promising
15798,United Kingdom,2010-01-27,2010-08-04,493,3,1535.37,1,3,4,4,134,At Risk
13816,Germany,2011-10-06,2011-11-16,24,2,483.04,4,2,2,2,422,Potential Loyalists
16287,United Kingdom,2010-01-19,2011-06-23,170,5,1006.98,3,4,3,4,343,Loyal Customers
15124,United Kingdom,2010-02-26,2011-11-17,23,4,450.82,4,3,2,3,432,Loyal Customers
15248,United Kingdom,2010-06-23,2010-10-24,412,3,1865.03,1,3,4,4,134,At Risk
18269,United Kingdom,2010-12-08,2010-12-08,367,1,138.90,2,1,1,1,211,Hibernating
17110,United Kingdom,2010-04-08,2011-06-27,166,3,499.90,3,3,2,3,332,Loyal Customers
17538,United Kingdom,2011-11-14,2011-11-14,26,1,98.42,4,1,1,1,411,Promising
15509,United Kingdom,2010-11-24,2010-11-24,381,1,152.41,2,1,1,1,211,Hibernating
17733,United Kingdom,2011-03-23,2011-11-01,39,2,692.19,4,2,3,3,423,Loyal Customers
13532,United Kingdom,2011-11-06,2011-11-06,34,1,210.31,4,1,1,1,411,Promising
13861,United Kingdom,2010-06-27,2010-10-06,430,2,251.31,1,2,1,2,121,Lost
14150,United Kingdom,2010-12-15,2011-11-04,36,2,658.64,4,2,3,3,423,Loyal Customers
13181,United Kingdom,2010-11-23,2010-11-23,382,1,359.69,2,1,2,2,212,Hibernating
12824,United Kingdom,2011-10-11,2011-10-11,60,1,397.12,3,1,2,2,312,Need Attention
12771,Portugal,2010-08-11,2010-08-11,486,1,206.50,1,1,1,1,111,Lost
16878,United Kingdom,2011-09-16,2011-09-16,85,1,0.00,3,1,1,1,311,About to Sleep
16651,United Kingdom,2010-05-02,2010-05-02,587,1,136.20,1,1,1,1,111,Lost
13850,United Kingdom,2011-08-02,2011-08-02,130,1,1586.81,3,1,4,3,314,Loyal Customers
16491,United Kingdom,2010-10-22,2011-10-24,47,2,1524.31,4,2,4,3,424,Loyal Customers
13796,United Kingdom,2010-07-28,2010-07-28,500,1,289.70,1,1,2,2,112,Lost
15634,United Kingdom,2010-11-21,2011-11-22,18,2,554.65,5,2,2,2,522,Potential Loyalists
14179,United Kingdom,2011-10-18,2011-10-30,41,2,701.57,4,2,3,3,423,Loyal Customers
13885,United Kingdom,2011-05-23,2011-06-03,190,2,506.80,2,2,2,2,222,Hibernating
18211,United Kingdom,2011-03-06,2011-11-14,26,5,600.07,4,4,3,4,443,Champions
14412,United Kingdom,2010-10-11,2011-10-28,43,3,1417.49,4,3,4,4,434,Champions
16432,United Kingdom,2011-10-06,2011-10-06,65,1,287.40,3,1,2,2,312,Need Attention
17684,United Kingdom,2011-10-27,2011-10-27,44,1,239.41,4,1,1,1,411,Promising
17439,United Kingdom,2010-02-22,2010-02-22,656,1,325.74,1,1,2,2,112,Lost
18270,United Kingdom,2010-10-03,2011-11-01,39,3,406.30,4,3,2,3,432,Loyal Customers
18042,United Kingdom,2010-06-16,2011-10-17,54,2,281.15,4,2,2,2,422,Potential Loyalists
17936,United Kingdom,2011-12-04,2011-12-04,6,1,380.13,5,1,2,2,512,Potential Loyalists
15902,United Kingdom,2010-11-24,2010-11-24,381,1,145.01,2,1,1,1,211,Hibernating
15495,United Kingdom,2010-11-25,2010-11-25,380,1,246.50,2,1,1,1,211,Hibernating
13498,United Kingdom,2009-12-09,2009-12-09,731,1,327.38,1,1,2,2,112,Lost
17064,United Kingdom,2011-01-16,2011-10-12,59,3,855.45,4,3,3,3,433,Loyal Customers
14086,United Kingdom,2010-09-03,2010-09-03,463,1,39.95,1,1,1,1,111,Lost
16579,United Kingdom,2010-10-10,2010-10-10,426,1,264.45,1,1,1,1,111,Lost
17397,United Kingdom,2010-10-19,2011-11-17,23,3,1198.28,4,3,4,4,434,Champions
17326,United Kingdom,2010-06-28,2010-10-27,409,2,312.35,2,2,2,2,222,Hibernating
17818,United Kingdom,2009-12-02,2009-12-02,738,1,124.78,1,1,1,1,111,Lost
15479,United Kingdom,2009-12-06,2009-12-06,734,1,147.40,1,1,1,1,111,Lost
14666,United Kingdom,2011-11-15,2011-11-15,25,1,179.95,4,1,1,1,411,Promising
16349,United Kingdom,2011-02-22,2011-02-22,291,1,53.50,2,1,1,1,211,Hibernating
17697,United Kingdom,2011-04-17,2011-04-17,237,1,338.95,2,1,2,2,212,Hibernating
14668,United Kingdom,2010-09-20,2010-09-20,446,1,111.63,1,1,1,1,111,Lost
14252,United Kingdom,2010-11-23,2010-11-23,382,1,350.99,2,1,2,2,212,Hibernating
14797,United Kingdom,2010-07-20,2010-07-20,508,1,300.31,1,1,2,2,112,Lost
12460,Belgium,2010-09-09,2010-09-09,457,1,296.65,1,1,2,2,112,Lost
13788,United Kingdom,2010-07-22,2010-07-22,506,1,3.75,1,1,1,1,111,Lost
17304,United Kingdom,2010-06-23,2010-06-23,535,1,111.50,1,1,1,1,111,Lost
14862,United Kingdom,2011-07-14,2011-11-14,26,2,841.20,4,2,3,3,423,Loyal Customers
16761,United Kingdom,2011-09-04,2011-09-04,97,1,316.62,3,1,2,2,312,Need Attention
13779,United Kingdom,2010-07-12,2010-07-12,516,1,161.13,1,1,1,1,111,Lost
13123,United Kingdom,2010-06-28,2010-08-24,473,2,506.75,1,2,2,2,122,Lost
15604,United Kingdom,2011-10-18,2011-10-18,53,1,216.39,4,1,1,1,411,Promising
13036,United Kingdom,2010-01-24,2010-01-24,685,1,307.10,1,1,2,2,112,Lost
16254,United Kingdom,2010-03-17,2010-11-26,379,3,967.44,2,3,3,3,233,At Risk
15165,United Kingdom,2010-12-01,2010-12-01,374,1,487.75,2,1,2,2,212,Hibernating
17976,United Kingdom,2010-12-02,2010-12-02,373,1,321.79,2,1,2,2,212,Hibernating
14196,United Kingdom,2011-08-25,2011-08-25,107,1,335.52,3,1,2,2,312,Need Attention
12489,France,2011-01-07,2011-01-07,337,1,298.93,2,1,2,2,212,Hibernating
16052,United Kingdom,2011-10-16,2011-10-16,55,1,362.06,4,1,2,2,412,Potential Loyalists
15685,United Kingdom,2010-09-15,2010-09-15,451,1,55.98,1,1,1,1,111,Lost
13504,United Kingdom,2011-10-06,2011-10-06,65,1,295.93,3,1,2,2,312,Need Attention
14464,United Kingdom,2010-03-22,2010-05-20,569,2,111.00,1,2,1,2,121,Lost
13128,United Kingdom,2010-03-18,2010-03-18,632,1,263.50,1,1,1,1,111,Lost
13372,United Kingdom,2011-09-11,2011-09-11,90,1,328.64,3,1,2,2,312,Need Attention
17178,United Kingdom,2009-12-08,2009-12-08,732,1,432.96,1,1,2,2,112,Lost
17394,United Kingdom,2011-05-04,2011-05-04,220,1,203.87,2,1,1,1,211,Hibernating
15668,United Kingdom,2011-05-06,2011-05-06,218,1,76.32,2,1,1,1,211,Hibernating
12923,United Kingdom,2010-05-13,2011-10-06,65,3,769.17,3,3,3,3,333,Loyal Customers
18225,United Kingdom,2009-12-04,2011-12-06,4,26,12643.25,5,5,5,5,555,Champions
14031,United Kingdom,2009-12-03,2011-12-02,8,44,36112.53,5,5,5,5,555,Champions
13047,United Kingdom,2009-12-16,2011-10-14,57,23,8110.09,4,5,5,5,455,Champions
14110,United Kingdom,2009-12-01,2011-12-06,4,33,12959.60,5,5,5,5,555,Champions
15640,United Kingdom,2009-12-14,2011-12-05,5,29,23340.29,5,5,5,5,555,Champions
16253,United Kingdom,2009-12-08,2011-10-04,67,7,7222.20,3,4,5,5,345,Loyal Customers
15039,United Kingdom,2009-12-10,2011-11-30,10,93,38853.04,5,5,5,5,555,Champions
14329,United Kingdom,2009-12-16,2011-11-22,18,15,9695.92,5,5,5,5,555,Champions
13681,United Kingdom,2011-07-07,2011-11-22,18,4,827.83,5,3,3,3,533,Loyal Customers
14076,United Kingdom,2011-08-02,2011-08-02,130,1,118.67,3,1,1,1,311,About to Sleep
13418,United Kingdom,2009-12-11,2011-11-28,12,31,11242.22,5,5,5,5,555,Champions
14305,United Kingdom,2011-07-27,2011-09-29,72,3,1803.76,3,3,4,4,334,Loyal Customers
15150,United Kingdom,2010-06-14,2011-11-22,18,13,8967.44,5,5,5,5,555,Champions
16918,United Kingdom,2009-12-03,2011-10-21,50,16,3131.31,4,5,5,5,455,Champions
13249,United Kingdom,2010-01-24,2011-09-08,93,9,1608.93,3,5,4,5,354,Loyal Customers
18075,United Kingdom,2010-07-29,2011-11-16,24,20,5579.91,4,5,5,5,455,Champions
14505,United Kingdom,2009-12-09,2011-11-22,18,19,11590.04,5,5,5,5,555,Champions
16019,United Kingdom,2009-12-14,2011-10-24,47,27,16503.46,4,5,5,5,455,Champions
17569,United Kingdom,2011-01-11,2011-01-11,333,1,344.14,2,1,2,2,212,Hibernating
14748,United Kingdom,2010-03-04,2011-11-10,30,10,2208.89,4,5,4,5,454,Champions
16126,United Kingdom,2009-12-02,2011-11-10,30,15,14644.60,4,5,5,5,455,Champions
15910,United Kingdom,2010-01-21,2011-12-09,1,15,2661.17,5,5,4,5,554,Champions
14882,United Kingdom,2010-03-30,2011-11-13,27,14,3345.05,4,5,5,5,455,Champions
16400,United Kingdom,2009-12-08,2011-09-06,95,9,3059.85,3,5,5,5,355,Loyal Customers
17980,United Kingdom,2010-11-11,2011-06-27,166,4,1012.72,3,3,3,3,333,Loyal Customers
15402,United Kingdom,2010-04-27,2011-07-14,149,6,1816.22,3,4,4,4,344,Loyal Customers
12854,United Kingdom,2009-12-11,2011-09-22,79,7,2899.32,3,4,5,5,345,Loyal Customers
16240,United Kingdom,2011-09-23,2011-11-15,25,2,3693.81,4,2,5,4,425,Champions
15000,United Kingdom,2011-10-23,2011-10-23,48,1,490.52,4,1,2,2,412,Potential Loyalists
14896,United Kingdom,2009-12-06,2011-05-19,205,8,1727.30,2,4,4,4,244,At Risk
13267,United Kingdom,2009-12-07,2011-12-07,3,36,9212.06,5,5,5,5,555,Champions
15768,United Kingdom,2009-12-03,2011-08-16,116,34,15307.26,3,5,5,5,355,Loyal Customers
14030,United Kingdom,2009-12-10,2011-11-21,19,20,7405.10,5,5,5,5,555,Champions
12437,France,2009-12-02,2011-12-08,2,38,11011.85,5,5,5,5,555,Champions
15272,United Kingdom,2010-02-14,2011-10-13,58,6,2030.95,4,4,4,4,444,Champions
15144,United Kingdom,2009-12-13,2011-12-01,9,29,12006.51,5,5,5,5,555,Champions
14648,United Kingdom,2009-12-10,2010-10-19,417,15,4374.74,1,5,5,5,155,Cannot Lose Them
15459,United Kingdom,2010-07-30,2010-10-18,418,2,202.83,1,2,1,2,121,Lost
14057,United Kingdom,2009-12-03,2011-11-16,24,22,8276.10,4,5,5,5,455,Champions
15574,United Kingdom,2010-09-01,2011-06-15,178,6,1059.44,3,4,3,4,343,Loyal Customers
14693,United Kingdom,2010-07-02,2011-03-20,265,7,1139.86,2,4,3,4,243,At Risk
16917,United Kingdom,2010-03-17,2011-03-08,277,2,1842.93,2,2,4,3,224,At Risk
15125,United Kingdom,2010-03-31,2011-11-14,26,24,16124.33,4,5,5,5,455,Champions
16595,United Kingdom,2010-01-17,2011-10-09,62,5,1757.75,3,4,4,4,344,Loyal Customers
12589,France,2010-01-19,2011-11-11,29,6,2752.17,4,4,4,4,444,Champions
15152,United Kingdom,2010-01-07,2011-11-30,10,14,5202.38,5,5,5,5,555,Champions
13489,United Kingdom,2011-02-18,2011-08-26,106,4,449.52,3,3,2,3,332,Loyal Customers
16928,United Kingdom,2010-02-03,2011-09-20,81,26,3678.43,3,5,5,5,355,Loyal Customers
14437,United Kingdom,2010-05-05,2010-12-09,366,5,850.84,2,4,3,4,243,At Risk
15099,United Kingdom,2011-09-16,2011-09-16,85,1,410.48,3,1,2,2,312,Need Attention
12694,France,2010-10-14,2011-09-30,71,3,1659.45,3,3,4,4,334,Loyal Customers
13985,United Kingdom,2010-02-09,2011-12-05,5,22,9982.31,5,5,5,5,555,Champions
16830,United Kingdom,2009-12-13,2011-11-01,39,4,1183.70,4,3,4,4,434,Champions
16115,United Kingdom,2010-05-14,2011-11-30,10,12,2553.80,5,5,4,5,554,Champions
12949,United Kingdom,2009-12-03,2011-11-09,31,22,15391.00,4,5,5,5,455,Champions
15420,United Kingdom,2009-12-05,2010-10-01,435,6,743.00,1,4,3,4,143,At Risk
13676,United Kingdom,2010-03-30,2010-06-18,540,2,153.15,1,2,1,2,121,Lost
14813,United Kingdom,2010-04-08,2010-12-05,370,4,888.91,2,3,3,3,233,At Risk
16143,United Kingdom,2009-12-10,2011-12-06,4,12,4511.13,5,5,5,5,555,Champions
16329,United Kingdom,2009-12-01,2010-10-08,428,4,1664.92,1,3,4,4,134,At Risk
13981,United Kingdom,2010-10-20,2010-10-20,416,1,327.39,1,1,2,2,112,Lost
13193,United Kingdom,2011-10-09,2011-10-09,62,1,112.08,3,1,1,1,311,About to Sleep
14422,United Kingdom,2009-12-17,2011-12-09,1,19,10200.92,5,5,5,5,555,Champions
17076,United Kingdom,2009-12-04,2011-11-03,37,6,1242.75,4,4,4,4,444,Champions
14062,United Kingdom,2009-12-10,2011-11-30,10,24,25416.28,5,5,5,5,555,Champions
13610,United Kingdom,2010-01-05,2011-11-27,13,14,2070.71,5,5,4,5,554,Champions
13115,United Kingdom,2010-04-19,2011-11-28,12,10,5379.45,5,5,5,5,555,Champions
13138,United Kingdom,2010-11-08,2011-11-17,23,7,1261.26,4,4,4,4,444,Champions
13426,United Kingdom,2009-12-09,2011-12-09,1,22,8084.38,5,5,5,5,555,Champions
16851,United Kingdom,2011-10-19,2011-12-05,5,3,342.45,5,3,2,3,532,Loyal Customers
17352,United Kingdom,2010-01-12,2010-01-12,697,1,36.25,1,1,1,1,111,Lost
16103,United Kingdom,2010-01-08,2011-12-02,8,22,6002.76,5,5,5,5,555,Champions
17446,United Kingdom,2011-02-02,2011-06-16,177,2,120.90,3,2,1,2,321,Need Attention
17955,United Kingdom,2010-02-12,2011-05-25,199,6,949.90,2,4,3,4,243,At Risk
13856,United Kingdom,2010-03-30,2011-06-24,169,11,1058.88,3,5,3,4,353,Loyal Customers
14301,United Kingdom,2010-02-11,2011-08-14,118,4,1956.23,3,3,4,4,334,Loyal Customers
12672,France,2010-04-23,2011-01-14,330,2,380.50,2,2,2,2,222,Hibernating
14261,United Kingdom,2011-09-22,2011-10-20,51,2,1163.45,4,2,3,3,423,Loyal Customers
15224,United Kingdom,2010-01-15,2010-12-16,359,5,837.26,2,4,3,4,243,At Risk
17457,United Kingdom,2009-12-07,2011-08-05,127,14,5799.01,3,5,5,5,355,Loyal Customers
12599,France,2010-05-11,2011-11-10,30,13,2026.72,4,5,4,5,454,Champions
12913,United Kingdom,2009-12-01,2011-12-05,5,13,6283.24,5,5,5,5,555,Champions
15314,United Kingdom,2010-10-07,2011-05-24,200,3,800.65,2,3,3,3,233,At Risk
18093,United Kingdom,2010-03-31,2011-09-07,94,8,4429.61,3,4,5,5,345,Loyal Customers
14588,United Kingdom,2010-05-10,2010-05-10,579,1,135.39,1,1,1,1,111,Lost
15502,United Kingdom,2010-06-03,2011-11-24,16,12,8076.45,5,5,5,5,555,Champions
12924,United Kingdom,2009-12-09,2011-09-12,89,12,2415.20,3,5,4,5,354,Loyal Customers
12855,United Kingdom,2010-11-02,2010-12-02,373,4,612.84,2,3,3,3,233,At Risk
13019,United Kingdom,2009-12-06,2010-11-25,380,6,1212.95,2,4,4,4,244,At Risk
18281,United Kingdom,2010-05-11,2011-06-12,181,2,201.14,3,2,1,2,321,Need Attention
16405,United Kingdom,2011-02-02,2011-02-10,303,2,167.25,2,2,1,2,221,Hibernating
12346,United Kingdom,2010-03-02,2011-01-18,326,3,169.36,2,3,1,2,231,Hibernating
13420,United Kingdom,2011-06-22,2011-07-13,150,2,140.35,3,2,1,2,321,Need Attention
17736,United Kingdom,2011-08-18,2011-11-30,10,3,337.49,5,3,2,3,532,Loyal Customers
15201,United Kingdom,2010-04-07,2011-09-13,88,7,1525.90,3,4,4,4,344,Loyal Customers
13514,United Kingdom,2010-01-26,2011-09-27,74,4,815.90,3,3,3,3,333,Loyal Customers
18220,United Kingdom,2009-12-15,2011-04-27,227,6,1771.70,2,4,4,4,244,At Risk
13079,United Kingdom,2010-10-18,2011-12-05,5,6,419.18,5,4,2,3,542,Loyal Customers
15987,United Kingdom,2010-11-25,2011-11-27,13,8,1535.99,5,4,4,4,544,Champions
17730,United Kingdom,2010-04-29,2011-12-06,4,20,7757.35,5,5,5,5,555,Champions
16474,United Kingdom,2011-07-17,2011-12-02,8,7,1750.46,5,4,4,4,544,Champions
15978,United Kingdom,2010-03-05,2011-09-23,78,3,3272.62,3,3,5,4,335,Loyal Customers
12838,United Kingdom,2010-04-26,2011-11-06,34,10,2953.46,4,5,5,5,455,Champions
15972,United Kingdom,2010-04-18,2010-09-09,457,5,1769.33,1,4,4,4,144,At Risk
16393,United Kingdom,2009-12-01,2011-12-07,3,23,5192.61,5,5,5,5,555,Champions
14273,United Kingdom,2011-04-11,2011-10-19,52,4,559.97,4,3,2,3,432,Loyal Customers
16666,United Kingdom,2010-03-28,2011-11-20,20,2,217.71,5,2,1,2,521,Potential Loyalists
16885,United Kingdom,2010-11-19,2011-11-24,16,4,683.35,5,3,3,3,533,Loyal Customers
13991,United Kingdom,2011-07-19,2011-11-27,13,6,846.54,5,4,3,4,543,Champions
13803,United Kingdom,2010-03-31,2011-03-29,256,3,1319.11,2,3,4,4,234,At Risk
13055,United Kingdom,2010-10-06,2011-09-22,79,4,2292.51,3,3,4,4,334,Loyal Customers
15296,United Kingdom,2010-01-21,2011-10-20,51,12,10204.13,4,5,5,5,455,Champions
13561,United Kingdom,2010-02-28,2011-05-08,216,11,1803.40,2,5,4,5,254,Cannot Lose Them
16619,United Kingdom,2010-02-22,2011-03-21,264,4,1916.53,2,3,4,4,234,At Risk
17521,United Kingdom,2010-10-01,2011-11-10,30,5,1276.81,4,4,4,4,444,Champions
16561,United Kingdom,2011-10-11,2011-12-04,6,2,511.12,5,2,2,2,522,Potential Loyalists
15993,United Kingdom,2011-10-26,2011-12-01,9,7,2728.22,5,4,4,4,544,Champions
17653,United Kingdom,2011-08-11,2011-11-03,37,4,1175.88,4,3,3,3,433,Loyal Customers
15222,United Kingdom,2009-12-16,2011-01-25,319,11,3415.66,2,5,5,5,255,Cannot Lose Them
13901,United Kingdom,2010-01-05,2011-09-28,73,15,5599.34,3,5,5,5,355,Loyal Customers
17725,United Kingdom,2011-03-17,2011-11-23,17,11,3371.13,5,5,5,5,555,Champions
14583,United Kingdom,2010-03-28,2011-12-04,6,8,1660.29,5,4,4,4,544,Champions
13203,United Kingdom,2009-12-17,2011-11-30,10,10,2630.55,5,5,4,5,554,Champions
16407,United Kingdom,2010-10-03,2011-11-27,13,14,2761.65,5,5,4,5,554,Champions
16810,United Kingdom,2010-10-15,2011-05-31,193,2,786.14,2,2,3,3,223,At Risk
13310,United Kingdom,2010-11-02,2011-11-11,29,5,1492.80,4,4,4,4,444,Champions
12530,Germany,2010-03-07,2011-10-11,60,9,3329.86,3,5,5,5,355,Loyal Customers
16713,United Kingdom,2009-12-15,2011-11-21,19,32,13943.36,5,5,5,5,555,Champions
15985,United Kingdom,2010-05-27,2011-08-08,124,7,2610.28,3,4,4,4,344,Loyal Customers
13415,United Kingdom,2009-12-11,2010-08-24,473,4,665.42,1,3,3,3,133,At Risk
16661,United Kingdom,2009-12-17,2010-06-17,541,4,788.31,1,3,3,3,133,At Risk
18099,United Kingdom,2011-08-04,2011-08-04,128,1,168.31,3,1,1,1,311,About to Sleep
13170,United Kingdom,2011-11-13,2011-11-13,27,1,108.81,4,1,1,1,411,Promising
14776,United Kingdom,2010-09-19,2011-10-19,52,15,3339.02,4,5,5,5,455,Champions
14371,United Kingdom,2011-02-17,2011-02-17,296,1,100.50,2,1,1,1,211,Hibernating
13905,United Kingdom,2009-12-07,2009-12-07,733,1,244.45,1,1,1,1,111,Lost
14902,United Kingdom,2010-06-04,2011-11-14,26,3,1000.27,4,3,3,3,433,Loyal Customers
12406,Denmark,2010-01-11,2011-11-17,23,5,6072.21,4,4,5,5,445,Champions
14644,United Kingdom,2009-12-03,2011-10-03,68,7,2077.47,3,4,4,4,344,Loyal Customers
13524,United Kingdom,2011-05-04,2011-10-30,41,5,680.18,4,4,3,4,443,Champions
12902,United Kingdom,2011-03-20,2011-03-20,265,1,138.68,2,1,1,1,211,Hibernating
16463,United Kingdom,2011-05-19,2011-11-18,22,4,1383.70,4,3,4,4,434,Champions
14219,United Kingdom,2010-08-03,2011-12-05,5,3,633.83,5,3,3,3,533,Loyal Customers
12718,France,2011-09-29,2011-09-29,72,1,202.25,3,1,1,1,311,About to Sleep
13785,United Kingdom,2010-09-05,2010-10-07,429,4,542.49,1,3,2,3,132,At Risk
15605,United Kingdom,2010-01-14,2011-11-03,37,9,1738.55,4,5,4,5,454,Champions
12697,Sweden,2011-06-23,2011-11-11,29,3,739.02,4,3,3,3,433,Loyal Customers
18282,United Kingdom,2011-08-05,2011-12-02,8,2,176.60,5,2,1,2,521,Potential Loyalists
12861,United Kingdom,2010-03-30,2010-03-30,620,1,68.25,1,1,1,1,111,Lost
17572,United Kingdom,2009-12-15,2011-09-29,72,10,652.21,3,5,3,4,353,Loyal Customers
15199,United Kingdom,2010-05-13,2011-10-11,60,10,3122.40,3,5,5,5,355,Loyal Customers
16232,United Kingdom,2010-06-07,2011-10-27,44,7,2692.02,4,4,4,4,444,Champions
13965,United Kingdom,2010-01-05,2010-08-20,477,3,777.66,1,3,3,3,133,At Risk
18030,United Kingdom,2011-10-28,2011-12-05,5,2,220.70,5,2,1,2,521,Potential Loyalists
13658,United Kingdom,2010-02-05,2011-11-30,10,9,5772.07,5,5,5,5,555,Champions
14671,United Kingdom,2010-05-20,2010-06-08,550,2,1127.45,1,2,3,3,123,At Risk
15901,United Kingdom,2010-06-14,2011-11-23,17,6,667.89,5,4,3,4,543,Champions
12642,Germany,2011-08-24,2011-11-14,26,3,905.26,4,3,3,3,433,Loyal Customers
15872,United Kingdom,2010-06-07,2011-11-25,15,4,729.25,5,3,3,3,533,Loyal Customers
15073,United Kingdom,2010-01-27,2011-11-30,10,8,2357.04,5,4,4,4,544,Champions
15654,United Kingdom,2011-11-13,2011-11-30,10,2,922.53,5,2,3,3,523,Loyal Customers
12377,Switzerland,2010-04-29,2011-01-28,316,4,3266.32,2,3,5,4,235,At Risk
15315,United Kingdom,2011-08-15,2011-10-06,65,2,551.54,3,2,2,2,322,Need Attention
16281,United Kingdom,2010-01-26,2011-09-28,73,3,3416.52,3,3,5,4,335,Loyal Customers
16051,United Kingdom,2010-01-27,2010-01-27,682,1,188.44,1,1,1,1,111,Lost
18175,United Kingdom,2010-02-02,2010-02-02,676,1,176.10,1,1,1,1,111,Lost
13446,United Kingdom,2010-02-14,2010-10-05,431,11,3613.27,1,5,5,5,155,Cannot Lose Them
14169,United Kingdom,2010-09-21,2010-10-05,431,2,613.11,1,2,3,3,123,At Risk
13549,United Kingdom,2010-11-17,2011-11-14,26,8,1003.72,4,4,3,4,443,Champions
15507,United Kingdom,2011-06-21,2011-06-21,172,1,475.86,3,1,2,2,312,Need Attention
12520,Germany,2011-03-11,2011-09-21,80,5,2294.51,3,4,4,4,344,Loyal Customers
16678,United Kingdom,2011-03-02,2011-12-07,3,12,3025.24,5,5,5,5,555,Champions
17819,United Kingdom,2009-12-13,2011-09-29,72,12,5977.25,3,5,5,5,355,Loyal Customers
14293,United Kingdom,2009-12-10,2011-12-06,4,9,2809.41,5,5,4,5,554,Champions
12930,United Kingdom,2011-06-21,2011-09-22,79,2,409.90,3,2,2,2,322,Need Attention
13109,United Kingdom,2010-06-06,2011-10-11,60,3,1107.58,3,3,3,3,333,Loyal Customers
17643,United Kingdom,2010-07-22,2010-12-01,374,2,439.70,2,2,2,2,222,Hibernating
15616,United Kingdom,2010-09-27,2010-09-27,439,1,317.11,1,1,2,2,112,Lost
16572,United Kingdom,2011-03-09,2011-08-04,128,3,999.70,3,3,3,3,333,Loyal Customers
13122,United Kingdom,2011-04-13,2011-09-06,95,2,922.39,3,2,3,3,323,Loyal Customers
13921,United Kingdom,2009-12-18,2010-11-02,403,4,720.75,2,3,3,3,233,At Risk
13748,United Kingdom,2009-12-01,2011-09-05,96,9,2064.35,3,5,4,5,354,Loyal Customers
13467,United Kingdom,2011-11-03,2011-11-29,11,2,1071.91,5,2,3,3,523,Loyal Customers
16699,United Kingdom,2009-12-04,2010-11-24,381,7,964.90,2,4,3,4,243,At Risk
13407,United Kingdom,2010-02-16,2010-05-10,579,3,2111.89,1,3,4,4,134,At Risk
12349,Italy,2010-04-29,2011-11-21,19,3,3654.54,5,3,5,4,535,Champions
17896,United Kingdom,2011-11-16,2011-11-16,24,1,256.32,4,1,1,1,411,Promising
17743,United Kingdom,2010-09-17,2010-09-17,449,1,208.85,1,1,1,1,111,Lost
15470,United Kingdom,2010-05-13,2010-05-13,576,1,63.42,1,1,1,1,111,Lost
14400,United Kingdom,2010-03-18,2011-07-13,150,3,1703.00,3,3,4,4,334,Loyal Customers
13270,United Kingdom,2010-12-08,2010-12-08,367,1,590.00,2,1,2,2,212,Hibernating
12451,Switzerland,2010-06-28,2011-11-29,11,8,12506.53,5,4,5,5,545,Champions
17252,United Kingdom,2011-06-06,2011-08-15,117,2,348.91,3,2,2,2,322,Need Attention
15834,United Kingdom,2010-10-11,2011-09-30,71,7,3613.04,3,4,5,5,345,Loyal Customers
14362,United Kingdom,2011-11-17,2011-11-17,23,1,151.50,4,1,1,1,411,Promising
18036,United Kingdom,2009-12-18,2011-11-07,33,11,1545.49,4,5,4,5,454,Champions
13808,United Kingdom,2011-09-04,2011-12-04,6,5,1747.66,5,4,4,4,544,Champions
16776,United Kingdom,2010-10-20,2011-10-10,61,2,592.51,3,2,3,3,323,Loyal Customers
12611,Italy,2011-10-18,2011-10-18,53,1,1193.32,4,1,4,3,414,Loyal Customers
14633,United Kingdom,2011-03-18,2011-03-18,267,1,344.90,2,1,2,2,212,Hibernating
17694,United Kingdom,2010-05-26,2011-07-21,142,3,1695.97,3,3,4,4,334,Loyal Customers
16679,United Kingdom,2010-06-10,2010-12-08,367,3,663.31,2,3,3,3,233,At Risk
16601,United Kingdom,2010-03-26,2011-10-30,41,3,675.83,4,3,3,3,433,Loyal Customers
17136,United Kingdom,2010-02-15,2010-02-15,663,1,231.68,1,1,1,1,111,Lost
15366,United Kingdom,2010-02-26,2011-09-25,76,7,2389.08,3,4,4,4,344,Loyal Customers
16976,United Kingdom,2011-03-17,2011-03-17,268,1,251.52,2,1,1,1,211,Hibernating
18120,United Kingdom,2011-05-09,2011-05-09,215,1,111.15,2,1,1,1,211,Hibernating
18123,United Kingdom,2010-07-14,2011-11-15,25,3,666.64,4,3,3,3,433,Loyal Customers
15506,United Kingdom,2010-08-19,2011-11-17,23,6,2030.33,4,4,4,4,444,Champions
13898,United Kingdom,2010-10-24,2011-01-18,326,2,686.40,2,2,3,3,223,At Risk
16009,United Kingdom,2011-07-03,2011-11-17,23,4,972.11,4,3,3,3,433,Loyal Customers
12463,Belgium,2011-04-12,2011-10-17,54,4,1165.63,4,3,3,3,433,Loyal Customers
12945,United Kingdom,2010-02-21,2011-02-24,289,2,900.11,2,2,3,3,223,At Risk
18080,United Kingdom,2011-04-11,2011-11-21,19,2,1231.50,5,2,4,3,524,Loyal Customers
16097,United Kingdom,2011-04-13,2011-04-13,241,1,185.05,2,1,1,1,211,Hibernating
13272,United Kingdom,2011-09-11,2011-11-08,32,2,276.56,4,2,2,2,422,Potential Loyalists
16654,United Kingdom,2010-04-06,2011-07-21,142,8,1477.77,3,4,4,4,344,Loyal Customers
13908,United Kingdom,2011-03-08,2011-09-21,80,4,2297.05,3,3,4,4,334,Loyal Customers
13685,United Kingdom,2011-10-10,2011-12-07,3,7,3119.44,5,4,5,5,545,Champions
14685,United Kingdom,2009-12-13,2010-05-12,577,8,4241.16,1,4,5,5,145,Cannot Lose Them
15882,United Kingdom,2009-12-10,2011-05-25,199,8,1096.31,2,4,3,4,243,At Risk
13453,United Kingdom,2010-11-02,2011-06-27,166,3,758.99,3,3,3,3,333,Loyal Customers
17053,United Kingdom,2011-08-01,2011-08-01,131,1,496.38,3,1,2,2,312,Need Attention
15284,United Kingdom,2010-07-27,2010-07-27,501,1,24.75,1,1,1,1,111,Lost
17281,United Kingdom,2010-02-04,2010-11-30,375,6,797.85,2,4,3,4,243,At Risk
17555,United Kingdom,2010-05-02,2011-11-20,20,5,1045.74,5,4,3,4,543,Champions
16415,United Kingdom,2010-02-01,2011-10-26,45,3,696.76,4,3,3,3,433,Loyal Customers
15636,United Kingdom,2010-05-19,2011-09-11,90,4,1444.58,3,3,4,4,334,Loyal Customers
13869,United Kingdom,2010-01-17,2011-08-08,124,10,7996.87,3,5,5,5,355,Loyal Customers
13742,United Kingdom,2011-01-23,2011-11-23,17,12,3079.27,5,5,5,5,555,Champions
17286,United Kingdom,2010-11-04,2011-11-18,22,3,389.18,4,3,2,3,432,Loyal Customers
15392,United Kingdom,2010-10-04,2011-12-05,5,7,2891.82,5,4,5,5,545,Champions
14526,United Kingdom,2010-11-15,2010-11-15,390,1,258.65,2,1,1,1,211,Hibernating
16812,United Kingdom,2010-11-22,2010-12-14,361,4,2216.80,2,3,4,4,234,At Risk
16363,United Kingdom,2011-10-17,2011-10-17,54,1,109.36,4,1,1,1,411,Promising
16322,United Kingdom,2011-11-03,2011-12-08,2,2,326.75,5,2,2,2,522,Potential Loyalists
14042,United Kingdom,2009-12-14,2009-12-14,726,1,431.98,1,1,2,2,112,Lost
13889,United Kingdom,2010-01-22,2011-09-08,93,6,1855.73,3,4,4,4,344,Loyal Customers
13421,United Kingdom,2010-02-14,2011-10-30,41,8,4033.95,4,4,5,5,445,Champions
13118,United Kingdom,2010-09-26,2011-11-20,20,9,2334.10,5,5,4,5,554,Champions
16212,United Kingdom,2010-02-07,2011-11-20,20,4,1284.56,5,3,4,4,534,Champions
16023,United Kingdom,2011-03-18,2011-10-24,47,3,719.81,4,3,3,3,433,Loyal Customers
15158,United Kingdom,2010-11-03,2011-10-25,46,2,437.66,4,2,2,2,422,Potential Loyalists
15250,United Kingdom,2010-03-09,2010-03-09,641,1,60.00,1,1,1,1,111,Lost
15629,United Kingdom,2010-06-25,2010-09-15,451,4,2240.90,1,3,4,4,134,At Risk
16235,United Kingdom,2010-08-26,2011-10-30,41,8,1980.61,4,4,4,4,444,Champions
18218,United Kingdom,2010-02-17,2011-05-12,212,4,1086.14,2,3,3,3,233,At Risk
14104,United Kingdom,2010-05-28,2011-07-08,155,5,740.53,3,4,3,4,343,Loyal Customers
14682,United Kingdom,2010-02-05,2011-06-05,188,6,1514.81,2,4,4,4,244,At Risk
14515,United Kingdom,2010-06-07,2011-11-22,18,12,3693.70,5,5,5,5,555,Champions
17942,United Kingdom,2011-12-02,2011-12-02,8,1,77.50,5,1,1,1,511,New Customers
17872,United Kingdom,2010-11-23,2010-11-23,382,1,235.87,2,1,1,1,211,Hibernating
15006,United Kingdom,2010-09-12,2011-10-19,52,2,752.83,4,2,3,3,423,Loyal Customers
15279,United Kingdom,2010-02-02,2010-12-20,355,5,1554.84,2,4,4,4,244,At Risk
17376,United Kingdom,2010-07-05,2011-09-30,71,4,453.64,3,3,2,3,332,Loyal Customers
13264,United Kingdom,2010-09-23,2010-09-23,443,1,722.56,1,1,3,2,113,Lost
12985,United Kingdom,2011-11-11,2011-12-09,1,2,1215.62,5,2,4,3,524,Loyal Customers
17821,United Kingdom,2010-10-29,2010-10-29,407,1,334.62,2,1,2,2,212,Hibernating
15413,United Kingdom,2009-12-01,2010-01-17,692,5,6798.72,1,4,5,5,145,Cannot Lose Them
16552,United Kingdom,2010-12-01,2011-04-11,243,2,379.73,2,2,2,2,222,Hibernating
16517,United Kingdom,2011-03-07,2011-03-07,278,1,162.70,2,1,1,1,211,Hibernating
14008,United Kingdom,2010-10-03,2010-10-03,433,1,493.74,1,1,2,2,112,Lost
14427,United Kingdom,2010-03-18,2011-10-20,51,4,1263.52,4,3,4,4,434,Champions
14279,United Kingdom,2010-01-27,2010-07-07,521,2,191.86,1,2,1,2,121,Lost
14803,United Kingdom,2011-02-20,2011-06-30,163,3,845.55,3,3,3,3,333,Loyal Customers
18156,United Kingdom,2010-12-05,2011-11-27,13,2,675.64,5,2,3,3,523,Loyal Customers
17179,United Kingdom,2010-05-26,2011-06-14,179,6,1507.26,3,4,4,4,344,Loyal Customers
14757,United Kingdom,2011-09-25,2011-09-25,76,1,420.50,3,1,2,2,312,Need Attention
12740,France,2011-10-07,2011-10-07,64,1,427.60,3,1,2,2,312,Need Attention
14741,United Kingdom,2010-10-18,2011-11-28,12,7,1713.09,5,4,4,4,544,Champions
16819,United Kingdom,2010-08-31,2010-08-31,466,2,182.59,1,2,1,2,121,Lost
17401,United Kingdom,2010-06-16,2010-06-16,542,1,114.85,1,1,1,1,111,Lost
15619,United Kingdom,2011-11-29,2011-11-29,11,1,336.40,5,1,2,2,512,Potential Loyalists
14500,United Kingdom,2011-06-03,2011-09-12,89,3,356.85,3,3,2,3,332,Loyal Customers
15741,United Kingdom,2010-03-31,2010-09-07,459,2,208.62,1,2,1,2,121,Lost
17924,United Kingdom,2010-10-21,2011-11-28,12,8,3189.53,5,4,5,5,545,Champions
13541,United Kingdom,2010-05-18,2010-10-08,428,2,717.90,1,2,3,3,123,At Risk
12876,Belgium,2010-04-28,2011-10-13,58,4,3738.59,4,3,5,4,435,Champions
15120,United Kingdom,2011-07-29,2011-07-29,134,1,343.82,3,1,2,2,312,Need Attention
12526,Germany,2011-09-06,2011-12-09,1,3,1172.66,5,3,3,3,533,Loyal Customers
13847,United Kingdom,2009-12-20,2009-12-20,720,1,310.72,1,1,2,2,112,Lost
18238,United Kingdom,2010-07-12,2010-07-12,516,1,270.92,1,1,1,1,111,Lost
17481,United Kingdom,2011-09-07,2011-12-06,4,4,1249.34,5,3,4,4,534,Champions
16567,United Kingdom,2011-01-07,2011-05-29,195,2,865.60,2,2,3,3,223,At Risk
17125,United Kingdom,2011-10-20,2011-10-20,51,1,230.50,4,1,1,1,411,Promising
13928,United Kingdom,2011-07-29,2011-11-29,11,4,464.57,5,3,2,3,532,Loyal Customers
16454,United Kingdom,2010-04-07,2011-10-06,65,2,7.45,3,2,1,2,321,Need Attention
12968,United Kingdom,2011-08-19,2011-08-19,113,1,135.95,3,1,1,1,311,About to Sleep
17514,United Kingdom,2010-02-08,2011-08-03,129,2,522.00,3,2,2,2,322,Need Attention
13328,United Kingdom,2011-01-27,2011-01-27,317,1,1308.48,2,1,4,3,214,At Risk
17104,United Kingdom,2010-10-12,2010-10-12,424,1,474.03,1,1,2,2,112,Lost
16753,United Kingdom,2011-10-12,2011-10-12,59,1,223.92,4,1,1,1,411,Promising
14564,Channel Islands,2009-12-04,2010-10-01,435,2,2519.32,1,2,4,3,124,At Risk
15875,United Kingdom,2010-03-03,2010-03-03,647,1,108.52,1,1,1,1,111,Lost
17762,United Kingdom,2010-09-09,2010-09-09,457,1,129.75,1,1,1,1,111,Lost
12671,Germany,2010-04-12,2010-04-12,607,1,2622.48,1,1,4,3,114,At Risk
18157,United Kingdom,2010-05-17,2010-05-17,572,1,213.90,1,1,1,1,111,Lost
12864,United Kingdom,2010-07-19,2011-07-24,139,2,299.57,3,2,2,2,322,Need Attention
16733,United Kingdom,2010-06-28,2010-06-28,530,1,259.68,1,1,1,1,111,Lost
13638,United Kingdom,2011-11-24,2011-11-24,16,1,122.64,5,1,1,1,511,New Customers
13930,United Kingdom,2011-07-26,2011-10-13,58,2,337.34,4,2,2,2,422,Potential Loyalists
16337,United Kingdom,2011-11-03,2011-11-03,37,1,151.05,4,1,1,1,411,Promising
15667,United Kingdom,2011-10-31,2011-10-31,40,1,301.32,4,1,2,2,412,Potential Loyalists
15286,United Kingdom,2011-10-21,2011-10-21,50,1,240.55,4,1,1,1,411,Promising
17817,United Kingdom,2010-10-13,2011-12-05,5,6,781.45,5,4,3,4,543,Champions
13967,United Kingdom,2010-11-08,2011-07-17,146,2,166.30,3,2,1,2,321,Need Attention
17855,United Kingdom,2010-12-02,2010-12-02,373,1,208.97,2,1,1,1,211,Hibernating
12411,Australia,2010-10-26,2010-10-26,410,1,346.90,1,1,2,2,112,Lost
17934,United Kingdom,2010-10-29,2011-10-19,52,3,1049.15,4,3,3,3,433,Loyal Customers
12446,RSA,2011-10-13,2011-10-13,58,1,1002.31,4,1,3,2,413,Potential Loyalists
17206,United Kingdom,2011-10-17,2011-10-17,54,1,204.24,4,1,1,1,411,Promising
14974,United Kingdom,2011-11-02,2011-11-02,38,1,89.94,4,1,1,1,411,Promising
13275,United Kingdom,2010-03-17,2010-11-21,384,2,238.86,2,2,1,2,221,Hibernating
13596,United Kingdom,2011-11-27,2011-12-04,6,2,664.11,5,2,3,3,523,Loyal Customers
15928,United Kingdom,2010-02-21,2010-02-21,657,1,293.53,1,1,2,2,112,Lost
15387,United Kingdom,2010-08-04,2010-08-04,493,1,468.65,1,1,2,2,112,Lost
16519,United Kingdom,2010-03-01,2011-11-14,26,4,436.96,4,3,2,3,432,Loyal Customers
12973,United Kingdom,2010-10-22,2010-10-22,414,1,385.55,1,1,2,2,112,Lost
17637,United Kingdom,2011-08-16,2011-11-08,32,2,547.06,4,2,2,2,422,Potential Loyalists
12991,United Kingdom,2010-11-15,2011-11-16,24,3,764.82,4,3,3,3,433,Loyal Customers
14486,United Kingdom,2010-06-04,2010-07-16,512,2,175.50,1,2,1,2,121,Lost
12789,Netherlands,2010-01-15,2011-10-05,66,3,225.35,3,3,1,2,331,Need Attention
15285,United Kingdom,2010-10-28,2010-10-28,408,1,94.92,2,1,1,1,211,Hibernating
15096,United Kingdom,2011-10-28,2011-10-28,43,1,219.39,4,1,1,1,411,Promising
12509,France,2011-02-28,2011-02-28,285,1,158.50,2,1,1,1,211,Hibernating
14687,United Kingdom,2010-06-06,2011-08-25,107,3,1402.06,3,3,4,4,334,Loyal Customers
13244,United Kingdom,2011-09-08,2011-09-08,93,1,121.74,3,1,1,1,311,About to Sleep
15772,United Kingdom,2010-10-17,2010-10-17,419,1,280.88,1,1,2,2,112,Lost
16479,United Kingdom,2011-11-29,2011-11-29,11,2,300.83,5,2,2,2,522,Potential Loyalists
16082,United Kingdom,2010-02-07,2010-02-07,671,1,106.75,1,1,1,1,111,Lost
16237,United Kingdom,2010-09-28,2010-09-28,438,1,136.65,1,1,1,1,111,Lost
12485,Sweden,2010-06-28,2010-06-28,530,1,708.10,1,1,3,2,113,Lost
14490,United Kingdom,2010-10-07,2010-10-29,407,2,1273.47,2,2,4,3,224,At Risk
12368,Cyprus,2010-03-21,2010-03-21,629,1,917.70,1,1,3,2,113,Lost
13942,United Kingdom,2010-06-23,2010-06-23,535,1,320.00,1,1,2,2,112,Lost
15947,United Kingdom,2011-09-18,2011-09-18,83,1,1708.24,3,1,4,3,314,Loyal Customers
17958,United Kingdom,2009-12-11,2011-08-15,117,2,973.88,3,2,3,3,323,Loyal Customers
15613,United Kingdom,2010-04-08,2010-04-08,611,1,433.72,1,1,2,2,112,Lost
18165,United Kingdom,2011-06-15,2011-06-15,178,1,302.46,3,1,2,2,312,Need Attention
12563,Italy,2010-10-27,2010-10-27,409,1,221.24,2,1,1,1,211,Hibernating
18243,United Kingdom,2010-10-21,2010-10-21,415,1,515.78,1,1,2,2,112,Lost
13133,United Kingdom,2010-09-06,2011-03-11,274,3,200.45,2,3,1,2,231,Hibernating
13428,United Kingdom,2010-07-13,2011-11-29,11,3,478.54,5,3,2,3,532,Loyal Customers
17887,United Kingdom,2011-08-02,2011-08-02,130,1,111.35,3,1,1,1,311,About to Sleep
14579,United Kingdom,2010-10-03,2010-10-03,433,1,105.56,1,1,1,1,111,Lost
12893,United Kingdom,2011-11-09,2011-11-09,31,1,176.55,4,1,1,1,411,Promising
12988,United Kingdom,2011-02-20,2011-02-20,293,1,505.82,2,1,2,2,212,Hibernating
15982,United Kingdom,2010-04-13,2010-04-13,606,1,324.51,1,1,2,2,112,Lost
14392,United Kingdom,2010-10-03,2010-10-03,433,1,266.40,1,1,1,1,111,Lost
13624,United Kingdom,2010-11-16,2010-11-16,389,1,427.18,2,1,2,2,212,Hibernating
16606,United Kingdom,2010-10-01,2010-10-31,405,2,357.66,2,2,2,2,222,Hibernating
14046,United Kingdom,2011-02-28,2011-02-28,285,1,151.59,2,1,1,1,211,Hibernating
15503,United Kingdom,2009-12-13,2010-12-12,363,2,257.30,2,2,1,2,221,Hibernating
18284,United Kingdom,2010-10-04,2010-10-04,432,1,411.68,1,1,2,2,112,Lost
17291,United Kingdom,2011-02-04,2011-02-04,309,1,550.80,2,1,2,2,212,Hibernating
14528,United Kingdom,2011-11-02,2011-11-02,38,1,364.22,4,1,2,2,412,Potential Loyalists
16439,United Kingdom,2009-12-17,2009-12-17,723,1,310.70,1,1,2,2,112,Lost
13445,United Kingdom,2010-03-23,2010-03-23,627,1,241.90,1,1,1,1,111,Lost
16388,United Kingdom,2010-02-24,2010-02-24,654,1,186.05,1,1,1,1,111,Lost
16645,United Kingdom,2009-12-04,2009-12-04,736,1,160.39,1,1,1,1,111,Lost
16028,United Kingdom,2010-04-23,2010-04-23,596,1,82.20,1,1,1,1,111,Lost
17597,United Kingdom,2010-05-05,2011-05-10,214,5,3425.29,2,4,5,5,245,Cannot Lose Them
18172,United Kingdom,2009-12-11,2011-11-25,15,52,17289.23,5,5,5,5,555,Champions
17952,United Kingdom,2010-06-16,2010-11-26,379,4,788.46,2,3,3,3,233,At Risk
16682,United Kingdom,2011-06-05,2011-12-05,5,5,1028.00,5,4,3,4,543,Champions
16422,United Kingdom,2010-01-12,2011-11-22,18,107,59939.52,5,5,5,5,555,Champions
16705,United Kingdom,2009-12-09,2011-12-09,1,42,42653.14,5,5,5,5,555,Champions
12431,Australia,2010-01-15,2011-11-04,36,25,9963.66,4,5,5,5,455,Champions
17675,United Kingdom,2009-12-10,2011-12-08,2,70,37067.02,5,5,5,5,555,Champions
17777,United Kingdom,2011-08-31,2011-11-15,25,3,647.56,4,3,3,3,433,Loyal Customers
13924,United Kingdom,2011-09-28,2011-12-08,2,6,1682.08,5,4,4,4,544,Champions
17371,United Kingdom,2009-12-08,2011-11-22,18,6,651.37,5,4,3,4,543,Champions
16583,United Kingdom,2010-02-04,2010-12-01,374,2,297.95,2,2,2,2,222,Hibernating
17525,United Kingdom,2010-10-07,2010-12-15,360,3,1161.90,2,3,3,3,233,At Risk
15078,United Kingdom,2009-12-04,2011-12-02,8,52,17091.37,5,5,5,5,555,Champions
13663,United Kingdom,2010-03-03,2011-06-13,180,5,2013.61,3,4,4,4,344,Loyal Customers
14673,United Kingdom,2010-10-26,2011-12-06,4,7,3037.32,5,4,5,5,545,Champions
16048,United Kingdom,2010-06-08,2010-12-01,374,4,800.09,2,3,3,3,233,At Risk
14927,United Kingdom,2010-11-08,2010-11-08,397,1,308.20,2,1,2,2,212,Hibernating
16960,United Kingdom,2010-03-02,2011-11-01,39,8,1967.48,4,4,4,4,444,Champions
13875,United Kingdom,2009-12-17,2011-10-17,54,14,4814.37,4,5,5,5,455,Champions
17921,United Kingdom,2010-07-15,2011-10-06,65,10,2354.21,3,5,4,5,354,Loyal Customers
15769,United Kingdom,2009-12-11,2011-12-02,8,46,84183.52,5,5,5,5,555,Champions
13137,United Kingdom,2010-07-25,2011-11-29,11,16,7586.94,5,5,5,5,555,Champions
14646,Netherlands,2009-12-02,2011-12-08,2,145,523202.74,5,5,5,5,555,Champions
15984,United Kingdom,2009-12-01,2011-12-07,3,30,8304.82,5,5,5,5,555,Champions
13394,United Kingdom,2009-12-01,2011-12-08,2,19,6329.38,5,5,5,5,555,Champions
14290,United Kingdom,2009-12-08,2011-11-28,12,8,4221.43,5,4,5,5,545,Champions
13752,United Kingdom,2010-06-30,2011-08-07,125,7,1579.83,3,4,4,4,344,Loyal Customers
15615,United Kingdom,2009-12-02,2011-11-29,11,47,21282.07,5,5,5,5,555,Champions
16156,United Kingdom,2009-12-02,2011-12-01,9,20,5931.01,5,5,5,5,555,Champions
14292,United Kingdom,2010-03-19,2011-12-02,8,16,8887.90,5,5,5,5,555,Champions
17450,United Kingdom,2010-09-27,2011-12-01,9,51,233643.91,5,5,5,5,555,Champions
12417,Belgium,2009-12-06,2011-12-06,4,20,5889.71,5,5,5,5,555,Champions
17486,United Kingdom,2011-03-23,2011-03-23,262,1,396.87,2,1,2,2,212,Hibernating
15813,United Kingdom,2011-04-14,2011-05-16,208,2,1303.91,2,2,4,3,224,At Risk
17042,United Kingdom,2011-04-06,2011-12-07,3,5,1036.58,5,4,3,4,543,Champions
16807,United Kingdom,2010-03-26,2011-07-20,143,6,2064.88,3,4,4,4,344,Loyal Customers
15981,United Kingdom,2010-03-29,2011-11-15,25,21,9284.07,4,5,5,5,455,Champions
13874,United Kingdom,2010-02-04,2010-12-16,359,7,1989.20,2,4,4,4,244,At Risk
17039,United Kingdom,2010-04-14,2010-04-14,605,1,1954.99,1,1,4,3,114,At Risk
15521,United Kingdom,2010-01-05,2011-10-30,41,16,6780.39,4,5,5,5,455,Champions
12640,France,2011-09-19,2011-11-16,24,3,994.58,4,3,3,3,433,Loyal Customers
12567,France,2010-02-11,2011-11-17,23,15,10425.44,4,5,5,5,455,Champions
13126,United Kingdom,2010-03-02,2011-12-05,5,13,3679.03,5,5,5,5,555,Champions
16191,United Kingdom,2009-12-11,2011-12-07,3,24,15155.17,5,5,5,5,555,Champions
12877,United Kingdom,2010-01-18,2011-12-06,4,20,2942.14,5,5,5,5,555,Champions
17404,Sweden,2010-01-07,2011-12-05,5,21,45863.82,5,5,5,5,555,Champions
14440,United Kingdom,2009-12-02,2011-12-01,9,13,5870.13,5,5,5,5,555,Champions
12482,Sweden,2010-02-24,2010-05-12,577,27,21941.72,1,5,5,5,155,Cannot Lose Them
15661,United Kingdom,2010-05-10,2011-01-26,318,8,1215.95,2,4,4,4,244,At Risk
12410,Switzerland,2010-07-25,2011-02-04,309,3,761.46,2,3,3,3,233,At Risk
16153,United Kingdom,2010-05-26,2011-10-21,50,11,5047.09,4,5,5,5,455,Champions
17255,United Kingdom,2010-09-19,2011-10-30,41,4,781.70,4,3,3,3,433,Loyal Customers
17048,United Kingdom,2010-01-18,2011-08-14,118,7,1991.45,3,4,4,4,344,Loyal Customers
15671,United Kingdom,2011-03-14,2011-11-21,19,7,2635.49,5,4,4,4,544,Champions
17670,United Kingdom,2011-04-26,2011-04-26,228,1,205.70,2,1,1,1,211,Hibernating
16569,United Kingdom,2009-12-16,2011-12-06,4,5,1455.23,5,4,4,4,544,Champions
16493,United Kingdom,2010-03-26,2011-09-21,80,7,2110.12,3,4,4,4,344,Loyal Customers
15549,United Kingdom,2010-01-11,2011-09-23,78,8,2292.91,3,4,4,4,344,Loyal Customers
14383,United Kingdom,2011-06-29,2011-11-01,39,3,1247.69,4,3,4,4,434,Champions
18241,United Kingdom,2010-04-01,2011-11-30,10,21,2954.09,5,5,5,5,555,Champions
17173,United Kingdom,2011-07-31,2011-12-04,6,8,3755.65,5,4,5,5,545,Champions
14047,United Kingdom,2010-02-01,2011-12-01,9,14,3881.11,5,5,5,5,555,Champions
18095,United Kingdom,2010-04-19,2011-01-31,313,5,2303.09,2,4,4,4,244,At Risk
13027,United Kingdom,2010-01-20,2011-08-18,114,19,17143.20,3,5,5,5,355,Loyal Customers
13798,United Kingdom,2009-12-08,2011-12-08,2,110,73177.50,5,5,5,5,555,Champions
15625,United Kingdom,2010-06-15,2011-08-28,104,9,3203.25,3,5,5,5,355,Loyal Customers
12971,United Kingdom,2009-12-15,2011-12-06,4,116,15218.05,5,5,5,5,555,Champions
17975,United Kingdom,2010-08-06,2011-11-24,16,24,6591.88,5,5,5,5,555,Champions
16034,United Kingdom,2010-10-26,2011-05-27,197,6,908.37,2,4,3,4,243,At Risk
17003,United Kingdom,2010-05-10,2010-11-02,403,4,828.21,2,3,3,3,233,At Risk
13384,United Kingdom,2010-07-27,2011-11-09,31,11,6635.09,4,5,5,5,455,Champions
14466,United Kingdom,2009-12-13,2011-11-10,30,13,4267.15,4,5,5,5,455,Champions
17612,United Kingdom,2009-12-17,2011-10-17,54,18,5168.28,4,5,5,5,455,Champions
16962,United Kingdom,2010-10-26,2010-10-26,410,1,251.04,1,1,1,1,111,Lost
17276,United Kingdom,2010-11-02,2010-11-02,403,1,444.19,2,1,2,2,212,Hibernating
15360,United Kingdom,2011-10-31,2011-10-31,40,1,427.93,4,1,2,2,412,Potential Loyalists
17034,United Kingdom,2010-07-14,2011-11-23,17,5,1231.82,5,4,4,4,544,Champions
15970,United Kingdom,2010-04-20,2011-02-09,304,2,1017.32,2,2,3,3,223,At Risk
13164,United Kingdom,2010-02-10,2010-05-19,570,2,308.45,1,2,2,2,122,Lost
13881,United Kingdom,2010-03-04,2011-12-06,4,43,44392.50,5,5,5,5,555,Champions
13188,United Kingdom,2011-11-28,2011-11-28,12,1,114.60,5,1,1,1,511,New Customers
17314,United Kingdom,2009-12-03,2011-11-15,25,17,4514.70,4,5,5,5,455,Champions
16656,United Kingdom,2009-12-04,2011-11-17,23,30,16307.72,4,5,5,5,455,Champions
17680,United Kingdom,2010-07-16,2011-11-16,24,3,462.50,4,3,2,3,432,Loyal Customers
12935,United Kingdom,2010-04-11,2011-12-07,3,15,4182.01,5,5,5,5,555,Champions
14214,United Kingdom,2011-03-07,2011-11-09,31,5,1000.23,4,4,3,4,443,Champions
14475,United Kingdom,2010-10-27,2011-09-29,72,4,1025.12,3,3,3,3,333,Loyal Customers
13457,United Kingdom,2009-12-02,2010-01-20,689,2,143.27,1,2,1,2,121,Lost
16576,United Kingdom,2010-07-06,2010-10-15,421,2,513.17,1,2,2,2,122,Lost
14334,United Kingdom,2010-05-20,2011-11-23,17,12,4292.98,5,5,5,5,555,Champions
13648,United Kingdom,2009-12-01,2010-11-04,401,8,1681.12,2,4,4,4,244,At Risk
13799,United Kingdom,2010-03-05,2011-08-15,117,9,2039.82,3,5,4,5,354,Loyal Customers
14474,United Kingdom,2010-05-09,2011-10-24,47,2,1248.94,4,2,4,3,424,Loyal Customers
18145,United Kingdom,2009-12-08,2011-11-27,13,11,5592.04,5,5,5,5,555,Champions
14408,United Kingdom,2009-12-07,2011-11-29,11,11,4102.27,5,5,5,5,555,Champions
14732,United Kingdom,2009-12-09,2011-12-01,9,19,5447.52,5,5,5,5,555,Champions
15041,United Kingdom,2010-09-21,2011-06-22,171,2,288.98,3,2,2,2,322,Need Attention
17505,United Kingdom,2010-04-13,2011-07-01,162,5,2435.48,3,4,4,4,344,Loyal Customers
14961,United Kingdom,2009-12-04,2011-11-29,11,22,16328.90,5,5,5,5,555,Champions
13558,United Kingdom,2011-10-02,2011-12-04,6,4,594.52,5,3,3,3,533,Loyal Customers
17870,United Kingdom,2010-11-23,2011-12-07,3,13,2748.34,5,5,4,5,554,Champions
15799,United Kingdom,2010-10-17,2011-09-25,76,4,1421.34,3,3,4,4,334,Loyal Customers
12883,United Kingdom,2011-09-11,2011-11-15,25,4,703.47,4,3,3,3,433,Loyal Customers
12536,France,2011-10-11,2011-10-11,60,1,4151.26,3,1,5,3,315,Loyal Customers
14087,United Kingdom,2009-12-04,2011-12-07,3,3,786.72,5,3,3,3,533,Loyal Customers
15446,United Kingdom,2009-12-13,2010-11-28,377,3,390.00,2,3,2,3,232,At Risk
15191,United Kingdom,2010-01-20,2010-09-02,464,3,588.05,1,3,2,3,132,At Risk
13497,United Kingdom,2010-02-08,2011-03-02,283,6,1139.83,2,4,3,4,243,At Risk
16275,United Kingdom,2010-03-08,2011-05-27,197,3,2151.11,2,3,4,4,234,At Risk
12595,Germany,2010-07-23,2010-07-23,505,1,281.02,1,1,2,2,112,Lost
16655,United Kingdom,2010-01-31,2011-11-22,18,13,6423.26,5,5,5,5,555,Champions
13206,United Kingdom,2009-12-07,2010-11-04,401,13,8308.19,2,5,5,5,255,Cannot Lose Them
16630,United Kingdom,2010-10-28,2010-10-28,408,1,104.30,2,1,1,1,211,Hibernating
15835,United Kingdom,2011-01-13,2011-10-26,45,4,954.09,4,3,3,3,433,Loyal Customers
15145,United Kingdom,2011-04-05,2011-12-05,5,4,1194.73,5,3,4,4,534,Champions
15095,United Kingdom,2010-01-21,2011-08-28,104,10,3135.74,3,5,5,5,355,Loyal Customers
15819,United Kingdom,2010-03-18,2011-10-21,50,10,3911.28,4,5,5,5,455,Champions
17784,United Kingdom,2010-06-07,2010-06-07,551,1,112.86,1,1,1,1,111,Lost
13955,United Kingdom,2010-11-29,2011-07-08,155,3,544.07,3,3,2,3,332,Loyal Customers
15532,United Kingdom,2010-06-08,2011-11-14,26,10,3653.35,4,5,5,5,455,Champions
17414,United Kingdom,2009-12-03,2011-10-27,44,6,2249.52,4,4,4,4,444,Champions
15328,United Kingdom,2010-10-28,2010-10-28,408,1,107.24,2,1,1,1,211,Hibernating
16593,United Kingdom,2009-12-05,2011-10-20,51,8,1051.24,4,4,3,4,443,Champions
17101,United Kingdom,2010-06-07,2011-11-29,11,7,2507.05,5,4,4,4,544,Champions
18280,United Kingdom,2010-11-10,2011-03-07,278,2,472.45,2,2,2,2,222,Hibernating
13612,United Kingdom,2010-03-17,2010-03-17,633,1,777.79,1,1,3,2,113,Lost
13095,United Kingdom,2011-09-30,2011-09-30,71,1,74.40,3,1,1,1,311,About to Sleep
12992,United Kingdom,2009-12-14,2009-12-14,726,1,93.35,1,1,1,1,111,Lost
17047,United Kingdom,2009-12-08,2011-09-15,86,6,2289.23,3,4,4,4,344,Loyal Customers
15551,United Kingdom,2010-06-07,2011-11-03,37,7,1629.01,4,4,4,4,444,Champions
14866,United Kingdom,2010-09-21,2011-11-29,11,17,20507.59,5,5,5,5,555,Champions
16584,United Kingdom,2010-02-16,2011-09-20,81,5,3077.97,3,4,5,5,345,Loyal Customers
15410,United Kingdom,2010-04-19,2011-09-16,85,10,4685.72,3,5,5,5,355,Loyal Customers
16949,United Kingdom,2011-01-27,2011-12-06,4,6,1161.27,5,4,3,4,543,Champions
16189,United Kingdom,2011-09-15,2011-11-24,16,2,215.48,5,2,1,2,521,Potential Loyalists
16581,United Kingdom,2011-06-10,2011-06-10,183,1,70.44,3,1,1,1,311,About to Sleep
12691,France,2010-10-15,2011-11-11,29,6,1044.40,4,4,3,4,443,Champions
12574,France,2011-01-28,2011-01-28,316,1,182.45,2,1,1,1,211,Hibernating
17334,United Kingdom,2010-10-29,2011-02-10,303,3,634.73,2,3,3,3,233,At Risk
16080,United Kingdom,2010-09-15,2011-09-19,82,4,472.90,3,3,2,3,332,Loyal Customers
16720,United Kingdom,2009-12-17,2011-11-13,27,3,556.69,4,3,2,3,432,Loyal Customers
15137,United Kingdom,2010-01-28,2010-07-07,521,2,747.55,1,2,3,3,123,At Risk
16716,United Kingdom,2010-03-19,2011-03-18,267,3,1568.28,2,3,4,4,234,At Risk
13284,United Kingdom,2011-01-13,2011-01-13,331,1,196.15,2,1,1,1,211,Hibernating
14609,United Kingdom,2010-02-09,2011-09-28,73,10,1366.20,3,5,4,5,354,Loyal Customers
14566,Channel Islands,2010-06-24,2011-08-21,111,4,4092.00,3,3,5,4,335,Loyal Customers
16321,Australia,2009-12-01,2011-09-28,73,7,265.50,3,4,1,3,341,Loyal Customers
13163,United Kingdom,2010-04-08,2010-04-08,611,1,0.00,1,1,1,1,111,Lost
15135,United Kingdom,2010-06-01,2011-04-14,240,2,293.78,2,2,2,2,222,Hibernating
17635,United Kingdom,2010-04-28,2010-10-11,425,3,1256.83,1,3,4,4,134,At Risk
14954,United Kingdom,2010-01-05,2011-11-27,13,2,462.12,5,2,2,2,522,Potential Loyalists
15436,United Kingdom,2011-04-19,2011-11-27,13,3,1067.75,5,3,3,3,533,Loyal Customers
14349,United Kingdom,2011-11-29,2011-11-29,11,1,133.50,5,1,1,1,511,New Customers
17728,United Kingdom,2010-09-12,2011-12-06,4,5,4206.16,5,4,5,5,545,Champions
12462,Spain,2011-02-09,2011-11-21,19,2,872.01,5,2,3,3,523,Loyal Customers
16898,United Kingdom,2010-05-12,2011-11-13,27,5,820.86,4,4,3,4,443,Champions
17431,United Kingdom,2011-01-30,2011-01-30,314,1,403.30,2,1,2,2,212,Hibernating
17507,United Kingdom,2011-02-03,2011-03-23,262,2,605.58,2,2,3,3,223,At Risk
14966,United Kingdom,2009-12-15,2011-11-25,15,6,1064.26,5,4,3,4,543,Champions
15010,United Kingdom,2011-11-04,2011-11-04,36,1,308.94,4,1,2,2,412,Potential Loyalists
17709,United Kingdom,2010-04-15,2011-06-23,170,5,671.01,3,4,3,4,343,Loyal Customers
17367,United Kingdom,2011-04-15,2011-04-15,239,1,167.55,2,1,1,1,211,Hibernating
13151,United Kingdom,2010-03-22,2011-02-17,296,3,2385.66,2,3,4,4,234,At Risk
16585,United Kingdom,2010-01-13,2010-04-25,594,2,341.59,1,2,2,2,122,Lost
16328,United Kingdom,2010-05-25,2010-05-25,564,1,310.83,1,1,2,2,112,Lost
15880,United Kingdom,2010-12-05,2010-12-05,370,1,299.03,2,1,2,2,212,Hibernating
17646,United Kingdom,2009-12-16,2011-05-04,220,12,3843.16,2,5,5,5,255,Cannot Lose Them
17756,United Kingdom,2010-11-10,2010-11-29,376,3,728.75,2,3,3,3,233,At Risk
16768,United Kingdom,2009-12-07,2011-10-23,48,9,1637.52,4,5,4,5,454,Champions
15644,United Kingdom,2011-03-23,2011-06-26,167,4,803.54,3,3,3,3,333,Loyal Customers
16040,United Kingdom,2010-04-09,2011-10-05,66,7,2383.70,3,4,4,4,344,Loyal Customers
18146,United Kingdom,2011-05-03,2011-07-22,141,2,160.35,3,2,1,2,321,Need Attention
14805,United Kingdom,2010-03-28,2011-11-24,16,7,1082.55,5,4,3,4,543,Champions
15214,United Kingdom,2011-04-11,2011-12-08,2,8,1661.44,5,4,4,4,544,Champions
15943,United Kingdom,2010-01-31,2010-02-28,650,2,271.29,1,2,1,2,121,Lost
13533,United Kingdom,2011-03-17,2011-06-10,183,3,269.09,3,3,1,2,331,Need Attention
14792,United Kingdom,2011-10-07,2011-10-07,64,1,0.00,3,1,1,1,311,About to Sleep
14021,United Kingdom,2010-04-26,2011-07-07,156,7,1716.58,3,4,4,4,344,Loyal Customers
14542,United Kingdom,2011-06-07,2011-06-07,186,1,103.25,3,1,1,1,311,About to Sleep
16027,United Kingdom,2010-01-08,2011-09-09,92,15,1882.34,3,5,4,5,354,Loyal Customers
12798,Japan,2010-10-14,2011-11-29,11,4,8510.93,5,3,5,4,535,Champions
15973,United Kingdom,2010-10-07,2010-12-08,367,2,457.57,2,2,2,2,222,Hibernating
14768,United Kingdom,2011-08-04,2011-11-22,18,2,139.50,5,2,1,2,521,Potential Loyalists
17929,United Kingdom,2009-12-09,2011-11-28,12,12,3073.60,5,5,5,5,555,Champions
17960,United Kingdom,2010-03-08,2011-06-21,172,3,135.08,3,3,1,2,331,Need Attention
14039,United Kingdom,2010-05-13,2011-11-06,34,2,267.28,4,2,1,2,421,Potential Loyalists
15999,United Kingdom,2009-12-04,2009-12-04,736,1,20.40,1,1,1,1,111,Lost
15713,United Kingdom,2009-12-16,2011-07-19,144,4,814.84,3,3,3,3,333,Loyal Customers
13101,United Kingdom,2010-01-27,2011-04-19,235,4,695.40,2,3,3,3,233,At Risk
18128,United Kingdom,2010-06-20,2010-06-20,538,1,399.29,1,1,2,2,112,Lost
12816,Poland,2011-06-16,2011-09-05,96,2,452.20,3,2,2,2,322,Need Attention
14487,United Kingdom,2010-11-25,2011-11-13,27,7,1253.52,4,4,4,4,444,Champions
15790,United Kingdom,2011-11-29,2011-11-29,11,1,218.75,5,1,1,1,511,New Customers
17822,United Kingdom,2010-05-28,2010-10-15,421,5,2154.08,1,4,4,4,144,At Risk
17141,United Kingdom,2010-01-24,2010-10-17,419,4,727.58,1,3,3,3,133,At Risk
16685,United Kingdom,2011-10-09,2011-10-09,62,2,324.24,3,2,2,2,322,Need Attention
16121,United Kingdom,2010-05-23,2011-10-13,58,5,1430.14,4,4,4,4,444,Champions
15800,United Kingdom,2010-03-31,2011-08-24,108,7,1227.07,3,4,4,4,344,Loyal Customers
15852,United Kingdom,2010-07-01,2011-06-06,187,3,257.26,3,3,1,2,331,Need Attention
13083,United Kingdom,2010-10-10,2011-12-05,5,3,395.43,5,3,2,3,532,Loyal Customers
12391,Cyprus,2010-02-15,2011-11-18,22,6,2699.24,4,4,4,4,444,Champions
16636,United Kingdom,2010-03-03,2010-09-27,439,4,3802.04,1,3,5,4,135,At Risk
16071,United Kingdom,2010-02-22,2011-10-26,45,4,1076.80,4,3,3,3,433,Loyal Customers
16739,United Kingdom,2010-06-21,2011-06-16,177,2,772.23,3,2,3,3,323,Loyal Customers
15651,United Kingdom,2010-04-22,2011-11-03,37,5,1259.06,4,4,4,4,444,Champions
17098,United Kingdom,2010-06-17,2010-11-23,382,3,591.07,2,3,3,3,233,At Risk
16838,United Kingdom,2010-02-14,2011-05-26,198,4,1126.66,2,3,3,3,233,At Risk
16998,United Kingdom,2010-09-21,2011-07-13,150,5,394.50,3,4,2,3,342,Loyal Customers
15401,United Kingdom,2010-05-20,2010-09-13,453,2,216.95,1,2,1,2,121,Lost
13357,United Kingdom,2010-03-22,2011-03-27,258,5,3795.01,2,4,5,5,245,Cannot Lose Them
15280,United Kingdom,2010-05-17,2011-06-20,173,3,397.52,3,3,2,3,332,Loyal Customers
15870,United Kingdom,2010-09-19,2011-11-07,33,4,857.46,4,3,3,3,433,Loyal Customers
15771,United Kingdom,2010-01-15,2010-04-14,605,3,1006.54,1,3,3,3,133,At Risk
12603,Germany,2011-11-18,2011-11-18,22,1,613.20,4,1,3,2,413,Potential Loyalists
12664,Finland,2009-12-13,2011-12-01,9,11,5420.04,5,5,5,5,555,Champions
13205,United Kingdom,2010-09-22,2010-09-22,444,1,2803.20,1,1,4,3,114,At Risk
16762,United Kingdom,2011-07-18,2011-11-20,20,3,1207.24,5,3,4,4,534,Champions
14986,United Kingdom,2010-01-24,2010-11-28,377,2,563.10,2,2,2,2,222,Hibernating
17688,United Kingdom,2010-11-11,2010-11-11,394,1,286.50,2,1,2,2,212,Hibernating
14236,United Kingdom,2010-07-22,2011-09-20,81,5,1543.44,3,4,4,4,344,Loyal Customers
15839,United Kingdom,2011-07-14,2011-11-06,34,3,1020.74,4,3,3,3,433,Loyal Customers
15075,United Kingdom,2011-09-23,2011-09-23,78,1,773.03,3,1,3,2,313,Need Attention
16914,United Kingdom,2011-11-03,2011-11-03,37,1,183.76,4,1,1,1,411,Promising
18016,United Kingdom,2010-01-27,2011-11-07,33,7,1954.56,4,4,4,4,444,Champions
14284,United Kingdom,2010-02-24,2011-11-09,31,3,1282.85,4,3,4,4,434,Champions
16100,United Kingdom,2010-09-03,2010-09-03,463,1,582.64,1,1,2,2,112,Lost
13530,United Kingdom,2010-03-15,2010-03-15,635,1,402.98,1,1,2,2,112,Lost
15282,United Kingdom,2010-05-18,2010-05-18,571,1,348.59,1,1,2,2,112,Lost
12978,United Kingdom,2009-12-10,2010-11-19,386,5,2496.07,2,4,4,4,244,At Risk
12863,United Kingdom,2010-04-29,2011-10-18,53,6,2775.55,4,4,4,4,444,Champions
13605,United Kingdom,2010-05-17,2010-11-17,388,2,522.67,2,2,2,2,222,Hibernating
16648,United Kingdom,2010-04-28,2011-10-28,43,3,653.00,4,3,3,3,433,Loyal Customers
17577,United Kingdom,2010-02-09,2010-03-04,646,2,348.75,1,2,2,2,122,Lost
15437,United Kingdom,2010-03-09,2011-03-22,263,2,393.45,2,2,2,2,222,Hibernating
14959,United Kingdom,2011-02-16,2011-10-06,65,4,684.97,3,3,3,3,333,Loyal Customers
12821,United Kingdom,2010-04-07,2011-05-09,215,2,220.80,2,2,1,2,221,Hibernating
16671,United Kingdom,2011-06-28,2011-11-11,29,3,1692.27,4,3,4,4,434,Champions
15488,United Kingdom,2010-05-05,2011-09-08,93,5,431.92,3,4,2,3,342,Loyal Customers
12710,Germany,2011-05-22,2011-09-04,97,3,1004.57,3,3,3,3,333,Loyal Customers
13655,United Kingdom,2010-04-27,2011-08-17,115,6,2261.66,3,4,4,4,344,Loyal Customers
16461,United Kingdom,2010-03-03,2011-06-15,178,3,1539.83,3,3,4,4,334,Loyal Customers
13989,United Kingdom,2010-05-25,2011-10-05,66,5,2026.06,3,4,4,4,344,Loyal Customers
13383,United Kingdom,2010-06-14,2010-06-14,544,1,305.28,1,1,2,2,112,Lost
15609,United Kingdom,2011-06-08,2011-06-08,185,1,270.03,3,1,1,1,311,About to Sleep
13660,United Kingdom,2010-11-04,2010-11-04,401,1,295.74,2,1,2,2,212,Hibernating
17475,United Kingdom,2011-09-21,2011-09-21,80,1,194.37,3,1,1,1,311,About to Sleep
17807,United Kingdom,2010-01-04,2010-11-09,396,3,437.87,2,3,2,3,232,At Risk
13652,United Kingdom,2010-02-25,2011-10-25,46,5,2262.05,4,4,4,4,444,Champions
14816,United Kingdom,2011-05-26,2011-05-26,198,1,271.85,2,1,2,2,212,Hibernating
12950,United Kingdom,2011-11-15,2011-12-07,3,3,1843.00,5,3,4,4,534,Champions
14026,United Kingdom,2010-03-24,2010-08-26,471,2,713.11,1,2,3,3,123,At Risk
15109,United Kingdom,2009-12-04,2011-04-08,246,3,961.90,2,3,3,3,233,At Risk
18202,United Kingdom,2011-02-01,2011-05-24,200,3,1396.99,2,3,4,4,234,At Risk
16564,United Kingdom,2010-05-19,2010-05-19,570,1,87.80,1,1,1,1,111,Lost
17216,United Kingdom,2010-06-03,2010-06-03,555,1,63.60,1,1,1,1,111,Lost
15577,United Kingdom,2009-12-13,2011-07-11,152,5,396.03,3,4,2,3,342,Loyal Customers
16724,United Kingdom,2010-10-31,2010-10-31,405,1,147.35,2,1,1,1,211,Hibernating
15071,United Kingdom,2010-05-18,2011-09-07,94,4,1455.56,3,3,4,4,334,Loyal Customers
15818,United Kingdom,2010-04-30,2010-04-30,589,1,340.50,1,1,2,2,112,Lost
14642,United Kingdom,2011-10-12,2011-10-12,59,1,96.12,4,1,1,1,411,Promising
13245,United Kingdom,2010-10-03,2011-10-20,51,2,989.22,4,2,3,3,423,Loyal Customers
13547,United Kingdom,2010-10-27,2010-10-27,409,1,164.53,2,1,1,1,211,Hibernating
16089,United Kingdom,2010-07-18,2010-11-18,387,2,263.49,2,2,1,2,221,Hibernating
16535,United Kingdom,2010-11-19,2011-12-04,6,2,952.04,5,2,3,3,523,Loyal Customers
13354,United Kingdom,2011-09-29,2011-09-29,72,1,743.53,3,1,3,2,313,Need Attention
15422,United Kingdom,2010-02-07,2011-01-20,324,7,1615.02,2,4,4,4,244,At Risk
17456,United Kingdom,2010-09-09,2010-12-09,366,2,975.56,2,2,3,3,223,At Risk
12639,Sweden,2010-03-22,2011-04-15,239,3,1072.37,2,3,3,3,233,At Risk
17140,United Kingdom,2011-04-06,2011-04-06,248,1,454.12,2,1,2,2,212,Hibernating
13745,United Kingdom,2010-06-11,2011-06-30,163,2,761.27,3,2,3,3,323,Loyal Customers
17708,United Kingdom,2010-10-12,2011-06-05,188,4,884.18,2,3,3,3,233,At Risk
13583,United Kingdom,2010-01-29,2011-07-07,156,2,1445.03,3,2,4,3,324,Loyal Customers
12776,Portugal,2010-02-10,2010-02-10,668,1,27.50,1,1,1,1,111,Lost
17815,United Kingdom,2010-11-11,2010-11-11,394,1,591.96,2,1,3,2,213,Hibernating
14192,United Kingdom,2010-11-16,2010-11-16,389,1,293.74,2,1,2,2,212,Hibernating
17544,United Kingdom,2010-11-14,2010-11-14,391,3,944.82,2,3,3,3,233,At Risk
13132,United Kingdom,2011-03-23,2011-03-23,262,1,77.30,2,1,1,1,211,Hibernating
16618,United Kingdom,2011-01-21,2011-11-08,32,5,2630.64,4,4,4,4,444,Champions
12588,Finland,2010-04-21,2011-10-31,40,3,698.98,4,3,3,3,433,Loyal Customers
15440,United Kingdom,2011-05-15,2011-10-16,55,3,383.68,4,3,2,3,432,Loyal Customers
15865,United Kingdom,2010-01-05,2011-10-30,41,5,2241.42,4,4,4,4,444,Champions
15324,United Kingdom,2010-01-07,2010-01-07,702,1,140.22,1,1,1,1,111,Lost
17132,United Kingdom,2010-08-08,2010-09-13,453,2,1220.91,1,2,4,3,124,At Risk
15589,United Kingdom,2011-02-02,2011-03-29,256,3,456.58,2,3,2,3,232,At Risk
16343,United Kingdom,2010-10-28,2011-11-23,17,3,614.12,5,3,3,3,533,Loyal Customers
14725,United Kingdom,2010-06-23,2011-11-15,25,4,1196.46,4,3,4,4,434,Champions
16804,United Kingdom,2011-03-14,2011-11-16,24,3,536.99,4,3,2,3,432,Loyal Customers
13834,United Kingdom,2010-02-08,2010-05-12,577,2,269.89,1,2,1,2,121,Lost
16399,United Kingdom,2010-11-15,2011-11-20,20,3,628.42,5,3,3,3,533,Loyal Customers
17023,United Kingdom,2010-01-11,2010-10-18,418,3,800.18,1,3,3,3,133,At Risk
17208,United Kingdom,2010-11-09,2010-11-09,396,1,111.15,2,1,1,1,211,Hibernating
16971,United Kingdom,2011-11-01,2011-11-01,39,1,357.21,4,1,2,2,412,Potential Loyalists
17246,United Kingdom,2009-12-01,2010-06-11,547,2,38.92,1,2,1,2,121,Lost
16482,United Kingdom,2011-11-24,2011-11-24,16,1,220.62,5,1,1,1,511,New Customers
17181,United Kingdom,2010-04-23,2011-10-13,58,3,309.85,4,3,2,3,432,Loyal Customers
17279,United Kingdom,2011-10-13,2011-10-13,58,1,187.83,4,1,1,1,411,Promising
12964,United Kingdom,2010-09-28,2010-09-28,438,1,132.24,1,1,1,1,111,Lost
15788,United Kingdom,2010-07-19,2010-07-19,509,1,215.53,1,1,1,1,111,Lost
12837,United Kingdom,2010-05-19,2011-06-19,174,2,662.66,3,2,3,3,323,Loyal Customers
14779,United Kingdom,2011-01-20,2011-03-04,281,3,386.15,2,3,2,3,232,At Risk
13909,United Kingdom,2010-07-06,2010-10-12,424,2,282.85,1,2,2,2,122,Lost
17832,United Kingdom,2011-10-21,2011-10-21,50,1,155.37,4,1,1,1,411,Promising
13204,United Kingdom,2009-12-08,2009-12-08,732,1,966.66,1,1,3,2,113,Lost
15986,United Kingdom,2010-11-23,2011-11-09,31,2,354.42,4,2,2,2,422,Potential Loyalists
17240,United Kingdom,2010-04-22,2010-04-22,597,1,130.60,1,1,1,1,111,Lost
15698,United Kingdom,2010-03-25,2010-03-25,625,1,46.20,1,1,1,1,111,Lost
16198,United Kingdom,2010-09-28,2011-09-25,76,2,1030.04,3,2,3,3,323,Loyal Customers
14326,United Kingdom,2010-06-25,2011-04-11,243,3,923.98,2,3,3,3,233,At Risk
16973,United Kingdom,2010-11-18,2010-11-18,387,1,127.00,2,1,1,1,211,Hibernating
13143,United Kingdom,2010-05-04,2010-05-04,585,1,399.20,1,1,2,2,112,Lost
15045,United Kingdom,2011-03-27,2011-07-11,152,2,633.66,3,2,3,3,323,Loyal Customers
15895,United Kingdom,2011-07-13,2011-07-13,150,1,179.17,3,1,1,1,311,About to Sleep
15554,United Kingdom,2011-03-07,2011-03-07,278,1,217.20,2,1,1,1,211,Hibernating
13568,United Kingdom,2011-06-19,2011-06-19,174,1,187.05,3,1,1,1,311,About to Sleep
17052,United Kingdom,2011-11-11,2011-11-11,29,1,399.09,4,1,2,2,412,Potential Loyalists
15471,United Kingdom,2010-06-07,2011-12-07,3,3,1292.01,5,3,4,4,534,Champions
16845,United Kingdom,2010-03-31,2010-03-31,619,1,253.88,1,1,1,1,111,Lost
17938,United Kingdom,2010-10-15,2010-10-15,421,1,144.29,1,1,1,1,111,Lost
14485,United Kingdom,2011-11-01,2011-11-01,39,1,162.80,4,1,1,1,411,Promising
16840,United Kingdom,2010-02-03,2010-04-15,604,2,139.85,1,2,1,2,121,Lost
15758,United Kingdom,2011-11-15,2011-11-15,25,1,205.25,4,1,1,1,411,Promising
12515,Italy,2010-12-21,2010-12-21,354,1,278.70,2,1,2,2,212,Hibernating
16865,United Kingdom,2010-11-03,2010-11-03,402,1,130.95,2,1,1,1,211,Hibernating
12984,United Kingdom,2011-11-21,2011-11-21,19,1,97.50,5,1,1,1,511,New Customers
13828,United Kingdom,2011-11-17,2011-11-17,23,1,209.49,4,1,1,1,411,Promising
18254,United Kingdom,2010-05-07,2010-05-07,582,1,267.90,1,1,1,1,111,Lost
14090,United Kingdom,2011-01-19,2011-01-19,325,1,76.32,2,1,1,1,211,Hibernating
15474,United Kingdom,2010-04-23,2010-04-23,596,1,150.35,1,1,1,1,111,Lost
16504,United Kingdom,2011-11-14,2011-11-14,26,1,465.88,4,1,2,2,412,Potential Loyalists
16594,United Kingdom,2011-09-25,2011-09-25,76,1,181.09,3,1,1,1,311,About to Sleep
15209,United Kingdom,2009-12-09,2009-12-09,731,1,178.98,1,1,1,1,111,Lost
12707,France,2011-02-21,2011-02-21,292,1,603.42,2,1,3,2,213,Hibernating
12983,United Kingdom,2010-04-20,2010-04-20,599,1,490.08,1,1,2,2,112,Lost
15851,United Kingdom,2010-07-01,2010-07-01,527,1,109.73,1,1,1,1,111,Lost
15112,United Kingdom,2010-04-07,2010-04-07,612,1,209.40,1,1,1,1,111,Lost
16213,United Kingdom,2011-09-22,2011-09-22,79,1,159.00,3,1,1,1,311,About to Sleep
15049,United Kingdom,2011-03-11,2011-03-11,274,1,121.17,2,1,1,1,211,Hibernating
12887,United Kingdom,2010-11-21,2010-11-21,384,1,222.40,2,1,1,1,211,Hibernating
12430,Norway,2011-10-27,2011-10-27,44,1,216.40,4,1,1,1,411,Promising
17089,United Kingdom,2010-11-18,2010-11-18,387,1,128.45,2,1,1,1,211,Hibernating
17575,United Kingdom,2010-02-10,2010-02-10,668,1,171.70,1,1,1,1,111,Lost
16786,United Kingdom,2010-11-11,2010-11-11,394,1,51.84,2,1,1,1,211,Hibernating
18258,United Kingdom,2010-05-16,2010-09-01,465,6,2040.97,1,4,4,4,144,At Risk
13778,United Kingdom,2010-05-23,2011-08-28,104,4,1116.54,3,3,3,3,333,Loyal Customers
15218,United Kingdom,2010-01-26,2011-11-29,11,22,11393.26,5,5,5,5,555,Champions
17663,United Kingdom,2010-03-04,2011-11-14,26,17,5081.04,4,5,5,5,455,Champions
12408,Belgium,2010-07-29,2011-11-07,33,8,3859.64,4,4,5,5,445,Champions
16744,United Kingdom,2011-06-19,2011-11-28,12,7,1291.91,5,4,4,4,544,Champions
12583,France,2009-12-06,2011-12-07,3,27,12409.04,5,5,5,5,555,Champions
15544,United Kingdom,2010-01-28,2011-11-30,10,20,7779.58,5,5,5,5,555,Champions
16188,United Kingdom,2010-10-27,2011-10-26,45,5,1077.71,4,4,3,4,443,Champions
14523,United Kingdom,2011-08-23,2011-08-23,109,1,241.09,3,1,1,1,311,About to Sleep
15950,United Kingdom,2010-01-26,2011-11-08,32,10,6878.71,4,5,5,5,455,Champions
13456,United Kingdom,2011-05-16,2011-11-22,18,6,1737.82,5,4,4,4,544,Champions
12465,Belgium,2011-06-23,2011-11-22,18,2,673.89,5,2,3,3,523,Loyal Customers
17290,United Kingdom,2009-12-13,2011-12-06,4,8,1427.48,5,4,4,4,544,Champions
13782,United Kingdom,2009-12-06,2011-11-27,13,13,1778.13,5,5,4,5,554,Champions
16571,United Kingdom,2010-03-18,2011-11-13,27,10,4025.05,4,5,5,5,455,Champions
15443,United Kingdom,2010-03-07,2011-12-08,2,14,5054.44,5,5,5,5,555,Champions
13050,United Kingdom,2009-12-15,2011-11-25,15,34,11525.54,5,5,5,5,555,Champions
14998,United Kingdom,2010-04-13,2011-06-22,171,4,753.18,3,3,3,3,333,Loyal Customers
13199,United Kingdom,2009-12-05,2011-12-06,4,66,15921.30,5,5,5,5,555,Champions
17432,United Kingdom,2009-12-03,2011-11-21,19,9,1728.99,5,5,4,5,554,Champions
15498,United Kingdom,2009-12-16,2011-12-07,3,44,24739.06,5,5,5,5,555,Champions
15184,United Kingdom,2009-12-16,2011-11-10,30,4,685.39,4,3,3,3,433,Loyal Customers
14250,United Kingdom,2011-09-11,2011-12-02,8,3,1904.05,5,3,4,4,534,Champions
13183,United Kingdom,2010-03-14,2011-12-02,8,15,7010.88,5,5,5,5,555,Champions
17405,United Kingdom,2011-07-12,2011-12-08,2,3,967.22,5,3,3,3,533,Loyal Customers
14944,United Kingdom,2010-02-17,2011-11-10,30,19,9574.92,4,5,5,5,455,Champions
17272,United Kingdom,2011-03-22,2011-10-28,43,4,2144.53,4,3,4,4,434,Champions
16847,United Kingdom,2010-03-31,2011-10-27,44,2,614.89,4,2,3,3,423,Loyal Customers
14112,United Kingdom,2010-02-23,2011-11-17,23,13,5524.51,4,5,5,5,455,Champions
13523,United Kingdom,2010-11-02,2011-11-06,34,6,4325.07,4,4,5,5,445,Champions
17739,United Kingdom,2009-12-07,2011-11-28,12,18,7718.14,5,5,5,5,555,Champions
12540,Spain,2009-12-07,2011-11-20,20,32,19159.29,5,5,5,5,555,Champions
13976,United Kingdom,2010-02-09,2011-05-17,207,4,1192.36,2,3,4,4,234,At Risk
17158,United Kingdom,2010-03-07,2011-11-07,33,5,1962.30,4,4,4,4,444,Champions
17236,United Kingdom,2010-03-07,2011-11-27,13,12,1929.26,5,5,4,5,554,Champions
16700,United Kingdom,2009-12-02,2011-12-01,9,25,8747.12,5,5,5,5,555,Champions
15026,United Kingdom,2010-09-17,2011-09-20,81,5,1044.09,3,4,3,4,343,Loyal Customers
16494,United Kingdom,2011-02-16,2011-02-16,297,1,826.53,2,1,3,2,213,Hibernating
17629,United Kingdom,2010-10-14,2011-12-04,6,10,2425.52,5,5,4,5,554,Champions
17648,United Kingdom,2010-11-19,2011-10-10,61,5,2208.42,3,4,4,4,344,Loyal Customers
16241,United Kingdom,2010-10-25,2011-11-30,10,16,3989.81,5,5,5,5,555,Champions
18196,United Kingdom,2010-03-17,2011-09-05,96,4,1455.27,3,3,4,4,334,Loyal Customers
15990,United Kingdom,2010-02-28,2011-10-26,45,7,1997.75,4,4,4,4,444,Champions
17997,United Kingdom,2011-06-28,2011-09-26,75,8,1520.47,3,4,4,4,344,Loyal Customers
17676,United Kingdom,2010-03-30,2011-12-05,5,10,2409.73,5,5,4,5,554,Champions
16187,United Kingdom,2011-02-28,2011-11-08,32,15,6841.24,4,5,5,5,455,Champions
13417,United Kingdom,2010-02-08,2011-12-05,5,6,1593.89,5,4,4,4,544,Champions
17454,United Kingdom,2010-01-15,2011-05-31,193,10,1532.64,2,5,4,5,254,Cannot Lose Them
15208,United Kingdom,2010-10-12,2011-12-08,2,6,968.02,5,4,3,4,543,Champions
13385,United Kingdom,2011-01-14,2011-01-14,330,1,534.57,2,1,2,2,212,Hibernating
14415,United Kingdom,2009-12-16,2011-12-08,2,23,11803.62,5,5,5,5,555,Champions
16676,United Kingdom,2010-10-17,2011-11-06,34,6,2328.50,4,4,4,4,444,Champions
13578,United Kingdom,2010-10-26,2010-10-26,410,1,147.66,1,1,1,1,111,Lost
13202,United Kingdom,2009-12-09,2010-11-10,395,7,1571.35,2,4,4,4,244,At Risk
16725,United Kingdom,2009-12-13,2011-02-10,303,13,1675.41,2,5,4,5,254,Cannot Lose Them
15453,United Kingdom,2011-06-05,2011-12-08,2,7,1371.77,5,4,4,4,544,Champions
16563,United Kingdom,2009-12-01,2011-10-17,54,6,4402.36,4,4,5,5,445,Champions
15003,United Kingdom,2010-01-26,2010-08-23,474,6,1022.03,1,4,3,4,143,At Risk
15606,United Kingdom,2010-03-02,2011-10-09,62,17,4733.47,3,5,5,5,355,Loyal Customers
18096,United Kingdom,2010-07-14,2011-11-28,12,6,1638.16,5,4,4,4,544,Champions
17266,United Kingdom,2010-03-09,2011-12-07,3,5,501.72,5,4,2,3,542,Loyal Customers
16218,United Kingdom,2010-05-27,2011-11-10,30,13,3872.30,4,5,5,5,455,Champions
14502,United Kingdom,2011-01-30,2011-11-20,20,11,2307.14,5,5,4,5,554,Champions
14304,United Kingdom,2010-05-18,2011-05-01,223,3,1523.81,2,3,4,4,234,At Risk
13842,United Kingdom,2010-02-16,2011-10-12,59,18,5294.39,4,5,5,5,455,Champions
13400,United Kingdom,2010-05-06,2010-05-06,583,1,300.93,1,1,2,2,112,Lost
18144,United Kingdom,2009-12-16,2011-12-02,8,19,4892.95,5,5,5,5,555,Champions
16021,United Kingdom,2010-06-13,2010-11-09,396,2,487.03,2,2,2,2,222,Hibernating
15570,United Kingdom,2010-03-28,2011-12-02,8,25,8672.44,5,5,5,5,555,Champions
13037,United Kingdom,2009-12-03,2011-07-24,139,12,3842.55,3,5,5,5,355,Loyal Customers
16533,United Kingdom,2011-10-02,2011-11-20,20,3,1014.19,5,3,3,3,533,Loyal Customers
18257,United Kingdom,2010-02-18,2011-10-31,40,12,4490.45,4,5,5,5,455,Champions
13010,United Kingdom,2010-03-01,2010-11-30,375,2,330.12,2,2,2,2,222,Hibernating
17926,United Kingdom,2010-05-09,2011-07-29,134,5,1035.49,3,4,3,4,343,Loyal Customers
15724,United Kingdom,2010-11-04,2011-05-22,202,3,299.80,2,3,2,3,232,At Risk
16996,United Kingdom,2010-10-18,2011-11-09,31,9,2044.16,4,5,4,5,454,Champions
15809,United Kingdom,2010-06-22,2011-11-03,37,7,862.88,4,4,3,4,443,Champions
17966,United Kingdom,2010-01-18,2011-11-02,38,10,1963.92,4,5,4,5,454,Champions
16525,United Kingdom,2009-12-02,2011-12-07,3,48,22919.40,5,5,5,5,555,Champions
14311,United Kingdom,2010-05-21,2011-04-11,243,2,435.90,2,2,2,2,222,Hibernating
16999,United Kingdom,2011-09-26,2011-11-16,24,2,484.82,4,2,2,2,422,Potential Loyalists
14267,United Kingdom,2011-03-24,2011-06-30,163,3,1259.19,3,3,4,4,334,Loyal Customers
14058,United Kingdom,2010-06-27,2010-09-03,463,2,469.19,1,2,2,2,122,Lost
13442,United Kingdom,2009-12-01,2010-02-10,668,3,419.87,1,3,2,3,132,At Risk
17598,United Kingdom,2010-11-23,2010-11-23,382,1,409.98,2,1,2,2,212,Hibernating
14710,United Kingdom,2009-12-03,2011-11-25,15,13,1899.79,5,5,4,5,554,Champions
14191,United Kingdom,2009-12-11,2011-12-08,2,15,4713.41,5,5,5,5,555,Champions
13892,United Kingdom,2010-05-13,2011-11-13,27,6,1267.65,4,4,4,4,444,Champions
18064,United Kingdom,2010-02-01,2011-07-29,134,11,4427.98,3,5,5,5,355,Loyal Customers
15854,United Kingdom,2009-12-10,2011-12-05,5,21,5578.28,5,5,5,5,555,Champions
14567,United Kingdom,2011-08-01,2011-10-14,57,2,1524.46,4,2,4,3,424,Loyal Customers
13736,United Kingdom,2009-12-06,2011-12-04,6,7,2701.27,5,4,4,4,544,Champions
15462,United Kingdom,2010-09-20,2011-09-06,95,4,737.05,3,3,3,3,333,Loyal Customers
16325,United Kingdom,2009-12-04,2011-10-24,47,12,3470.90,4,5,5,5,455,Champions
14217,United Kingdom,2010-06-30,2011-12-08,2,23,3105.52,5,5,5,5,555,Champions
17477,United Kingdom,2010-03-02,2010-04-06,613,2,1079.00,1,2,3,3,123,At Risk
16148,United Kingdom,2010-09-29,2011-02-16,297,2,370.37,2,2,2,2,222,Hibernating
14794,United Kingdom,2010-08-09,2011-12-07,3,10,1889.15,5,5,4,5,554,Champions
15745,United Kingdom,2011-04-17,2011-11-20,20,4,1071.24,5,3,3,3,533,Loyal Customers
16537,United Kingdom,2010-03-08,2010-03-08,642,1,10.55,1,1,1,1,111,Lost
15358,United Kingdom,2009-12-07,2011-12-05,5,42,16213.65,5,5,5,5,555,Champions
17956,United Kingdom,2011-04-04,2011-04-04,250,1,12.75,2,1,1,1,211,Hibernating
14852,United Kingdom,2010-03-05,2011-10-12,59,18,6108.88,4,5,5,5,455,Champions
13192,United Kingdom,2010-01-22,2011-09-05,96,6,2544.53,3,4,4,4,344,Loyal Customers
15203,United Kingdom,2009-12-08,2011-11-14,26,15,4400.18,4,5,5,5,455,Champions
17227,United Kingdom,2010-01-15,2011-11-21,19,12,1878.93,5,5,4,5,554,Champions
15258,United Kingdom,2011-05-06,2011-06-24,169,2,623.16,3,2,3,3,323,Loyal Customers
16515,United Kingdom,2010-06-17,2011-10-18,53,10,3179.06,4,5,5,5,455,Champions
13091,United Kingdom,2009-12-10,2011-11-11,29,2,-1343.24,4,2,1,2,421,Potential Loyalists
17384,United Kingdom,2010-08-29,2011-11-20,20,3,507.55,5,3,2,3,532,Loyal Customers
15115,United Kingdom,2009-12-07,2011-11-21,19,2,528.10,5,2,2,2,522,Potential Loyalists
17516,United Kingdom,2010-11-26,2011-11-24,16,6,947.50,5,4,3,4,543,Champions
15484,United Kingdom,2009-12-05,2011-12-08,2,6,4620.90,5,4,5,5,545,Champions
16805,United Kingdom,2009-12-14,2011-06-19,174,4,1076.34,3,3,3,3,333,Loyal Customers
14177,United Kingdom,2010-02-26,2011-09-14,87,13,2204.74,3,5,4,5,354,Loyal Customers
14277,France,2009-12-13,2011-11-24,16,8,3959.82,5,4,5,5,545,Champions
14211,United Kingdom,2009-12-09,2011-10-17,54,18,4301.69,4,5,5,5,455,Champions
13996,United Kingdom,2010-11-05,2010-11-18,387,2,845.76,2,2,3,3,223,At Risk
16383,United Kingdom,2010-02-04,2011-09-26,75,7,2828.94,3,4,5,5,345,Loyal Customers
13300,United Kingdom,2010-05-14,2011-06-23,170,3,1267.21,3,3,4,4,334,Loyal Customers
17614,United Kingdom,2011-10-13,2011-10-13,58,1,386.32,4,1,2,2,412,Potential Loyalists
15448,United Kingdom,2010-02-03,2011-01-31,313,2,788.81,2,2,3,3,223,At Risk
14817,United Kingdom,2010-03-22,2011-05-23,201,7,3539.21,2,4,5,5,245,Cannot Lose Them
13082,United Kingdom,2009-12-22,2011-08-05,127,21,7268.92,3,5,5,5,355,Loyal Customers
15976,United Kingdom,2010-06-06,2011-06-27,166,6,1680.31,3,4,4,4,344,Loyal Customers
17107,United Kingdom,2010-01-31,2011-11-06,34,10,15595.37,4,5,5,5,455,Champions
12676,Sweden,2010-08-13,2011-11-15,25,10,2333.09,4,5,4,5,454,Champions
16455,United Kingdom,2010-03-30,2011-10-07,64,11,3917.92,3,5,5,5,355,Loyal Customers
12423,Belgium,2010-08-31,2011-12-09,1,10,2291.19,5,5,4,5,554,Champions
14247,United Kingdom,2010-06-06,2011-03-06,279,5,750.61,2,4,3,4,243,At Risk
17155,United Kingdom,2009-12-03,2011-11-22,18,7,892.46,5,4,3,4,543,Champions
17312,United Kingdom,2011-07-03,2011-07-24,139,3,644.30,3,3,3,3,333,Loyal Customers
12353,Bahrain,2010-10-27,2011-05-19,205,2,406.76,2,2,2,2,222,Hibernating
15269,United Kingdom,2010-11-14,2011-11-16,24,3,1225.36,4,3,4,4,434,Champions
15156,United Kingdom,2011-11-06,2011-12-08,2,3,961.49,5,3,3,3,533,Loyal Customers
15103,United Kingdom,2011-09-14,2011-11-08,32,2,703.36,4,2,3,3,423,Loyal Customers
14871,United Kingdom,2009-12-01,2011-12-06,4,9,1228.17,5,5,4,5,554,Champions
13295,United Kingdom,2010-05-12,2010-12-15,360,4,1061.27,2,3,3,3,233,At Risk
17435,United Kingdom,2010-10-24,2010-10-24,412,1,331.35,1,1,2,2,112,Lost
17935,United Kingdom,2009-12-04,2011-07-24,139,7,652.64,3,4,3,4,343,Loyal Customers
14370,United Kingdom,2010-02-01,2010-09-15,451,6,1092.13,1,4,3,4,143,At Risk
13617,United Kingdom,2010-08-01,2011-10-30,41,8,1263.80,4,4,4,4,444,Champions
13509,United Kingdom,2010-07-20,2011-12-01,9,7,1099.72,5,4,3,4,543,Champions
14507,United Kingdom,2009-12-10,2011-11-16,24,11,3104.80,4,5,5,5,455,Champions
16668,United Kingdom,2010-03-18,2011-11-24,16,13,862.42,5,5,3,4,553,Champions
17802,United Kingdom,2009-12-13,2011-09-18,83,10,4808.94,3,5,5,5,355,Loyal Customers
13704,United Kingdom,2011-09-12,2011-12-04,6,9,2295.31,5,5,4,5,554,Champions
17283,United Kingdom,2010-11-26,2010-11-26,379,1,188.46,2,1,1,1,211,Hibernating
16709,United Kingdom,2009-12-09,2011-09-16,85,14,9056.01,3,5,5,5,355,Loyal Customers
13119,United Kingdom,2010-02-09,2010-02-09,669,1,134.90,1,1,1,1,111,Lost
18261,United Kingdom,2011-09-05,2011-10-27,44,2,324.24,4,2,2,2,422,Potential Loyalists
15032,United Kingdom,2009-12-10,2011-03-28,257,8,10515.05,2,4,5,5,245,Cannot Lose Them
16088,United Kingdom,2010-04-27,2010-05-13,576,2,1437.43,1,2,4,3,124,At Risk
16041,United Kingdom,2011-07-21,2011-11-09,31,3,3166.40,4,3,5,4,435,Champions
16927,United Kingdom,2010-12-13,2011-08-16,116,3,543.05,3,3,2,3,332,Loyal Customers
13585,United Kingdom,2009-12-01,2010-06-27,531,3,674.46,1,3,3,3,133,At Risk
13696,United Kingdom,2010-02-11,2010-10-14,422,3,2008.70,1,3,4,4,134,At Risk
14170,United Kingdom,2010-11-09,2010-11-29,376,3,570.18,2,3,2,3,232,At Risk
14608,United Kingdom,2009-12-06,2011-12-05,5,10,3263.44,5,5,5,5,555,Champions
15377,United Kingdom,2010-10-20,2010-11-22,383,4,1179.95,2,3,4,4,234,At Risk
15890,United Kingdom,2010-04-14,2010-11-10,395,5,535.65,2,4,2,3,242,At Risk
13041,United Kingdom,2010-04-29,2010-09-15,451,4,799.13,1,3,3,3,133,At Risk
14555,United Kingdom,2009-12-18,2011-10-13,58,6,2294.88,4,4,4,4,444,Champions
18193,United Kingdom,2010-09-23,2011-06-27,166,3,1176.55,3,3,3,3,333,Loyal Customers
16157,United Kingdom,2011-09-28,2011-11-24,16,3,644.24,5,3,3,3,533,Loyal Customers
18188,United Kingdom,2010-03-26,2011-11-24,16,6,3263.19,5,4,5,5,545,Champions
14454,United Kingdom,2009-12-06,2010-11-28,377,5,970.70,2,4,3,4,243,At Risk
12847,United Kingdom,2010-11-17,2011-11-17,23,2,1609.00,4,2,4,3,424,Loyal Customers
16020,United Kingdom,2011-10-05,2011-11-23,17,3,851.01,5,3,3,3,533,Loyal Customers
15444,United Kingdom,2011-10-30,2011-11-30,10,2,1411.21,5,2,4,3,524,Loyal Customers
17660,United Kingdom,2009-12-02,2011-07-21,142,2,342.22,3,2,2,2,322,Need Attention
15166,United Kingdom,2010-08-29,2010-08-29,468,1,167.16,1,1,1,1,111,Lost
15921,United Kingdom,2010-03-09,2011-06-20,173,4,765.61,3,3,3,3,333,Loyal Customers
15699,United Kingdom,2011-11-22,2011-11-22,18,1,309.65,5,1,2,2,512,Potential Loyalists
16781,United Kingdom,2010-02-08,2010-12-02,373,2,606.40,2,2,3,3,223,At Risk
17517,United Kingdom,2011-02-04,2011-02-04,309,1,153.94,2,1,1,1,211,Hibernating
16263,United Kingdom,2010-10-12,2010-10-12,424,1,348.16,1,1,2,2,112,Lost
17813,United Kingdom,2011-09-29,2011-11-25,15,5,1641.79,5,4,4,4,544,Champions
16863,United Kingdom,2010-10-26,2011-11-08,32,3,812.82,4,3,3,3,433,Loyal Customers
13734,United Kingdom,2010-04-16,2010-07-19,509,4,3445.34,1,3,5,4,135,At Risk
16441,United Kingdom,2010-03-22,2011-10-03,68,5,1002.23,3,4,3,4,343,Loyal Customers
16214,United Kingdom,2010-09-30,2011-06-22,171,4,2038.25,3,3,4,4,334,Loyal Customers
16368,United Kingdom,2010-09-30,2011-12-07,3,3,621.44,5,3,3,3,533,Loyal Customers
14708,United Kingdom,2010-09-10,2011-12-07,3,5,1763.52,5,4,4,4,544,Champions
18272,United Kingdom,2010-03-04,2011-12-07,3,9,4347.33,5,5,5,5,555,Champions
17392,United Kingdom,2010-09-15,2011-02-06,307,3,579.92,2,3,2,3,232,At Risk
14246,United Kingdom,2011-04-08,2011-08-21,111,3,1474.06,3,3,4,4,334,Loyal Customers
14924,United Kingdom,2010-03-10,2011-04-08,246,3,931.01,2,3,3,3,233,At Risk
16510,United Kingdom,2010-01-17,2010-12-02,373,6,1757.25,2,4,4,4,244,At Risk
17563,United Kingdom,2010-04-07,2010-05-10,579,2,313.78,1,2,2,2,122,Lost
14826,United Kingdom,2010-01-13,2010-05-07,582,2,385.20,1,2,2,2,122,Lost
17321,United Kingdom,2010-05-11,2011-12-01,9,6,1665.21,5,4,4,4,544,Champions
15920,United Kingdom,2009-12-14,2011-07-08,155,8,565.19,3,4,2,3,342,Loyal Customers
13948,United Kingdom,2009-12-04,2010-12-14,361,4,536.86,2,3,2,3,232,At Risk
17298,United Kingdom,2010-03-08,2011-08-30,102,5,933.32,3,4,3,4,343,Loyal Customers
13751,United Kingdom,2011-02-24,2011-02-24,289,1,296.25,2,1,2,2,212,Hibernating
18250,United Kingdom,2011-02-02,2011-02-02,311,1,342.92,2,1,2,2,212,Hibernating
16164,United Kingdom,2011-10-28,2011-11-22,18,3,802.53,5,3,3,3,533,Loyal Customers
14987,United Kingdom,2009-12-02,2011-11-24,16,8,1469.05,5,4,4,4,544,Champions
12531,Germany,2010-01-22,2011-11-25,15,2,1737.05,5,2,4,3,524,Loyal Customers
14285,United Kingdom,2009-12-08,2011-11-18,22,8,3284.42,4,4,5,5,445,Champions
16162,United Kingdom,2011-04-01,2011-04-01,253,1,37.40,2,1,1,1,211,Hibernating
12909,United Kingdom,2010-02-24,2011-10-31,40,8,3034.77,4,4,5,5,445,Champions
15094,United Kingdom,2010-03-05,2010-09-02,464,2,83.00,1,2,1,2,121,Lost
13158,United Kingdom,2010-11-16,2011-09-06,95,5,1508.18,3,4,4,4,344,Loyal Customers
15541,United Kingdom,2011-08-17,2011-08-17,115,1,85.13,3,1,1,1,311,About to Sleep
12620,France,2011-05-19,2011-11-25,15,3,1303.41,5,3,4,4,534,Champions
12577,France,2009-12-03,2011-11-04,36,8,1550.75,4,4,4,4,444,Champions
17335,United Kingdom,2010-01-24,2010-11-21,384,2,497.04,2,2,2,2,222,Hibernating
16871,United Kingdom,2011-03-14,2011-11-17,23,6,2761.49,4,4,4,4,444,Champions
13356,United Kingdom,2011-09-20,2011-09-20,81,1,768.24,3,1,3,2,313,Need Attention
17087,United Kingdom,2009-12-02,2009-12-02,738,1,221.53,1,1,1,1,111,Lost
12443,Norway,2009-12-07,2009-12-07,733,1,365.31,1,1,2,2,112,Lost
17245,United Kingdom,2010-01-19,2011-05-19,205,2,371.63,2,2,2,2,222,Hibernating
17137,United Kingdom,2010-01-31,2010-10-19,417,6,1099.81,1,4,3,4,143,At Risk
14829,United Kingdom,2010-09-29,2011-11-10,30,7,1402.97,4,4,4,4,444,Champions
14659,United Kingdom,2011-01-28,2011-12-01,9,9,2456.53,5,5,4,5,554,Champions
12631,Finland,2010-01-15,2011-10-13,58,6,3292.27,4,4,5,5,445,Champions
15777,United Kingdom,2010-05-20,2011-04-12,242,7,1732.16,2,4,4,4,244,At Risk
16484,United Kingdom,2011-06-02,2011-06-19,174,2,379.40,3,2,2,2,322,Need Attention
14208,United Kingdom,2010-06-06,2011-09-06,95,2,567.05,3,2,2,2,322,Need Attention
17430,United Kingdom,2010-08-17,2011-11-07,33,4,622.57,4,3,3,3,433,Loyal Customers
17856,United Kingdom,2011-03-03,2011-12-08,2,4,1393.79,5,3,4,4,534,Champions
17770,United Kingdom,2011-03-02,2011-05-25,199,5,1143.27,2,4,3,4,243,At Risk
17884,United Kingdom,2009-12-04,2011-12-06,4,20,2649.47,5,5,4,5,554,Champions
15245,United Kingdom,2010-04-23,2011-07-28,135,8,4610.84,3,4,5,5,345,Loyal Customers
18179,United Kingdom,2010-02-14,2011-11-30,10,8,2547.55,5,4,4,4,544,Champions
17221,United Kingdom,2010-04-11,2011-12-02,8,5,976.62,5,4,3,4,543,Champions
12686,France,2010-12-03,2010-12-03,372,1,71.14,2,1,1,1,211,Hibernating
17390,United Kingdom,2010-10-15,2010-10-15,421,1,149.30,1,1,1,1,111,Lost
14580,United Kingdom,2010-07-09,2010-07-09,519,1,14.85,1,1,1,1,111,Lost
13325,United Kingdom,2011-09-19,2011-09-19,82,1,675.30,3,1,3,2,313,Need Attention
13008,United Kingdom,2009-12-16,2011-01-20,324,3,543.28,2,3,2,3,232,At Risk
17686,United Kingdom,2010-06-24,2011-12-02,8,9,8296.81,5,5,5,5,555,Champions
14472,United Kingdom,2010-01-19,2011-08-28,104,9,2118.72,3,5,4,5,354,Loyal Customers
17628,United Kingdom,2011-09-19,2011-09-19,82,1,75.75,3,1,1,1,311,About to Sleep
17108,United Kingdom,2010-02-14,2010-02-14,664,1,174.95,1,1,1,1,111,Lost
16319,United Kingdom,2011-05-06,2011-05-06,218,1,404.40,2,1,2,2,212,Hibernating
12544,Spain,2011-11-03,2011-11-03,37,1,299.70,4,1,2,2,412,Potential Loyalists
16822,United Kingdom,2010-01-22,2010-01-22,687,1,144.84,1,1,1,1,111,Lost
15711,United Kingdom,2010-01-24,2010-06-01,557,2,420.25,1,2,2,2,122,Lost
13472,United Kingdom,2010-06-02,2010-09-02,464,2,592.24,1,2,3,3,123,At Risk
15009,United Kingdom,2011-11-14,2011-11-27,13,3,1259.43,5,3,4,4,534,Champions
14324,United Kingdom,2010-01-15,2010-10-26,410,2,701.61,1,2,3,3,123,At Risk
15036,United Kingdom,2011-06-13,2011-09-28,73,3,429.56,3,3,2,3,332,Loyal Customers
15801,United Kingdom,2011-08-22,2011-10-24,47,3,1042.19,4,3,3,3,433,Loyal Customers
16221,United Kingdom,2010-08-10,2011-11-03,37,9,2011.97,4,5,4,5,454,Champions
17329,United Kingdom,2009-12-03,2011-11-25,15,5,998.53,5,4,3,4,543,Champions
12873,United Kingdom,2010-01-27,2011-03-02,283,3,2027.30,2,3,4,4,234,At Risk
13758,United Kingdom,2009-12-01,2011-11-28,12,14,8544.29,5,5,5,5,555,Champions
15869,United Kingdom,2010-03-23,2011-03-07,278,3,321.11,2,3,2,3,232,At Risk
13273,United Kingdom,2011-08-18,2011-08-18,114,1,138.98,3,1,1,1,311,About to Sleep
16589,United Kingdom,2010-09-15,2011-09-29,72,4,612.36,3,3,3,3,333,Loyal Customers
12558,USA,2011-12-02,2011-12-02,8,1,0.00,5,1,1,1,511,New Customers
14636,United Kingdom,2011-03-16,2011-11-03,37,2,609.85,4,2,3,3,423,Loyal Customers
12944,United Kingdom,2010-12-20,2011-11-04,36,2,604.51,4,2,3,3,423,Loyal Customers
15375,United Kingdom,2010-01-18,2010-01-18,691,1,60.96,1,1,1,1,111,Lost
12781,Czech Republic,2011-02-28,2011-10-07,64,2,671.72,3,2,3,3,323,Loyal Customers
14586,United Kingdom,2011-03-08,2011-03-08,277,1,134.16,2,1,1,1,211,Hibernating
16350,United Kingdom,2010-10-07,2011-11-18,22,9,2222.49,4,5,4,5,454,Champions
14229,United Kingdom,2010-08-25,2011-10-19,52,7,2468.99,4,4,4,4,444,Champions
17844,Canada,2011-08-25,2011-08-25,107,1,51.56,3,1,1,1,311,About to Sleep
13070,United Kingdom,2009-12-07,2011-05-31,193,4,743.90,2,3,3,3,233,At Risk
14888,United Kingdom,2011-05-16,2011-05-16,208,1,369.20,2,1,2,2,212,Hibernating
16183,United Kingdom,2010-10-28,2011-10-03,68,4,1077.81,3,3,3,3,333,Loyal Customers
15566,United Kingdom,2009-12-15,2010-11-12,393,2,227.87,2,2,1,2,221,Hibernating
13306,United Kingdom,2010-10-05,2010-10-05,431,1,53.65,1,1,1,1,111,Lost
16844,United Kingdom,2010-05-06,2010-05-26,563,2,614.34,1,2,3,3,123,At Risk
15384,United Kingdom,2010-04-26,2011-06-23,170,4,2021.14,3,3,4,4,334,Loyal Customers
13210,United Kingdom,2011-09-07,2011-09-07,94,1,353.48,3,1,2,2,312,Need Attention
15593,United Kingdom,2011-09-30,2011-09-30,71,1,199.80,3,1,1,1,311,About to Sleep
16541,United Kingdom,2009-12-04,2009-12-04,736,1,419.78,1,1,2,2,112,Lost
15704,United Kingdom,2010-05-05,2011-07-22,141,6,3663.86,3,4,5,5,345,Loyal Customers
17169,United Kingdom,2010-05-10,2011-10-13,58,3,1129.88,4,3,3,3,433,Loyal Customers
12981,United Kingdom,2011-07-29,2011-11-10,30,2,372.22,4,2,2,2,422,Potential Loyalists
13766,United Kingdom,2010-08-01,2010-08-01,496,1,190.35,1,1,1,1,111,Lost
16665,United Kingdom,2010-12-12,2010-12-12,363,1,135.40,2,1,1,1,211,Hibernating
13414,United Kingdom,2010-04-15,2011-07-29,134,6,2482.24,3,4,4,4,344,Loyal Customers
14118,United Kingdom,2010-10-07,2010-10-07,429,1,458.45,1,1,2,2,112,Lost
14729,United Kingdom,2010-03-24,2010-12-01,374,3,586.24,2,3,2,3,232,At Risk
14270,United Kingdom,2011-01-12,2011-01-12,332,1,492.65,2,1,2,2,212,Hibernating
14784,United Kingdom,2010-11-15,2011-11-13,27,3,449.93,4,3,2,3,432,Loyal Customers
15558,United Kingdom,2010-03-10,2010-03-10,640,1,131.88,1,1,1,1,111,Lost
14835,United Kingdom,2010-04-01,2010-06-29,529,2,293.10,1,2,2,2,122,Lost
14706,United Kingdom,2010-03-31,2010-03-31,619,1,367.54,1,1,2,2,112,Lost
15546,United Kingdom,2010-04-12,2010-04-12,607,2,539.55,1,2,2,2,122,Lost
13946,United Kingdom,2009-12-04,2011-09-21,80,6,1745.43,3,4,4,4,344,Loyal Customers
14438,United Kingdom,2011-02-06,2011-02-06,307,1,131.90,2,1,1,1,211,Hibernating
15562,United Kingdom,2009-12-13,2010-12-23,352,3,671.43,2,3,3,3,233,At Risk
15815,United Kingdom,2011-03-25,2011-10-07,64,5,2100.60,3,4,4,4,344,Loyal Customers
15305,United Kingdom,2010-06-02,2010-06-02,556,1,93.60,1,1,1,1,111,Lost
14029,United Kingdom,2011-07-18,2011-10-07,64,2,467.66,3,2,2,2,322,Need Attention
13355,United Kingdom,2011-08-09,2011-08-09,123,1,674.70,3,1,3,2,313,Need Attention
15936,United Kingdom,2010-08-29,2010-11-25,380,2,282.79,2,2,2,2,222,Hibernating
16796,United Kingdom,2011-09-11,2011-09-11,90,1,305.62,3,1,2,2,312,Need Attention
14202,United Kingdom,2010-03-25,2010-11-23,382,3,847.76,2,3,3,3,233,At Risk
15627,United Kingdom,2010-07-05,2010-09-08,458,2,566.90,1,2,2,2,122,Lost
16245,United Kingdom,2011-03-28,2011-11-16,24,3,1352.36,4,3,4,4,434,Champions
14347,United Kingdom,2009-12-03,2009-12-03,737,1,82.60,1,1,1,1,111,Lost
13009,United Kingdom,2010-02-05,2010-02-05,673,1,234.00,1,1,1,1,111,Lost
16373,United Kingdom,2010-10-24,2010-11-22,383,2,309.49,2,2,2,2,222,Hibernating
15069,United Kingdom,2011-06-13,2011-06-13,180,1,1109.53,3,1,3,2,313,Need Attention
17903,United Kingdom,2010-11-10,2010-11-10,395,1,381.09,2,1,2,2,212,Hibernating
16289,United Kingdom,2010-09-03,2010-09-03,463,1,98.81,1,1,1,1,111,Lost
15742,United Kingdom,2010-03-30,2010-03-30,620,1,156.87,1,1,1,1,111,Lost
13645,United Kingdom,2011-08-11,2011-08-11,121,1,252.10,3,1,1,1,311,About to Sleep
14200,United Kingdom,2010-04-01,2010-04-01,618,1,379.20,1,1,2,2,112,Lost
17691,United Kingdom,2010-06-11,2010-12-16,359,4,627.35,2,3,3,3,233,At Risk
13125,United Kingdom,2010-07-04,2010-07-04,524,1,148.62,1,1,1,1,111,Lost
13794,United Kingdom,2010-06-11,2010-06-11,547,1,126.03,1,1,1,1,111,Lost
18227,United Kingdom,2010-08-12,2011-05-06,218,2,93.75,2,2,1,2,221,Hibernating
16941,United Kingdom,2010-04-07,2010-04-07,612,1,33.00,1,1,1,1,111,Lost
15657,United Kingdom,2011-11-17,2011-11-17,23,1,30.00,4,1,1,1,411,Promising
17225,United Kingdom,2010-05-07,2010-05-07,582,1,131.15,1,1,1,1,111,Lost
16680,United Kingdom,2010-06-23,2011-10-27,44,3,821.45,4,3,3,3,433,Loyal Customers
12357,Switzerland,2010-11-16,2011-11-06,34,2,17437.66,4,2,5,4,425,Champions
12730,Germany,2010-07-06,2010-07-06,522,1,703.25,1,1,3,2,113,Lost
17543,United Kingdom,2010-06-08,2010-06-08,550,1,120.05,1,1,1,1,111,Lost
18019,United Kingdom,2011-10-19,2011-10-19,52,1,38.45,4,1,1,1,411,Promising
12834,United Kingdom,2011-03-02,2011-03-02,283,1,312.38,2,1,2,2,212,Hibernating
16106,United Kingdom,2011-10-05,2011-10-05,66,1,108.38,3,1,1,1,311,About to Sleep
12635,Germany,2010-09-09,2011-09-11,90,4,2624.41,3,3,4,4,334,Loyal Customers
14940,United Kingdom,2009-12-06,2010-10-18,418,2,531.49,1,2,2,2,122,Lost
17933,United Kingdom,2010-03-17,2010-03-17,633,1,105.99,1,1,1,1,111,Lost
14806,United Kingdom,2010-09-26,2011-09-25,76,2,303.43,3,2,2,2,322,Need Attention
13351,United Kingdom,2011-10-04,2011-10-04,67,1,323.94,3,1,2,2,312,Need Attention
16603,United Kingdom,2011-09-09,2011-09-26,75,2,482.47,3,2,2,2,322,Need Attention
15239,United Kingdom,2011-09-22,2011-11-29,11,2,764.34,5,2,3,3,523,Loyal Customers
13166,United Kingdom,2010-10-21,2011-03-01,284,2,873.43,2,2,3,3,223,At Risk
16741,United Kingdom,2010-03-24,2010-03-24,626,1,173.06,1,1,1,1,111,Lost
16077,United Kingdom,2010-03-24,2010-03-24,626,1,600.00,1,1,3,2,113,Lost
17803,United Kingdom,2010-11-12,2010-11-12,393,1,184.66,2,1,1,1,211,Hibernating
12751,Brazil,2010-09-21,2010-09-21,445,1,268.27,1,1,1,1,111,Lost
16114,United Kingdom,2011-06-22,2011-06-22,171,1,135.75,3,1,1,1,311,About to Sleep
12899,United Kingdom,2010-10-22,2010-10-22,414,1,366.40,1,1,2,2,112,Lost
14932,Channel Islands,2010-11-19,2010-12-09,366,2,566.13,2,2,2,2,222,Hibernating
14946,United Kingdom,2011-11-25,2011-11-25,15,1,100.90,5,1,1,1,511,New Customers
18089,United Kingdom,2010-09-19,2010-09-19,447,1,428.45,1,1,2,2,112,Lost
14244,United Kingdom,2010-02-17,2010-02-17,661,1,354.82,1,1,2,2,112,Lost
16413,United Kingdom,2010-11-29,2011-10-14,57,2,522.03,4,2,2,2,422,Potential Loyalists
14280,United Kingdom,2011-05-27,2011-05-27,197,1,134.04,2,1,1,1,211,Hibernating
13322,United Kingdom,2011-11-22,2011-11-22,18,1,199.48,5,1,1,1,511,New Customers
17992,United Kingdom,2010-11-15,2010-11-15,390,1,252.88,2,1,1,1,211,Hibernating
12965,United Kingdom,2011-09-11,2011-09-11,90,1,769.81,3,1,3,2,313,Need Attention
12692,France,2010-03-12,2010-03-12,638,1,110.95,1,1,1,1,111,Lost
17474,United Kingdom,2010-04-19,2010-04-19,600,1,1047.00,1,1,3,2,113,Lost
18009,United Kingdom,2010-02-25,2011-04-18,236,8,2065.48,2,4,4,4,244,At Risk
15025,United Kingdom,2010-05-20,2011-11-06,34,2,971.84,4,2,3,3,423,Loyal Customers
17617,United Kingdom,2010-05-30,2010-05-30,559,1,227.14,1,1,1,1,111,Lost
17618,United Kingdom,2010-01-24,2011-12-04,6,11,3976.34,5,5,5,5,555,Champions
15513,United Kingdom,2010-01-13,2011-11-06,34,35,25959.16,4,5,5,5,455,Champions
17913,United Kingdom,2009-12-03,2011-10-12,59,14,3425.09,4,5,5,5,455,Champions
14503,United Kingdom,2011-06-14,2011-12-06,4,6,3543.26,5,4,5,5,545,Champions
14002,United Kingdom,2011-07-06,2011-07-28,135,2,529.73,3,2,2,2,322,Need Attention
12720,Germany,2010-07-21,2011-12-07,3,29,6710.49,5,5,5,5,555,Champions
15198,United Kingdom,2010-01-19,2011-09-08,93,5,559.45,3,4,2,3,342,Loyal Customers
16053,United Kingdom,2010-04-08,2011-11-07,33,6,3606.14,4,4,5,5,445,Champions
13999,United Kingdom,2009-12-05,2011-11-29,11,29,9438.01,5,5,5,5,555,Champions
13266,United Kingdom,2009-12-17,2011-11-28,12,19,5965.30,5,5,5,5,555,Champions
12471,Germany,2009-12-07,2011-12-07,3,71,33294.92,5,5,5,5,555,Champions
16327,United Kingdom,2009-12-14,2011-11-25,15,16,10103.22,5,5,5,5,555,Champions
15983,United Kingdom,2009-12-06,2011-11-17,23,8,3110.37,4,4,5,5,445,Champions
13468,United Kingdom,2009-12-03,2011-12-08,2,72,12518.01,5,5,5,5,555,Champions
15418,United Kingdom,2010-05-02,2010-10-10,426,2,449.42,1,2,2,2,122,Lost
16477,United Kingdom,2010-08-12,2011-10-07,64,11,4094.37,3,5,5,5,355,Loyal Customers
17703,United Kingdom,2010-10-17,2011-11-04,36,4,1094.84,4,3,3,3,433,Loyal Customers
15786,United Kingdom,2010-06-21,2011-10-24,47,5,8379.65,4,4,5,5,445,Champions
15617,United Kingdom,2010-07-20,2010-11-08,397,3,828.55,2,3,3,3,233,At Risk
14936,Channel Islands,2010-05-05,2011-11-06,34,12,12378.46,4,5,5,5,455,Champions
16314,United Kingdom,2010-08-24,2010-11-15,390,3,1491.40,2,3,4,4,234,At Risk
16961,United Kingdom,2010-06-25,2011-08-15,117,3,773.01,3,3,3,3,333,Loyal Customers
15482,United Kingdom,2009-12-02,2011-11-24,16,18,9891.12,5,5,5,5,555,Champions
16008,United Kingdom,2010-03-19,2011-11-16,24,15,5339.13,4,5,5,5,455,Champions
13297,United Kingdom,2010-06-15,2011-12-02,8,7,4352.67,5,4,5,5,545,Champions
14298,United Kingdom,2009-12-11,2011-12-01,9,82,90489.31,5,5,5,5,555,Champions
15290,United Kingdom,2010-02-24,2011-12-05,5,26,10355.58,5,5,5,5,555,Champions
15351,United Kingdom,2010-10-03,2011-11-27,13,10,3320.50,5,5,5,5,555,Champions
15194,United Kingdom,2009-12-03,2011-12-06,4,28,11781.52,5,5,5,5,555,Champions
15093,United Kingdom,2009-12-08,2011-11-21,19,23,13034.15,5,5,5,5,555,Champions
14209,United Kingdom,2010-01-22,2011-11-29,11,15,4937.37,5,5,5,5,555,Champions
17531,United Kingdom,2010-03-31,2011-06-02,191,3,1194.47,2,3,4,4,234,At Risk
14154,United Kingdom,2010-01-13,2011-04-14,240,8,6263.60,2,4,5,5,245,Cannot Lose Them
13668,United Kingdom,2009-12-11,2011-12-07,3,35,12607.68,5,5,5,5,555,Champions
13324,United Kingdom,2010-05-25,2011-11-03,37,18,10421.37,4,5,5,5,455,Champions
12578,Italy,2010-09-22,2011-11-18,22,4,3956.45,4,3,5,4,435,Champions
16809,United Kingdom,2010-04-13,2011-11-16,24,9,1725.48,4,5,4,5,454,Champions
12731,France,2010-03-02,2011-11-16,24,17,25540.21,4,5,5,5,455,Champions
15630,United Kingdom,2010-03-05,2011-10-25,46,3,1475.45,4,3,4,4,434,Champions
18204,United Kingdom,2011-05-31,2011-09-29,72,3,1960.95,3,3,4,4,334,Loyal Customers
17746,United Kingdom,2010-04-08,2011-04-13,241,4,873.43,2,3,3,3,233,At Risk
16332,United Kingdom,2010-04-29,2011-11-11,29,11,1977.05,4,5,4,5,454,Champions
16550,United Kingdom,2009-12-02,2011-08-23,109,18,8550.92,3,5,5,5,355,Loyal Customers
13486,United Kingdom,2011-07-07,2011-09-22,79,3,1122.41,3,3,3,3,333,Loyal Customers
15527,United Kingdom,2009-12-15,2011-11-21,19,23,5166.04,5,5,5,5,555,Champions
15060,United Kingdom,2011-11-30,2011-12-01,9,4,293.00,5,3,2,3,532,Loyal Customers
13309,United Kingdom,2010-11-12,2011-12-02,8,6,1706.37,5,4,4,4,544,Champions
12442,Spain,2011-12-06,2011-12-06,4,1,144.06,5,1,1,1,511,New Customers
16814,United Kingdom,2010-04-11,2011-11-25,15,36,11906.45,5,5,5,5,555,Champions
13246,United Kingdom,2010-07-02,2011-11-21,19,11,3242.00,5,5,5,5,555,Champions
17239,United Kingdom,2010-07-01,2011-01-31,313,4,1174.15,2,3,3,3,233,At Risk
17692,United Kingdom,2010-06-17,2011-08-04,128,12,2947.04,3,5,5,5,355,Loyal Customers
16178,United Kingdom,2010-11-03,2011-07-24,139,2,612.60,3,2,3,3,323,Loyal Customers
17476,United Kingdom,2009-12-02,2010-11-09,396,2,446.51,2,2,2,2,222,Hibernating
16862,United Kingdom,2010-01-07,2010-06-10,548,4,662.33,1,3,3,3,133,At Risk
15331,United Kingdom,2010-04-09,2010-07-28,500,3,755.41,1,3,3,3,133,At Risk
15154,United Kingdom,2010-08-18,2011-09-25,76,3,1314.17,3,3,4,4,334,Loyal Customers
16177,United Kingdom,2010-03-02,2011-10-20,51,8,2141.61,4,4,4,4,444,Champions
15210,United Kingdom,2010-05-13,2011-04-28,226,3,1176.19,2,3,3,3,233,At Risk
16210,United Kingdom,2009-12-02,2011-12-08,2,33,33545.52,5,5,5,5,555,Champions
14355,United Kingdom,2010-03-22,2010-12-09,366,3,840.05,2,3,3,3,233,At Risk
17113,United Kingdom,2010-01-11,2010-05-14,575,6,2092.16,1,4,4,4,144,At Risk
16353,United Kingdom,2009-12-07,2011-12-06,4,38,9781.93,5,5,5,5,555,Champions
15646,United Kingdom,2010-10-25,2011-07-05,158,5,762.31,3,4,3,4,343,Loyal Customers
17961,United Kingdom,2009-12-01,2011-11-18,22,100,2850.29,4,5,5,5,455,Champions
16775,United Kingdom,2010-09-23,2011-11-29,11,16,2739.24,5,5,4,5,554,Champions
17006,United Kingdom,2010-03-05,2011-12-05,5,8,1635.27,5,4,4,4,544,Champions
16984,United Kingdom,2010-03-07,2011-09-12,89,9,10206.40,3,5,5,5,355,Loyal Customers
18141,United Kingdom,2010-04-29,2010-11-03,402,2,838.57,2,2,3,3,223,At Risk
15555,United Kingdom,2009-12-06,2011-11-27,13,36,10866.36,5,5,5,5,555,Champions
17014,United Kingdom,2011-10-04,2011-12-01,9,3,562.68,5,3,2,3,532,Loyal Customers
16565,United Kingdom,2010-06-02,2010-12-10,365,4,700.45,2,3,3,3,233,At Risk
17715,United Kingdom,2010-04-26,2011-05-23,201,2,489.60,2,2,2,2,222,Hibernating
12774,Netherlands,2010-06-22,2010-06-22,536,1,83.70,1,1,1,1,111,Lost
16888,United Kingdom,2010-01-07,2010-11-04,401,3,434.20,2,3,2,3,232,At Risk
13728,United Kingdom,2009-12-09,2011-11-03,37,16,2855.17,4,5,5,5,455,Champions
17370,United Kingdom,2011-06-23,2011-09-28,73,4,446.18,3,3,2,3,332,Loyal Customers
13831,United Kingdom,2009-12-10,2011-11-23,17,18,6571.14,5,5,5,5,555,Champions
14679,United Kingdom,2009-12-08,2010-11-23,382,3,1272.95,2,3,4,4,234,At Risk
14316,United Kingdom,2010-03-19,2010-10-13,423,5,1355.34,1,4,4,4,144,At Risk
14949,United Kingdom,2009-12-18,2010-08-27,470,4,498.55,1,3,2,3,132,At Risk
16767,United Kingdom,2010-04-28,2011-11-09,31,15,7950.41,4,5,5,5,455,Champions
14275,United Kingdom,2010-04-11,2010-11-09,396,6,1189.38,2,4,4,4,244,At Risk
12393,Australia,2010-10-07,2011-09-28,73,6,2376.75,3,4,4,4,344,Loyal Customers
16102,United Kingdom,2011-08-03,2011-10-28,43,3,1842.14,4,3,4,4,434,Champions
17323,United Kingdom,2010-01-10,2011-11-24,16,12,1535.56,5,5,4,5,554,Champions
13464,United Kingdom,2010-03-31,2011-10-12,59,6,3083.89,4,4,5,5,445,Champions
18242,United Kingdom,2010-01-11,2011-09-28,73,8,3605.21,3,4,5,5,345,Loyal Customers
14824,United Kingdom,2010-03-12,2011-11-29,11,10,3952.51,5,5,5,5,555,Champions
14754,United Kingdom,2010-01-18,2011-10-26,45,6,1543.73,4,4,4,4,444,Champions
12483,Sweden,2010-01-31,2011-11-22,18,19,4007.93,5,5,5,5,555,Champions
17163,United Kingdom,2010-02-02,2011-11-18,22,4,699.78,4,3,3,3,433,Loyal Customers
16771,United Kingdom,2009-12-09,2011-11-06,34,10,3921.10,4,5,5,5,455,Champions
18267,United Kingdom,2010-02-05,2010-02-05,673,1,252.87,1,1,1,1,111,Lost
12652,France,2010-10-01,2011-01-12,332,2,885.58,2,2,3,3,223,At Risk
15105,United Kingdom,2010-03-23,2011-11-21,19,9,3094.91,5,5,5,5,555,Champions
13953,United Kingdom,2009-12-11,2011-12-02,8,12,6640.68,5,5,5,5,555,Champions
13873,United Kingdom,2010-03-03,2011-08-12,120,8,1031.02,3,4,3,4,343,Loyal Customers
14876,United Kingdom,2010-05-27,2010-07-06,522,2,256.70,1,2,1,2,121,Lost
17550,United Kingdom,2010-02-07,2011-05-26,198,9,2165.54,2,5,4,5,254,Cannot Lose Them
14233,United Kingdom,2010-03-05,2011-10-21,50,7,2766.96,4,4,4,4,444,Champions
14715,United Kingdom,2010-01-19,2011-11-15,25,8,1809.55,4,4,4,4,444,Champions
14375,United Kingdom,2010-06-16,2011-06-07,186,3,1106.82,3,3,3,3,333,Loyal Customers
17288,United Kingdom,2010-11-10,2011-11-30,10,11,2468.43,5,5,4,5,554,Champions
15550,United Kingdom,2009-12-03,2011-12-05,5,12,1987.85,5,5,4,5,554,Champions
12501,Germany,2011-01-07,2011-01-07,337,1,1945.68,2,1,4,3,214,At Risk
17172,United Kingdom,2009-12-13,2011-09-22,79,3,915.49,3,3,3,3,333,Loyal Customers
13506,United Kingdom,2010-09-05,2011-01-27,317,5,1308.53,2,4,4,4,244,At Risk
13836,United Kingdom,2010-10-21,2010-11-05,400,2,602.52,2,2,3,3,223,At Risk
15493,United Kingdom,2010-02-23,2011-11-07,33,9,4078.64,4,5,5,5,455,Champions
12967,United Kingdom,2010-11-21,2010-12-16,359,3,2472.37,2,3,4,4,234,At Risk
13827,United Kingdom,2011-07-19,2011-10-13,58,3,409.80,4,3,2,3,432,Loyal Customers
14700,United Kingdom,2010-08-11,2011-11-07,33,5,3076.06,4,4,5,5,445,Champions
14291,United Kingdom,2009-12-09,2011-12-08,2,23,7844.40,5,5,5,5,555,Champions
13542,United Kingdom,2009-12-10,2010-11-28,377,17,3924.09,2,5,5,5,255,Cannot Lose Them
18092,United Kingdom,2009-12-04,2011-12-07,3,18,14687.47,5,5,5,5,555,Champions
12653,Israel,2010-07-01,2011-07-14,149,3,4160.83,3,3,5,4,335,Loyal Customers
16926,United Kingdom,2010-07-01,2010-12-03,372,5,1158.66,2,4,3,4,243,At Risk
15903,United Kingdom,2010-01-14,2011-11-30,10,12,8859.82,5,5,5,5,555,Champions
16870,United Kingdom,2010-08-27,2010-08-27,470,1,450.16,1,1,2,2,112,Lost
12844,United Kingdom,2010-04-25,2011-11-10,30,4,648.60,4,3,3,3,433,Loyal Customers
14269,United Kingdom,2010-09-26,2010-09-26,440,1,261.68,1,1,1,1,111,Lost
13971,United Kingdom,2010-01-26,2011-11-21,19,14,4593.83,5,5,5,5,555,Champions
17220,United Kingdom,2010-01-20,2011-11-15,25,21,4451.41,4,5,5,5,455,Champions
14731,United Kingdom,2011-05-11,2011-10-23,48,3,380.02,4,3,2,3,432,Loyal Customers
14853,United Kingdom,2010-04-13,2011-11-15,25,5,1351.37,4,4,4,4,444,Champions
12933,United Kingdom,2009-12-10,2011-11-15,25,8,1576.88,4,4,4,4,444,Champions
18022,United Kingdom,2010-06-11,2011-11-04,36,5,1506.62,4,4,4,4,444,Champions
15747,United Kingdom,2010-01-18,2011-11-27,13,9,2497.86,5,5,4,5,554,Champions
17466,United Kingdom,2011-09-22,2011-11-29,11,2,763.28,5,2,3,3,523,Loyal Customers
13320,United Kingdom,2010-08-18,2011-09-22,79,6,2144.45,3,4,4,4,344,Loyal Customers
18033,United Kingdom,2011-10-05,2011-10-05,66,1,93.82,3,1,1,1,311,About to Sleep
15425,United Kingdom,2010-02-14,2010-11-04,401,4,1941.12,2,3,4,4,234,At Risk
16278,United Kingdom,2010-07-28,2011-08-31,101,3,1056.59,3,3,3,3,333,Loyal Customers
16146,United Kingdom,2010-09-17,2011-07-05,158,4,946.38,3,3,3,3,333,Loyal Customers
15231,United Kingdom,2010-03-28,2010-03-28,622,1,228.36,1,1,1,1,111,Lost
13730,United Kingdom,2011-07-01,2011-07-27,136,2,752.60,3,2,3,3,323,Loyal Customers
17532,United Kingdom,2010-11-19,2010-11-19,386,1,65.34,2,1,1,1,211,Hibernating
14330,United Kingdom,2010-03-26,2010-03-26,624,1,200.63,1,1,1,1,111,Lost
18171,United Kingdom,2010-01-05,2011-10-12,59,9,2414.51,4,5,4,5,454,Champions
15266,United Kingdom,2010-01-07,2011-01-05,339,5,852.21,2,4,3,4,243,At Risk
13573,United Kingdom,2010-03-12,2011-10-20,51,6,903.07,4,4,3,4,443,Champions
14201,United Kingdom,2010-04-30,2011-10-10,61,10,1134.14,3,5,3,4,353,Loyal Customers
15473,United Kingdom,2010-09-21,2011-11-25,15,8,1740.00,5,4,4,4,544,Champions
14074,United Kingdom,2010-03-26,2010-03-26,624,1,219.40,1,1,1,1,111,Lost
15691,United Kingdom,2009-12-06,2011-04-01,253,4,511.80,2,3,2,3,232,At Risk
15046,United Kingdom,2010-01-14,2011-11-30,10,25,7375.83,5,5,5,5,555,Champions
17599,United Kingdom,2010-08-19,2010-08-19,478,1,44.55,1,1,1,1,111,Lost
15638,United Kingdom,2010-04-08,2010-11-26,379,6,2137.20,2,4,4,4,244,At Risk
14306,United Kingdom,2010-01-31,2011-10-19,52,6,3141.50,4,4,5,5,445,Champions
14215,United Kingdom,2009-12-08,2011-11-28,12,9,3238.53,5,5,5,5,555,Champions
17193,United Kingdom,2009-12-02,2011-11-04,36,9,2254.60,4,5,4,5,454,Champions
17242,United Kingdom,2010-01-24,2011-08-23,109,5,2889.28,3,4,5,5,345,Loyal Customers
13517,United Kingdom,2011-06-13,2011-10-11,60,3,2109.07,3,3,4,4,334,Loyal Customers
17131,United Kingdom,2011-09-25,2011-12-04,6,5,2463.17,5,4,4,4,544,Champions
14810,United Kingdom,2010-10-06,2011-10-30,41,13,2354.03,4,5,4,5,454,Champions
16785,United Kingdom,2010-10-26,2010-10-26,410,1,533.78,1,1,2,2,112,Lost
18060,United Kingdom,2010-05-24,2010-10-27,409,2,1185.46,2,2,4,3,224,At Risk
13601,United Kingdom,2010-06-11,2011-10-25,46,4,1159.99,4,3,3,3,433,Loyal Customers
17333,United Kingdom,2011-09-15,2011-09-15,86,1,494.25,3,1,2,2,312,Need Attention
16826,United Kingdom,2011-10-19,2011-10-19,52,1,341.70,4,1,2,2,412,Potential Loyalists
16708,United Kingdom,2011-10-25,2011-10-25,46,1,656.63,4,1,3,2,413,Potential Loyalists
17917,United Kingdom,2010-12-12,2011-10-25,46,3,335.03,4,3,2,3,432,Loyal Customers
15111,United Kingdom,2010-04-26,2011-11-10,30,5,2442.37,4,4,4,4,444,Champions
17994,United Kingdom,2010-03-29,2011-08-10,122,11,2213.58,3,5,4,5,354,Loyal Customers
12977,United Kingdom,2010-07-16,2011-07-06,157,4,513.88,3,3,2,3,332,Loyal Customers
13024,United Kingdom,2010-05-06,2010-08-26,471,2,535.42,1,2,2,2,122,Lost
16007,United Kingdom,2010-06-14,2011-10-23,48,7,3053.06,4,4,5,5,445,Champions
17568,United Kingdom,2010-03-16,2010-03-16,634,1,374.45,1,1,2,2,112,Lost
13451,United Kingdom,2010-03-21,2011-11-13,27,11,7017.97,4,5,5,5,455,Champions
12998,United Kingdom,2010-02-24,2010-08-04,493,3,897.38,1,3,3,3,133,At Risk
18057,United Kingdom,2010-01-18,2010-11-11,394,3,1168.14,2,3,3,3,233,At Risk
17020,United Kingdom,2010-03-03,2010-06-15,543,2,935.62,1,2,3,3,123,At Risk
13159,United Kingdom,2011-08-16,2011-12-01,9,4,1371.25,5,3,4,4,534,Champions
12364,Belgium,2011-08-19,2011-12-02,8,4,1208.10,5,3,4,4,534,Champions
15582,United Kingdom,2011-05-03,2011-11-15,25,3,682.91,4,3,3,3,433,Loyal Customers
15466,United Kingdom,2009-12-03,2011-09-15,86,4,1560.46,3,3,4,4,334,Loyal Customers
15994,United Kingdom,2010-03-14,2011-10-16,55,3,1172.34,4,3,3,3,433,Loyal Customers
17773,United Kingdom,2010-01-18,2010-07-13,515,2,575.37,1,2,2,2,122,Lost
14127,United Kingdom,2010-10-10,2011-08-09,123,6,1900.08,3,4,4,4,344,Loyal Customers
17542,United Kingdom,2010-03-08,2011-03-15,270,3,340.85,2,3,2,3,232,At Risk
17918,United Kingdom,2010-07-22,2010-07-27,501,3,388.44,1,3,2,3,132,At Risk
12362,Belgium,2011-02-17,2011-12-06,4,10,4665.58,5,5,5,5,555,Champions
13531,United Kingdom,2009-12-03,2011-05-18,206,6,1433.07,2,4,4,4,244,At Risk
13814,Germany,2010-06-30,2011-09-08,93,3,2239.07,3,3,4,4,334,Loyal Customers
17664,United Kingdom,2010-03-29,2011-11-21,19,4,1166.23,5,3,3,3,533,Loyal Customers
17324,United Kingdom,2009-12-18,2011-11-22,18,12,2018.07,5,5,4,5,554,Champions
16967,United Kingdom,2011-06-03,2011-06-03,190,1,319.02,2,1,2,2,212,Hibernating
14227,United Kingdom,2010-02-08,2011-11-13,27,15,6324.76,4,5,5,5,455,Champions
16513,United Kingdom,2011-10-27,2011-12-05,5,4,874.59,5,3,3,3,533,Loyal Customers
13579,United Kingdom,2010-02-18,2011-11-25,15,5,1371.14,5,4,4,4,544,Champions
18133,United Kingdom,2011-05-11,2011-05-11,213,1,931.50,2,1,3,2,213,Hibernating
15526,United Kingdom,2011-11-06,2011-11-06,34,2,148.44,4,2,1,2,421,Potential Loyalists
14199,United Kingdom,2010-06-27,2011-05-05,219,4,916.50,2,3,3,3,233,At Risk
15665,United Kingdom,2010-03-14,2011-06-24,169,5,3987.07,3,4,5,5,345,Loyal Customers
12356,Portugal,2010-10-11,2011-11-17,23,6,5611.73,4,4,5,5,445,Champions
18083,United Kingdom,2010-11-07,2010-11-07,398,1,463.53,2,1,2,2,212,Hibernating
17868,United Kingdom,2010-11-18,2010-11-18,387,1,227.15,2,1,1,1,211,Hibernating
13484,United Kingdom,2010-03-10,2011-04-12,242,3,767.32,2,3,3,3,233,At Risk
17950,United Kingdom,2010-01-04,2011-09-28,73,7,1156.21,3,4,3,4,343,Loyal Customers
15186,United Kingdom,2010-01-12,2011-11-25,15,5,1403.20,5,4,4,4,544,Champions
17391,United Kingdom,2011-06-28,2011-06-29,164,2,508.80,3,2,2,2,322,Need Attention
15645,United Kingdom,2010-10-10,2011-11-21,19,3,1042.15,5,3,3,3,533,Loyal Customers
12512,Israel,2011-10-04,2011-10-04,67,2,132.18,3,2,1,2,321,Need Attention
16529,United Kingdom,2010-06-27,2011-06-02,191,4,1986.80,2,3,4,4,234,At Risk
16490,United Kingdom,2010-09-29,2010-09-29,437,1,179.16,1,1,1,1,111,Lost
16895,United Kingdom,2010-02-12,2011-10-06,65,5,1102.90,3,4,3,4,343,Loyal Customers
18158,United Kingdom,2011-09-12,2011-11-30,10,2,451.75,5,2,2,2,522,Potential Loyalists
15700,United Kingdom,2011-06-19,2011-06-20,173,2,664.03,3,2,3,3,323,Loyal Customers
14537,United Kingdom,2010-03-26,2011-10-13,58,2,635.45,4,2,3,3,423,Loyal Customers
12522,Germany,2011-10-19,2011-10-31,40,2,156.72,4,2,1,2,421,Potential Loyalists
15372,United Kingdom,2010-02-14,2011-07-25,138,8,5954.42,3,4,5,5,345,Loyal Customers
14904,United Kingdom,2010-10-08,2011-12-07,3,4,1630.49,5,3,4,4,534,Champions
17388,United Kingdom,2009-12-10,2011-09-23,78,11,2675.37,3,5,4,5,354,Loyal Customers
16058,United Kingdom,2010-10-29,2010-10-29,407,1,62.70,2,1,1,1,211,Hibernating
14234,United Kingdom,2011-10-13,2011-11-17,23,4,754.12,4,3,3,3,433,Loyal Customers
15941,United Kingdom,2010-03-12,2010-03-12,638,1,230.60,1,1,1,1,111,Lost
18070,United Kingdom,2010-02-08,2010-02-08,670,1,307.75,1,1,2,2,112,Lost
12845,United Kingdom,2011-02-22,2011-03-17,268,4,354.09,2,3,2,3,232,At Risk
17923,United Kingdom,2010-06-13,2011-03-02,283,3,497.00,2,3,2,3,232,At Risk
14603,United Kingdom,2011-03-10,2011-03-10,275,1,660.00,2,1,3,2,213,Hibernating
13217,United Kingdom,2010-02-22,2011-08-09,123,4,266.12,3,3,1,2,331,Need Attention
13804,United Kingdom,2010-09-29,2011-11-09,31,9,3161.12,4,5,5,5,455,Champions
13156,United Kingdom,2010-02-01,2010-11-19,386,3,1586.54,2,3,4,4,234,At Risk
17957,United Kingdom,2011-10-04,2011-10-04,67,1,110.72,3,1,1,1,311,About to Sleep
15821,United Kingdom,2011-10-09,2011-10-26,45,2,570.96,4,2,2,2,422,Potential Loyalists
15275,United Kingdom,2011-11-02,2011-11-02,38,1,609.19,4,1,3,2,413,Potential Loyalists
15784,United Kingdom,2010-02-05,2010-08-29,468,2,848.33,1,2,3,3,123,At Risk
14783,United Kingdom,2010-02-18,2010-02-18,660,1,305.35,1,1,2,2,112,Lost
14452,United Kingdom,2010-07-06,2011-11-29,11,4,658.95,5,3,3,3,533,Loyal Customers
16980,United Kingdom,2010-10-07,2011-03-29,256,3,1422.83,2,3,4,4,234,At Risk
14941,United Kingdom,2010-05-10,2010-05-10,579,1,182.10,1,1,1,1,111,Lost
14538,United Kingdom,2010-01-25,2011-10-06,65,5,1370.84,3,4,4,4,344,Loyal Customers
17357,United Kingdom,2011-11-15,2011-11-15,25,2,384.39,4,2,2,2,422,Potential Loyalists
17780,United Kingdom,2010-01-24,2010-02-10,668,3,346.56,1,3,2,3,132,At Risk
17524,United Kingdom,2010-09-27,2010-12-13,362,3,508.90,2,3,2,3,232,At Risk
15975,United Kingdom,2011-09-16,2011-09-16,85,1,371.01,3,1,2,2,312,Need Attention
13239,United Kingdom,2010-07-25,2011-03-23,262,5,1579.84,2,4,4,4,244,At Risk
12832,United Kingdom,2011-09-02,2011-11-07,33,2,383.03,4,2,2,2,422,Potential Loyalists
16430,United Kingdom,2010-01-27,2011-10-13,58,6,1102.94,4,4,3,4,443,Champions
12547,Spain,2010-07-27,2011-05-26,198,3,299.58,2,3,2,3,232,At Risk
17331,United Kingdom,2011-08-08,2011-08-08,124,1,175.20,3,1,1,1,311,About to Sleep
16815,United Kingdom,2010-06-21,2010-09-12,454,2,406.02,1,2,2,2,122,Lost
14364,United Kingdom,2011-05-12,2011-08-23,109,8,3717.35,3,4,5,5,345,Loyal Customers
12743,Unspecified,2011-07-28,2011-07-28,135,2,540.13,3,2,2,2,322,Need Attention
16825,United Kingdom,2010-06-23,2011-11-01,39,5,1826.89,4,4,4,4,444,Champions
12486,Sweden,2010-10-04,2010-10-04,432,1,917.28,1,1,3,2,113,Lost
14480,United Kingdom,2009-12-21,2011-11-28,12,4,1295.27,5,3,4,4,534,Champions
16142,United Kingdom,2011-04-04,2011-04-04,250,1,535.34,2,1,2,2,212,Hibernating
14038,United Kingdom,2010-02-04,2011-09-22,79,5,3000.93,3,4,5,5,345,Loyal Customers
13361,United Kingdom,2010-04-01,2010-08-24,473,2,1450.50,1,2,4,3,124,At Risk
15445,United Kingdom,2010-04-28,2011-03-20,265,2,284.50,2,2,2,2,222,Hibernating
16426,United Kingdom,2011-03-08,2011-12-07,3,10,1863.76,5,5,4,5,554,Champions
16811,United Kingdom,2011-11-22,2011-12-05,5,2,547.07,5,2,2,2,522,Potential Loyalists
15062,United Kingdom,2010-04-08,2011-09-29,72,8,2585.62,3,4,4,4,344,Loyal Customers
13773,United Kingdom,2010-02-18,2010-11-08,397,2,301.54,2,2,2,2,222,Hibernating
17415,United Kingdom,2011-09-21,2011-09-21,80,1,507.84,3,1,2,2,312,Need Attention
13792,United Kingdom,2010-10-13,2011-10-04,67,3,383.95,3,3,2,3,332,Loyal Customers
17066,United Kingdom,2009-12-13,2009-12-13,727,1,228.34,1,1,1,1,111,Lost
15922,United Kingdom,2010-12-01,2010-12-01,374,1,363.60,2,1,2,2,212,Hibernating
14457,United Kingdom,2011-02-02,2011-02-02,311,1,113.64,2,1,1,1,211,Hibernating
15431,United Kingdom,2010-07-25,2010-07-25,503,1,153.24,1,1,1,1,111,Lost
14354,United Kingdom,2011-11-09,2011-12-04,6,2,163.62,5,2,1,2,521,Potential Loyalists
15989,United Kingdom,2009-12-02,2010-11-29,376,2,368.31,2,2,2,2,222,Hibernating
13746,United Kingdom,2010-10-22,2010-10-22,414,1,176.69,1,1,1,1,111,Lost
13608,United Kingdom,2010-06-17,2010-06-17,541,1,232.05,1,1,1,1,111,Lost
15735,United Kingdom,2010-10-14,2010-10-14,422,1,327.68,1,1,2,2,112,Lost
18021,United Kingdom,2010-07-15,2010-07-18,510,2,216.41,1,2,1,2,121,Lost
17502,United Kingdom,2011-11-10,2011-11-30,10,4,689.10,5,3,3,3,533,Loyal Customers
17067,United Kingdom,2009-12-08,2009-12-15,725,3,454.54,1,3,2,3,132,At Risk
16481,United Kingdom,2010-01-26,2010-01-26,683,1,430.93,1,1,2,2,112,Lost
13986,United Kingdom,2011-11-22,2011-11-22,18,1,320.46,5,1,2,2,512,Potential Loyalists
17916,United Kingdom,2009-12-06,2010-03-21,629,2,43.87,1,2,1,2,121,Lost
13674,United Kingdom,2010-10-03,2010-10-03,433,1,215.88,1,1,1,1,111,Lost
16130,United Kingdom,2010-04-01,2010-10-13,423,4,987.48,1,3,3,3,133,At Risk
15567,United Kingdom,2011-11-21,2011-11-21,19,1,186.01,5,1,1,1,511,New Customers
13521,United Kingdom,2011-11-29,2011-12-08,2,3,1070.47,5,3,3,3,533,Loyal Customers
17084,United Kingdom,2010-11-08,2011-11-04,36,3,4997.96,4,3,5,4,435,Champions
17058,United Kingdom,2011-04-14,2011-09-19,82,3,1179.89,3,3,4,4,334,Loyal Customers
14858,United Kingdom,2010-07-22,2010-07-22,506,1,180.75,1,1,1,1,111,Lost
14782,United Kingdom,2011-01-24,2011-01-24,320,1,200.10,2,1,1,1,211,Hibernating
15131,United Kingdom,2010-11-10,2010-11-10,395,1,80.28,2,1,1,1,211,Hibernating
14789,United Kingdom,2011-11-11,2011-11-11,29,1,197.64,4,1,1,1,411,Promising
17305,United Kingdom,2010-03-01,2010-03-01,649,1,2135.46,1,1,4,3,114,At Risk
15583,United Kingdom,2010-11-28,2010-11-28,377,1,95.96,2,1,1,1,211,Hibernating
13754,United Kingdom,2010-09-28,2011-07-11,152,3,447.05,3,3,2,3,332,Loyal Customers
17077,United Kingdom,2010-05-10,2010-05-10,579,1,306.00,1,1,2,2,112,Lost
16194,United Kingdom,2010-11-29,2010-11-29,376,1,308.60,2,1,2,2,212,Hibernating
13682,United Kingdom,2011-06-05,2011-06-05,188,1,59.50,2,1,1,1,211,Hibernating
17301,United Kingdom,2010-03-25,2011-11-18,22,2,294.39,4,2,2,2,422,Potential Loyalists
14652,United Kingdom,2011-09-23,2011-09-23,78,1,114.18,3,1,1,1,311,About to Sleep
17148,United Kingdom,2011-10-19,2011-10-19,52,1,124.88,4,1,1,1,411,Promising
13053,United Kingdom,2010-03-28,2010-03-28,622,1,127.65,1,1,1,1,111,Lost
14683,United Kingdom,2010-04-30,2010-04-30,589,1,146.56,1,1,1,1,111,Lost
13075,United Kingdom,2011-08-02,2011-08-02,130,1,919.61,3,1,3,2,313,Need Attention
12699,Germany,2010-10-18,2010-10-18,418,1,566.11,1,1,2,2,112,Lost
15170,United Kingdom,2010-10-29,2010-10-29,407,1,81.15,2,1,1,1,211,Hibernating
13609,United Kingdom,2010-04-25,2010-04-25,594,1,167.35,1,1,1,1,111,Lost
15391,United Kingdom,2010-05-04,2010-05-04,585,1,282.92,1,1,2,2,112,Lost
14259,United Kingdom,2011-07-21,2011-07-21,142,1,120.00,3,1,1,1,311,About to Sleep
13867,United Kingdom,2011-05-05,2011-11-08,32,3,1005.09,4,3,3,3,433,Loyal Customers
12367,Denmark,2011-12-05,2011-12-05,5,1,150.90,5,1,1,1,511,New Customers
16453,United Kingdom,2010-06-09,2010-06-27,531,2,251.71,1,2,1,2,121,Lost
13759,United Kingdom,2011-09-29,2011-11-06,34,2,659.41,4,2,3,3,423,Loyal Customers
15014,United Kingdom,2011-06-16,2011-10-27,44,2,257.67,4,2,1,2,421,Potential Loyalists
13548,United Kingdom,2010-08-25,2011-09-04,97,3,901.44,3,3,3,3,333,Loyal Customers
15963,United Kingdom,2011-10-25,2011-11-20,20,2,470.76,5,2,2,2,522,Potential Loyalists
13519,United Kingdom,2010-09-23,2011-09-22,79,2,331.26,3,2,2,2,322,Need Attention
13706,United Kingdom,2010-03-23,2011-02-10,303,2,631.17,2,2,3,3,223,At Risk
16035,United Kingdom,2010-05-28,2010-05-28,561,1,217.73,1,1,1,1,111,Lost
13370,United Kingdom,2010-12-03,2010-12-03,372,1,721.32,2,1,3,2,213,Hibernating
14294,United Kingdom,2010-10-28,2010-10-28,408,1,375.34,2,1,2,2,212,Hibernating
16526,United Kingdom,2010-05-04,2011-06-21,172,2,717.21,3,2,3,3,323,Loyal Customers
15256,United Kingdom,2010-05-27,2011-07-14,149,2,170.40,3,2,1,2,321,Need Attention
13829,United Kingdom,2010-10-14,2010-10-14,422,1,0.00,1,1,1,1,111,Lost
14689,United Kingdom,2011-05-15,2011-05-15,209,1,112.80,2,1,1,1,211,Hibernating
12496,Spain,2010-03-29,2010-03-29,621,2,45.34,1,2,1,2,121,Lost
14521,United Kingdom,2010-08-05,2010-08-05,492,1,167.65,1,1,1,1,111,Lost
15455,United Kingdom,2010-04-21,2010-04-21,598,1,38.25,1,1,1,1,111,Lost
17729,United Kingdom,2010-04-22,2010-04-22,597,1,438.65,1,1,2,2,112,Lost
17939,United Kingdom,2011-07-03,2011-07-03,160,1,99.14,3,1,1,1,311,About to Sleep
18090,United Kingdom,2010-10-14,2010-10-14,422,1,321.90,1,1,2,2,112,Lost
12566,Germany,2011-09-14,2011-09-14,87,1,292.70,3,1,2,2,312,Need Attention
15677,United Kingdom,2010-09-02,2011-10-21,50,3,1305.63,4,3,4,4,434,Champions
12416,Australia,2010-02-21,2010-02-21,657,1,202.56,1,1,1,1,111,Lost
17074,United Kingdom,2010-05-26,2010-05-26,563,1,203.05,1,1,1,1,111,Lost
16217,United Kingdom,2011-03-02,2011-04-18,236,2,266.45,2,2,1,2,221,Hibernating
13348,United Kingdom,2011-10-06,2011-10-06,65,1,233.76,3,1,1,1,311,About to Sleep
18104,United Kingdom,2011-11-02,2011-11-02,38,1,754.64,4,1,3,2,413,Potential Loyalists
13550,United Kingdom,2010-11-21,2010-11-21,384,1,342.55,2,1,2,2,212,Hibernating
16397,United Kingdom,2010-03-21,2010-03-21,629,1,123.13,1,1,1,1,111,Lost
17607,United Kingdom,2010-11-28,2010-11-28,377,1,333.81,2,1,2,2,212,Hibernating
16902,United Kingdom,2011-08-15,2011-08-15,117,1,1706.88,3,1,4,3,314,Loyal Customers
14721,United Kingdom,2010-11-25,2010-11-25,380,1,109.07,2,1,1,1,211,Hibernating
12772,Portugal,2011-10-11,2011-10-11,60,1,752.47,3,1,3,2,313,Need Attention
13690,United Kingdom,2011-10-11,2011-10-11,60,1,172.25,3,1,1,1,311,About to Sleep
17824,United Kingdom,2011-10-19,2011-10-19,52,1,298.40,4,1,2,2,412,Potential Loyalists
16304,United Kingdom,2010-01-14,2010-01-14,695,1,381.66,1,1,2,2,112,Lost
16022,United Kingdom,2011-03-24,2011-03-24,261,1,602.63,2,1,3,2,213,Hibernating
16002,United Kingdom,2010-03-24,2010-03-24,626,1,169.21,1,1,1,1,111,Lost
13774,United Kingdom,2011-09-19,2011-09-19,82,1,345.00,3,1,2,2,312,Need Attention
17111,United Kingdom,2010-10-10,2011-10-23,48,2,459.58,4,2,2,2,422,Potential Loyalists
15697,United Kingdom,2010-01-19,2010-01-19,690,1,246.75,1,1,1,1,111,Lost
15458,United Kingdom,2010-11-02,2011-11-14,26,2,370.44,4,2,2,2,422,Potential Loyalists
14424,United Kingdom,2011-11-22,2011-11-22,18,1,322.08,5,1,2,2,512,Potential Loyalists
14207,United Kingdom,2010-01-21,2010-01-21,688,1,157.80,1,1,1,1,111,Lost
16305,United Kingdom,2011-07-24,2011-07-24,139,1,361.22,3,1,2,2,312,Need Attention
14879,United Kingdom,2010-01-24,2010-01-24,685,1,185.06,1,1,1,1,111,Lost
14928,United Kingdom,2010-03-22,2010-03-22,628,1,204.46,1,1,1,1,111,Lost
13679,United Kingdom,2009-12-04,2010-08-03,494,3,281.26,1,3,2,3,132,At Risk
14394,United Kingdom,2010-05-24,2010-05-24,565,1,93.80,1,1,1,1,111,Lost
14773,United Kingdom,2010-04-26,2010-04-26,593,1,125.70,1,1,1,1,111,Lost
15273,United Kingdom,2010-04-19,2010-04-19,600,1,228.96,1,1,1,1,111,Lost
15776,United Kingdom,2011-07-29,2011-07-29,134,1,241.62,3,1,1,1,311,About to Sleep
17551,United Kingdom,2010-12-15,2010-12-15,360,1,290.34,2,1,2,2,212,Hibernating
12617,France,2011-11-10,2011-11-10,30,1,352.98,4,1,2,2,412,Potential Loyalists
12732,France,2011-06-13,2011-06-13,180,1,218.26,3,1,1,1,311,About to Sleep
14278,United Kingdom,2010-10-26,2010-10-26,410,1,205.83,1,1,1,1,111,Lost
15607,United Kingdom,2010-01-08,2011-01-07,337,9,1616.37,2,5,4,5,254,Cannot Lose Them
13983,United Kingdom,2009-12-09,2011-11-10,30,21,6638.85,4,5,5,5,455,Champions
17238,United Kingdom,2009-12-01,2011-12-07,3,32,7331.17,5,5,5,5,555,Champions
17059,United Kingdom,2010-01-26,2011-11-10,30,9,4846.87,4,5,5,5,455,Champions
15031,United Kingdom,2009-12-08,2011-12-05,5,14,2813.73,5,5,4,5,554,Champions
17932,United Kingdom,2011-05-12,2011-11-10,30,3,1331.57,4,3,4,4,434,Champions
15061,United Kingdom,2009-12-01,2011-12-06,4,127,124982.13,5,5,5,5,555,Champions
12472,Germany,2009-12-14,2011-11-07,33,19,14169.69,4,5,5,5,455,Champions
12395,Belgium,2010-04-16,2011-11-20,20,15,4220.82,5,5,5,5,555,Champions
17894,United Kingdom,2010-08-27,2011-09-29,72,18,2248.44,3,5,4,5,354,Loyal Customers
13871,United Kingdom,2009-12-20,2011-11-17,23,17,7804.95,4,5,5,5,455,Champions
15781,United Kingdom,2011-02-07,2011-11-14,26,3,333.56,4,3,2,3,432,Loyal Customers
15116,United Kingdom,2011-05-19,2011-11-22,18,4,1352.75,5,3,4,4,534,Champions
13089,United Kingdom,2009-12-02,2011-12-07,3,203,109893.24,5,5,5,5,555,Champions
18101,United Kingdom,2010-02-03,2011-11-28,12,5,622.01,5,4,3,4,543,Champions
14573,United Kingdom,2010-01-08,2011-06-13,180,13,2113.42,3,5,4,5,354,Loyal Customers
18102,United Kingdom,2009-12-01,2011-12-09,1,145,578408.64,5,5,5,5,555,Champions
15696,United Kingdom,2010-01-24,2011-11-06,34,13,3732.12,4,5,5,5,455,Champions
15874,United Kingdom,2010-01-07,2011-10-07,64,21,11135.00,3,5,5,5,355,Loyal Customers
13213,United Kingdom,2010-05-20,2011-10-14,57,11,3834.62,4,5,5,5,455,Champions
12822,United Kingdom,2011-09-13,2011-09-30,71,2,918.98,3,2,3,3,323,Loyal Customers
16358,United Kingdom,2010-11-10,2011-12-08,2,5,2917.10,5,4,5,5,545,Champions
17027,United Kingdom,2009-12-10,2011-09-22,79,9,1268.93,3,5,4,5,354,Loyal Customers
16013,United Kingdom,2009-12-08,2011-12-06,4,84,51615.64,5,5,5,5,555,Champions
15806,United Kingdom,2011-03-08,2011-10-24,47,3,784.58,4,3,3,3,433,Loyal Customers
14606,United Kingdom,2009-12-03,2011-12-08,2,184,28913.22,5,5,5,5,555,Champions
13458,United Kingdom,2010-11-16,2011-12-02,8,16,11850.62,5,5,5,5,555,Champions
16706,United Kingdom,2011-08-17,2011-11-02,38,3,531.35,4,3,2,3,432,Loyal Customers
16318,United Kingdom,2011-11-04,2011-11-04,36,1,328.15,4,1,2,2,412,Potential Loyalists
13001,United Kingdom,2009-12-03,2011-12-05,5,33,24006.60,5,5,5,5,555,Champions
17852,United Kingdom,2009-12-08,2011-11-28,12,5,657.81,5,4,3,4,543,Champions
16769,United Kingdom,2009-12-14,2011-03-24,261,4,1117.05,2,3,3,3,233,At Risk
15911,United Kingdom,2009-12-09,2010-03-26,624,8,1683.79,1,4,4,4,144,At Risk
16795,United Kingdom,2010-01-25,2010-12-09,366,3,2035.21,2,3,4,4,234,At Risk
17226,United Kingdom,2010-02-12,2011-02-04,309,3,895.47,2,3,3,3,233,At Risk
14740,United Kingdom,2010-02-25,2011-05-26,198,11,4068.86,2,5,5,5,255,Cannot Lose Them
14649,United Kingdom,2010-01-20,2011-12-05,5,9,3630.04,5,5,5,5,555,Champions
16933,United Kingdom,2009-12-09,2011-12-08,2,9,3017.65,5,5,5,5,555,Champions
13715,United Kingdom,2010-03-11,2011-03-03,282,17,8108.09,2,5,5,5,255,Cannot Lose Them
14855,United Kingdom,2010-04-08,2011-08-12,120,7,6520.30,3,4,5,5,345,Loyal Customers
14525,United Kingdom,2009-12-13,2011-11-20,20,17,7952.76,5,5,5,5,555,Champions
15050,United Kingdom,2010-08-16,2011-11-14,26,5,4032.27,4,4,5,5,445,Champions
13593,United Kingdom,2010-03-02,2011-08-23,109,14,5444.81,3,5,5,5,355,Loyal Customers
12766,Portugal,2010-10-28,2011-12-06,4,9,8093.14,5,5,5,5,555,Champions
16745,United Kingdom,2011-02-01,2011-09-14,87,17,7157.10,3,5,5,5,355,Loyal Customers
13408,United Kingdom,2009-12-04,2011-12-08,2,106,49751.36,5,5,5,5,555,Champions
17472,United Kingdom,2010-03-21,2011-06-01,192,4,922.35,2,3,3,3,233,At Risk
14970,United Kingdom,2010-02-14,2011-10-02,69,12,3593.40,3,5,5,5,355,Loyal Customers
14040,United Kingdom,2009-12-01,2011-10-30,41,35,12340.13,4,5,5,5,455,Champions
14549,United Kingdom,2009-12-02,2011-02-01,312,4,913.60,2,3,3,3,233,At Risk
14737,United Kingdom,2010-11-04,2011-12-06,4,4,3554.17,5,3,5,4,535,Champions
15434,United Kingdom,2010-01-24,2011-12-01,9,11,2517.11,5,5,4,5,554,Champions
12912,United Kingdom,2011-10-30,2011-12-07,3,5,1662.30,5,4,4,4,544,Champions
12494,France,2010-05-12,2011-11-24,16,9,1451.92,5,5,4,5,554,Champions
18097,United Kingdom,2009-12-17,2011-12-02,8,11,4616.77,5,5,5,5,555,Champions
15514,United Kingdom,2009-12-04,2011-11-27,13,18,5272.01,5,5,5,5,555,Champions
18041,United Kingdom,2010-01-14,2011-11-28,12,38,7936.04,5,5,5,5,555,Champions
18149,United Kingdom,2010-03-14,2011-10-20,51,7,1553.96,4,4,4,4,444,Champions
17235,United Kingdom,2010-06-04,2011-11-14,26,8,1562.98,4,4,4,4,444,Champions
14574,United Kingdom,2009-12-07,2009-12-07,733,1,143.70,1,1,1,1,111,Lost
15489,United Kingdom,2010-01-15,2011-11-17,23,8,2327.36,4,4,4,4,444,Champions
12953,United Kingdom,2010-07-05,2011-11-30,10,2,828.81,5,2,3,3,523,Loyal Customers
15732,United Kingdom,2010-02-04,2011-05-11,213,10,1499.42,2,5,4,5,254,Cannot Lose Them
14078,United Kingdom,2010-03-28,2011-08-30,102,9,1551.82,3,5,4,5,354,Loyal Customers
14843,United Kingdom,2010-09-29,2010-09-29,437,1,211.80,1,1,1,1,111,Lost
12569,Germany,2011-04-01,2011-12-07,3,32,3128.99,5,5,5,5,555,Champions
12399,Belgium,2010-03-05,2011-08-12,120,7,1842.30,3,4,4,4,344,Loyal Customers
12557,Spain,2009-12-17,2011-11-23,17,8,18096.14,5,4,5,5,545,Champions
17719,United Kingdom,2011-03-29,2011-11-02,38,15,5367.80,4,5,5,5,455,Champions
18061,United Kingdom,2009-12-04,2011-11-18,22,28,6075.31,4,5,5,5,455,Champions
15270,United Kingdom,2009-12-17,2011-11-24,16,21,7241.19,5,5,5,5,555,Champions
13293,United Kingdom,2010-02-09,2010-11-12,393,6,1180.34,2,4,4,4,244,At Risk
13093,United Kingdom,2009-12-04,2011-03-09,276,55,53283.30,2,5,5,5,255,Cannot Lose Them
14611,United Kingdom,2010-04-20,2010-09-22,444,2,599.38,1,2,3,3,123,At Risk
13695,United Kingdom,2010-05-11,2011-11-08,32,16,2770.73,4,5,4,5,454,Champions
16748,United Kingdom,2009-12-10,2011-11-22,18,14,3632.29,5,5,5,5,555,Champions
14264,United Kingdom,2010-04-07,2011-07-08,155,6,1475.86,3,4,4,4,344,Loyal Customers
18215,United Kingdom,2010-03-26,2011-09-11,90,5,2223.99,3,4,4,4,344,Loyal Customers
12674,France,2011-05-16,2011-11-01,39,4,1796.26,4,3,4,4,434,Champions
16634,United Kingdom,2010-01-21,2011-05-01,223,6,1198.30,2,4,4,4,244,At Risk
13795,United Kingdom,2010-03-12,2010-11-16,389,4,836.30,2,3,3,3,233,At Risk
18212,United Kingdom,2010-01-31,2011-01-17,327,2,514.37,2,2,2,2,222,Hibernating
14821,United Kingdom,2010-02-01,2010-12-08,367,7,1230.15,2,4,4,4,244,At Risk
13240,United Kingdom,2010-02-25,2011-09-04,97,8,1378.04,3,4,4,4,344,Loyal Customers
17775,United Kingdom,2011-03-30,2011-03-30,255,1,56.40,2,1,1,1,211,Hibernating
16813,United Kingdom,2011-05-19,2011-12-01,9,10,1652.18,5,5,4,5,554,Champions
16684,United Kingdom,2009-12-07,2011-12-05,5,55,141530.29,5,5,5,5,555,Champions
13763,United Kingdom,2010-09-30,2011-10-07,64,3,5181.99,3,3,5,4,335,Loyal Customers
16306,United Kingdom,2010-10-01,2011-05-10,214,7,1094.72,2,4,3,4,243,At Risk
17867,United Kingdom,2009-12-02,2011-11-09,31,14,835.22,4,5,3,4,453,Champions
12783,Portugal,2011-09-25,2011-12-07,3,4,1295.87,5,3,4,4,534,Champions
16817,United Kingdom,2010-10-04,2011-12-07,3,13,2392.85,5,5,4,5,554,Champions
18187,United Kingdom,2010-03-18,2010-03-18,632,1,682.19,1,1,3,2,113,Lost
17209,United Kingdom,2009-12-03,2010-02-28,650,3,595.70,1,3,3,3,133,At Risk
13622,United Kingdom,2010-01-12,2010-01-12,697,1,651.45,1,1,3,2,113,Lost
13692,United Kingdom,2010-10-15,2011-11-15,25,5,3022.95,4,4,5,5,445,Champions
18135,United Kingdom,2010-03-15,2011-11-10,30,10,1229.22,4,5,4,5,454,Champions
15100,United Kingdom,2010-01-07,2011-01-10,334,7,1750.10,2,4,4,4,244,At Risk
14149,United Kingdom,2011-05-03,2011-05-03,221,1,259.43,2,1,1,1,211,Hibernating
15653,United Kingdom,2011-08-16,2011-09-08,93,2,877.44,3,2,3,3,323,Loyal Customers
14625,United Kingdom,2009-12-16,2011-05-27,197,11,4429.18,2,5,5,5,255,Cannot Lose Them
13613,United Kingdom,2010-02-17,2010-09-13,453,5,1039.85,1,4,3,4,143,At Risk
14111,United Kingdom,2011-04-12,2011-11-25,15,4,688.60,5,3,3,3,533,Loyal Customers
12888,United Kingdom,2011-03-29,2011-05-09,215,2,313.77,2,2,2,2,222,Hibernating
16092,United Kingdom,2010-05-09,2011-08-17,115,6,1515.49,3,4,4,4,344,Loyal Customers
13544,United Kingdom,2010-03-05,2011-10-31,40,6,781.70,4,4,3,4,443,Champions
14534,United Kingdom,2010-03-15,2011-12-07,3,26,5698.37,5,5,5,5,555,Champions
15715,United Kingdom,2010-03-30,2010-06-02,556,5,658.02,1,4,3,4,143,At Risk
14107,United Kingdom,2009-12-09,2011-10-19,52,11,4853.70,4,5,5,5,455,Champions
16487,United Kingdom,2010-02-18,2010-05-11,578,2,209.40,1,2,1,2,121,Lost
14265,Unspecified,2010-04-06,2011-08-22,110,4,1373.35,3,3,4,4,334,Loyal Customers
14102,United Kingdom,2011-10-26,2011-12-04,6,5,1060.33,5,4,3,4,543,Champions
12779,Poland,2009-12-03,2011-11-02,38,14,6158.60,4,5,5,5,455,Champions
15680,United Kingdom,2009-12-02,2011-11-30,10,10,3985.59,5,5,5,5,555,Champions
12360,Austria,2010-02-22,2011-10-18,53,6,3612.89,4,4,5,5,445,Champions
12940,United Kingdom,2011-09-13,2011-10-16,55,2,862.44,4,2,3,3,423,Loyal Customers
17562,United Kingdom,2011-06-19,2011-11-25,15,7,1107.38,5,4,3,4,543,Champions
15321,United Kingdom,2010-02-03,2011-09-30,71,12,6573.40,3,5,5,5,355,Loyal Customers
16555,United Kingdom,2010-07-22,2011-11-04,36,6,285.89,4,4,2,3,442,Loyal Customers
13000,United Kingdom,2009-12-14,2011-08-25,107,4,965.00,3,3,3,3,333,Loyal Customers
16200,United Kingdom,2009-12-02,2011-12-05,5,12,5594.60,5,5,5,5,555,Champions
13553,United Kingdom,2010-02-03,2010-02-03,675,1,499.60,1,1,2,2,112,Lost
15518,United Kingdom,2009-12-20,2011-10-06,65,15,4081.59,3,5,5,5,355,Loyal Customers
14736,United Kingdom,2010-08-11,2010-08-11,486,2,374.05,1,2,2,2,122,Lost
15310,United Kingdom,2010-08-18,2010-08-18,479,1,1634.64,1,1,4,3,114,At Risk
12457,Switzerland,2010-09-30,2011-10-04,67,7,2032.31,3,4,4,4,344,Loyal Customers
16746,United Kingdom,2009-12-04,2011-12-05,5,42,18010.50,5,5,5,5,555,Champions
15253,United Kingdom,2010-05-02,2011-11-23,17,8,2033.29,5,4,4,4,544,Champions
16611,United Kingdom,2010-03-10,2011-06-06,187,6,1776.63,3,4,4,4,344,Loyal Customers
16419,United Kingdom,2010-02-09,2011-08-19,113,8,1450.95,3,4,4,4,344,Loyal Customers
12879,United Kingdom,2011-09-09,2011-10-26,45,3,552.57,4,3,2,3,432,Loyal Customers
18237,United Kingdom,2011-07-28,2011-12-07,3,5,987.10,5,4,3,4,543,Champions
16899,United Kingdom,2010-11-07,2011-12-02,8,8,1695.77,5,4,4,4,544,Champions
12351,Unspecified,2010-11-29,2010-11-29,376,1,300.93,2,1,2,2,212,Hibernating
14322,United Kingdom,2010-02-18,2010-10-06,430,4,384.30,1,3,2,3,132,At Risk
16715,United Kingdom,2010-05-26,2011-09-22,79,2,625.52,3,2,3,3,323,Loyal Customers
15763,United Kingdom,2011-09-23,2011-11-08,32,2,1048.67,4,2,3,3,423,Loyal Customers
13447,United Kingdom,2011-11-04,2011-11-16,24,3,1104.23,4,3,3,3,433,Loyal Customers
14116,United Kingdom,2011-08-10,2011-11-20,20,5,1382.74,5,4,4,4,544,Champions
14714,United Kingdom,2010-01-21,2011-11-15,25,4,896.40,4,3,3,3,433,Loyal Customers
16202,United Kingdom,2009-12-02,2010-12-14,361,9,2467.04,2,5,4,5,254,Cannot Lose Them
14496,United Kingdom,2010-03-16,2011-02-01,312,7,2341.54,2,4,4,4,244,At Risk
16551,United Kingdom,2009-12-13,2011-09-05,96,7,2237.12,3,4,4,4,344,Loyal Customers
16546,United Kingdom,2010-09-23,2011-02-22,291,5,4421.04,2,4,5,5,245,Cannot Lose Them
16711,United Kingdom,2009-12-02,2011-12-06,4,9,2751.48,5,5,4,5,554,Champions
13982,United Kingdom,2010-01-20,2011-10-31,40,9,3927.49,4,5,5,5,455,Champions
17117,United Kingdom,2011-02-24,2011-02-24,289,1,116.20,2,1,1,1,211,Hibernating
15363,United Kingdom,2010-08-04,2010-12-02,373,2,670.16,2,2,3,3,223,At Risk
13039,United Kingdom,2009-12-17,2010-05-04,585,4,1010.73,1,3,3,3,133,At Risk
16184,United Kingdom,2011-05-12,2011-10-06,65,6,1155.54,3,4,3,4,343,Loyal Customers
12610,Italy,2011-08-05,2011-11-17,23,4,1705.99,4,3,4,4,434,Champions
16264,United Kingdom,2010-09-19,2010-09-27,439,2,823.53,1,2,3,3,123,At Risk
17539,United Kingdom,2009-12-13,2010-03-21,629,3,997.34,1,3,3,3,133,At Risk
14060,United Kingdom,2010-03-11,2011-12-05,5,30,8882.30,5,5,5,5,555,Champions
12665,Germany,2010-02-08,2011-01-19,325,3,247.45,2,3,1,2,231,Hibernating
16226,United Kingdom,2010-10-22,2011-05-20,204,5,672.17,2,4,3,4,243,At Risk
15206,United Kingdom,2011-03-09,2011-11-29,11,4,420.30,5,3,2,3,532,Loyal Customers
18000,United Kingdom,2010-05-24,2010-05-24,565,1,124.25,1,1,1,1,111,Lost
13116,United Kingdom,2011-07-24,2011-07-24,139,1,485.19,3,1,2,2,312,Need Attention
12995,United Kingdom,2011-09-15,2011-09-15,86,1,200.72,3,1,1,1,311,About to Sleep
15659,United Kingdom,2010-02-24,2011-10-27,44,3,532.49,4,3,2,3,432,Loyal Customers
12830,United Kingdom,2011-06-21,2011-11-02,38,6,6814.64,4,4,5,5,445,Champions
13346,United Kingdom,2010-04-22,2010-09-03,463,6,299.40,1,4,2,3,142,At Risk
16894,United Kingdom,2010-06-22,2010-07-25,503,3,1265.26,1,3,4,4,134,At Risk
17825,United Kingdom,2009-12-14,2010-04-20,599,4,701.96,1,3,3,3,133,At Risk
17633,United Kingdom,2010-11-15,2011-11-08,32,7,1974.89,4,4,4,4,444,Champions
15538,United Kingdom,2010-02-14,2010-06-20,538,6,3036.10,1,4,5,5,145,Cannot Lose Them
17779,United Kingdom,2011-07-19,2011-11-18,22,3,633.92,4,3,3,3,433,Loyal Customers
16942,United Kingdom,2011-04-26,2011-11-27,13,9,1878.51,5,5,4,5,554,Champions
14565,United Kingdom,2010-08-23,2011-09-05,96,5,3683.87,3,4,5,5,345,Loyal Customers
15035,United Kingdom,2011-09-11,2011-09-11,90,1,252.73,3,1,1,1,311,About to Sleep
13065,United Kingdom,2010-06-10,2010-12-01,374,5,1050.10,2,4,3,4,243,At Risk
17863,United Kingdom,2010-02-25,2011-10-11,60,12,5360.48,3,5,5,5,355,Loyal Customers
15533,United Kingdom,2011-09-11,2011-11-20,20,3,746.92,5,3,3,3,533,Loyal Customers
13994,United Kingdom,2011-07-14,2011-12-06,4,6,2274.14,5,4,4,4,544,Champions
18136,United Kingdom,2010-09-14,2011-10-07,64,5,1531.71,3,4,4,4,344,Loyal Customers
15427,United Kingdom,2011-10-23,2011-11-06,34,3,1430.54,4,3,4,4,434,Champions
15573,United Kingdom,2009-12-10,2011-11-08,32,5,1180.47,4,4,4,4,444,Champions
14713,United Kingdom,2009-12-03,2011-11-30,10,21,5068.96,5,5,5,5,555,Champions
17442,United Kingdom,2010-02-15,2011-11-03,37,15,4517.70,4,5,5,5,455,Champions
15322,United Kingdom,2010-08-20,2011-09-15,86,2,1314.15,3,2,4,3,324,Loyal Customers
17902,United Kingdom,2010-06-11,2010-06-11,547,1,216.40,1,1,1,1,111,Lost
17744,United Kingdom,2010-11-24,2011-12-06,4,7,2649.14,5,4,4,4,544,Champions
16295,United Kingdom,2011-10-06,2011-11-30,10,4,1328.55,5,3,4,4,534,Champions
15404,United Kingdom,2010-11-29,2010-11-29,376,1,257.06,2,1,1,1,211,Hibernating
14820,United Kingdom,2010-01-31,2011-11-18,22,9,1274.76,4,5,4,5,454,Champions
18287,United Kingdom,2010-05-17,2011-10-28,43,7,4127.89,4,4,5,5,445,Champions
17963,United Kingdom,2010-01-19,2010-08-25,472,4,643.16,1,3,3,3,133,At Risk
13857,United Kingdom,2010-05-17,2010-11-11,394,6,997.01,2,4,3,4,243,At Risk
14489,United Kingdom,2010-04-06,2011-05-16,208,4,1574.93,2,3,4,4,234,At Risk
14479,United Kingdom,2009-12-06,2011-03-31,254,4,1124.71,2,3,3,3,233,At Risk
14421,United Kingdom,2010-01-17,2011-10-13,58,6,2456.62,4,4,4,4,444,Champions
14372,United Kingdom,2010-04-19,2010-09-22,444,2,830.18,1,2,3,3,123,At Risk
18203,United Kingdom,2009-12-08,2011-07-05,158,4,482.52,3,3,2,3,332,Loyal Customers
12386,Australia,2010-12-08,2011-01-06,338,2,401.90,2,2,2,2,222,Hibernating
13382,United Kingdom,2009-12-08,2011-03-04,281,5,1387.58,2,4,4,4,244,At Risk
12928,United Kingdom,2010-06-08,2011-11-04,36,12,4304.89,4,5,5,5,455,Champions
15944,United Kingdom,2009-12-13,2011-03-08,277,4,2164.24,2,3,4,4,234,At Risk
15435,United Kingdom,2011-11-17,2011-11-17,23,1,149.29,4,1,1,1,411,Promising
13283,United Kingdom,2010-03-09,2011-10-11,60,4,373.36,3,3,2,3,332,Loyal Customers
17763,United Kingdom,2010-02-18,2011-03-21,264,4,51.15,2,3,1,2,231,Hibernating
15369,United Kingdom,2009-12-08,2010-08-04,493,11,3346.43,1,5,5,5,155,Cannot Lose Them
17527,United Kingdom,2011-05-05,2011-10-17,54,4,888.86,4,3,3,3,433,Loyal Customers
14926,United Kingdom,2010-04-20,2010-11-23,382,2,337.65,2,2,2,2,222,Hibernating
14893,United Kingdom,2010-04-01,2011-11-30,10,3,1785.01,5,3,4,4,534,Champions
17904,United Kingdom,2011-11-18,2011-11-18,22,1,168.32,4,1,1,1,411,Promising
15855,United Kingdom,2010-08-20,2011-07-26,137,6,1052.72,3,4,3,4,343,Loyal Customers
13180,United Kingdom,2010-04-11,2010-04-11,608,1,86.10,1,1,1,1,111,Lost
16821,United Kingdom,2010-11-23,2010-11-23,382,1,113.35,2,1,1,1,211,Hibernating
18113,United Kingdom,2010-12-06,2010-12-06,369,1,76.32,2,1,1,1,211,Hibernating
18174,United Kingdom,2010-04-15,2011-12-02,8,2,162.50,5,2,1,2,521,Potential Loyalists
15789,United Kingdom,2010-03-26,2010-12-16,359,6,1932.01,2,4,4,4,244,At Risk
13150,United Kingdom,2010-03-19,2010-08-12,485,3,435.02,1,3,2,3,132,At Risk
17509,United Kingdom,2011-10-07,2011-10-13,58,8,6069.24,4,4,5,5,445,Champions
15371,United Kingdom,2010-02-15,2010-02-15,663,1,59.40,1,1,1,1,111,Lost
16012,United Kingdom,2010-06-28,2011-11-04,36,5,2978.59,4,4,5,5,445,Champions
12586,Italy,2009-12-16,2011-11-22,18,4,2045.67,5,3,4,4,534,Champions
15714,United Kingdom,2010-06-02,2011-11-28,12,5,783.96,5,4,3,4,543,Champions
12764,Lebanon,2011-01-27,2011-01-27,317,1,1693.88,2,1,4,3,214,At Risk
16640,United Kingdom,2010-11-07,2010-11-07,398,1,179.40,2,1,1,1,211,Hibernating
16613,United Kingdom,2011-09-30,2011-09-30,71,1,618.59,3,1,3,2,313,Need Attention
12607,USA,2011-10-10,2011-10-10,61,1,0.00,3,1,1,1,311,About to Sleep
12539,Spain,2009-12-23,2011-11-17,23,7,11186.75,4,4,5,5,445,Champions
14751,United Kingdom,2009-12-13,2010-01-24,685,2,126.45,1,2,1,2,121,Lost
16969,United Kingdom,2011-06-01,2011-10-31,40,3,650.41,4,3,3,3,433,Loyal Customers
16890,United Kingdom,2010-05-06,2010-08-20,477,3,277.91,1,3,2,3,132,At Risk
16820,United Kingdom,2011-09-05,2011-09-05,96,1,497.61,3,1,2,2,312,Need Attention
18246,United Kingdom,2010-04-09,2011-11-16,24,3,758.82,4,3,3,3,433,Loyal Customers
18221,United Kingdom,2010-11-14,2011-11-17,23,6,1370.34,4,4,4,4,444,Champions
16710,United Kingdom,2009-12-04,2011-11-20,20,22,5908.60,5,5,5,5,555,Champions
16950,United Kingdom,2010-01-24,2011-10-14,57,10,3482.59,4,5,5,5,455,Champions
17621,United Kingdom,2010-10-04,2011-11-18,22,6,3029.32,4,4,5,5,445,Champions
12685,France,2011-09-07,2011-11-11,29,6,2575.08,4,4,4,4,444,Champions
18222,United Kingdom,2011-09-08,2011-09-08,93,1,443.00,3,1,2,2,312,Need Attention
16959,United Kingdom,2011-09-13,2011-09-13,88,1,117.35,3,1,1,1,311,About to Sleep
17604,United Kingdom,2010-01-27,2011-05-06,218,6,942.38,2,4,3,4,243,At Risk
12666,Israel,2010-11-10,2010-11-10,395,1,1020.98,2,1,3,2,213,Hibernating
14333,United Kingdom,2011-10-03,2011-10-03,68,1,351.45,3,1,2,2,312,Need Attention
16038,United Kingdom,2011-05-22,2011-12-02,8,3,454.33,5,3,2,3,532,Loyal Customers
17497,United Kingdom,2010-04-08,2010-11-14,391,2,287.25,2,2,2,2,222,Hibernating
13360,United Kingdom,2010-01-08,2010-10-04,432,4,1464.10,1,3,4,4,134,At Risk
16990,United Kingdom,2010-10-13,2011-05-05,219,2,344.00,2,2,2,2,222,Hibernating
13597,United Kingdom,2010-11-02,2010-11-04,401,2,377.21,2,2,2,2,222,Hibernating
14761,United Kingdom,2010-09-21,2011-10-12,59,3,447.92,4,3,2,3,432,Loyal Customers
15381,United Kingdom,2010-05-05,2011-05-10,214,5,1887.62,2,4,4,4,244,At Risk
18273,United Kingdom,2010-04-28,2011-12-07,3,4,357.00,5,3,2,3,532,Loyal Customers
14320,United Kingdom,2010-01-21,2011-05-17,207,5,1204.12,2,4,4,4,244,At Risk
18052,United Kingdom,2010-05-24,2010-05-24,565,1,10877.18,1,1,5,3,115,At Risk
13175,United Kingdom,2009-12-04,2010-05-06,583,2,793.10,1,2,3,3,123,At Risk
14770,United Kingdom,2010-02-25,2011-04-21,233,8,3624.89,2,4,5,5,245,Cannot Lose Them
17196,United Kingdom,2010-10-08,2010-10-08,428,1,327.75,1,1,2,2,112,Lost
15492,United Kingdom,2011-09-26,2011-11-11,29,2,659.46,4,2,3,3,423,Loyal Customers
17853,United Kingdom,2009-12-03,2010-10-28,408,3,1596.29,2,3,4,4,234,At Risk
15447,United Kingdom,2010-03-24,2011-01-13,331,5,484.93,2,4,2,3,242,At Risk
14658,United Kingdom,2011-08-14,2011-12-04,6,2,247.15,5,2,1,2,521,Potential Loyalists
16355,United Kingdom,2010-11-29,2010-11-29,376,1,349.20,2,1,2,2,212,Hibernating
17878,United Kingdom,2010-11-09,2011-10-27,44,3,1378.93,4,3,4,4,434,Champions
13714,United Kingdom,2010-08-31,2010-08-31,466,1,161.35,1,1,1,1,111,Lost
17421,United Kingdom,2009-12-04,2010-11-18,387,3,1059.41,2,3,3,3,233,At Risk
13563,United Kingdom,2011-07-22,2011-09-16,85,2,777.53,3,2,3,3,323,Loyal Customers
15362,United Kingdom,2009-12-01,2010-09-17,449,2,613.08,1,2,3,3,123,At Risk
17011,United Kingdom,2010-02-26,2011-11-09,31,3,536.70,4,3,2,3,432,Loyal Customers
15705,United Kingdom,2011-05-22,2011-05-22,202,1,143.10,2,1,1,1,211,Hibernating
14043,United Kingdom,2009-12-10,2010-08-05,492,2,299.65,1,2,2,2,122,Lost
12355,Bahrain,2010-05-21,2011-05-09,215,2,947.61,2,2,3,3,223,At Risk
15353,United Kingdom,2009-12-02,2011-03-30,255,7,2772.57,2,4,4,4,244,At Risk
15376,United Kingdom,2011-05-01,2011-10-30,41,3,1221.56,4,3,4,4,434,Champions
17823,United Kingdom,2010-10-14,2010-10-14,422,2,449.25,1,2,2,2,122,Lost
17772,United Kingdom,2010-11-12,2011-11-29,11,3,360.75,5,3,2,3,532,Loyal Customers
14834,United Kingdom,2010-10-28,2011-11-22,18,7,2184.21,5,4,4,4,544,Champions
12857,United Kingdom,2010-01-25,2011-05-13,211,6,3684.25,2,4,5,5,245,Cannot Lose Them
16602,United Kingdom,2010-11-16,2011-11-03,37,2,711.63,4,2,3,3,423,Loyal Customers
14887,United Kingdom,2011-09-21,2011-09-21,80,1,1862.00,3,1,4,3,314,Loyal Customers
17520,United Kingdom,2011-10-17,2011-10-17,54,1,546.81,4,1,2,2,412,Potential Loyalists
13114,United Kingdom,2009-12-09,2009-12-09,731,1,234.38,1,1,1,1,111,Lost
15537,United Kingdom,2011-06-29,2011-06-29,164,1,110.92,3,1,1,1,311,About to Sleep
16920,United Kingdom,2010-10-24,2010-10-24,412,1,355.45,1,1,2,2,112,Lost
13251,United Kingdom,2010-11-02,2010-11-02,403,1,252.68,2,1,1,1,211,Hibernating
15894,United Kingdom,2010-12-05,2011-03-31,254,2,257.60,2,2,1,2,221,Hibernating
14931,Channel Islands,2011-04-13,2011-12-05,5,4,864.68,5,3,3,3,533,Loyal Customers
14055,United Kingdom,2009-12-16,2011-08-25,107,3,1520.96,3,3,4,4,334,Loyal Customers
13781,United Kingdom,2009-12-18,2011-04-03,251,3,770.88,2,3,3,3,233,At Risk
17640,United Kingdom,2010-03-23,2011-09-14,87,6,3107.59,3,4,5,5,345,Loyal Customers
14815,United Kingdom,2011-10-03,2011-11-03,37,2,778.50,4,2,3,3,423,Loyal Customers
14520,United Kingdom,2011-02-22,2011-12-08,2,2,270.60,5,2,1,2,521,Potential Loyalists
12829,United Kingdom,2010-06-07,2011-01-07,337,3,345.35,2,3,2,3,232,At Risk
16165,United Kingdom,2010-07-22,2010-07-22,506,1,79.90,1,1,1,1,111,Lost
16478,United Kingdom,2011-10-05,2011-11-14,26,3,331.00,4,3,2,3,432,Loyal Customers
14144,United Kingdom,2010-08-10,2010-08-10,487,1,30.60,1,1,1,1,111,Lost
13201,United Kingdom,2010-03-07,2010-07-25,503,4,1233.06,1,3,4,4,134,At Risk
15265,United Kingdom,2009-12-01,2011-07-11,152,4,3345.64,3,3,5,4,335,Loyal Customers
14981,United Kingdom,2010-10-12,2011-04-07,247,2,313.52,2,2,2,2,222,Hibernating
13949,United Kingdom,2011-09-06,2011-12-07,3,6,2427.32,5,4,4,4,544,Champions
16387,United Kingdom,2010-03-11,2011-01-21,323,5,882.46,2,4,3,4,243,At Risk
17167,United Kingdom,2010-09-20,2010-11-25,380,3,867.11,2,3,3,3,233,At Risk
16472,United Kingdom,2010-04-21,2010-10-01,435,2,789.60,1,2,3,3,123,At Risk
13321,United Kingdom,2011-09-14,2011-09-28,73,2,567.36,3,2,2,2,322,Need Attention
16957,United Kingdom,2011-03-03,2011-04-14,240,2,416.64,2,2,2,2,222,Hibernating
17479,United Kingdom,2010-03-17,2010-03-17,633,1,389.26,1,1,2,2,112,Lost
17437,United Kingdom,2010-06-28,2010-06-28,530,1,369.68,1,1,2,2,112,Lost
17168,United Kingdom,2010-07-29,2010-07-29,499,1,400.20,1,1,2,2,112,Lost
17606,United Kingdom,2009-12-02,2009-12-02,738,1,87.30,1,1,1,1,111,Lost
16893,United Kingdom,2010-11-28,2010-12-08,367,2,249.47,2,2,1,2,221,Hibernating
15891,United Kingdom,2011-04-27,2011-04-27,227,1,509.13,2,1,2,2,212,Hibernating
14411,United Kingdom,2011-02-02,2011-02-02,311,1,1063.00,2,1,3,2,213,Hibernating
12369,Austria,2010-03-08,2010-10-22,414,3,1511.15,1,3,4,4,134,At Risk
16622,United Kingdom,2010-06-14,2010-06-14,544,1,205.60,1,1,1,1,111,Lost
15746,United Kingdom,2011-07-28,2011-07-28,135,1,182.96,3,1,1,1,311,About to Sleep
16953,United Kingdom,2011-11-09,2011-11-09,31,1,20.80,4,1,1,1,411,Promising
17752,United Kingdom,2010-12-15,2010-12-15,360,1,80.64,2,1,1,1,211,Hibernating
14765,United Kingdom,2011-06-16,2011-11-10,30,3,254.11,4,3,1,2,431,Potential Loyalists
13330,United Kingdom,2010-02-23,2011-09-08,93,6,2796.10,3,4,4,4,344,Loyal Customers
14181,United Kingdom,2010-05-26,2010-10-25,411,2,308.35,1,2,2,2,122,Lost
15472,United Kingdom,2011-08-18,2011-08-18,114,1,371.56,3,1,2,2,312,Need Attention
12900,United Kingdom,2010-10-13,2010-10-13,423,1,340.33,1,1,2,2,112,Lost
13387,United Kingdom,2010-10-18,2010-10-18,418,1,181.84,1,1,1,1,111,Lost
12390,Belgium,2011-09-21,2011-09-21,80,1,504.84,3,1,2,2,312,Need Attention
14695,United Kingdom,2009-12-07,2010-07-08,520,3,1466.72,1,3,4,4,134,At Risk
18255,United Kingdom,2010-09-09,2011-09-11,90,2,303.15,3,2,2,2,322,Need Attention
14758,United Kingdom,2010-04-08,2011-07-18,145,7,2864.97,3,4,5,5,345,Loyal Customers
17253,United Kingdom,2011-11-21,2011-11-21,19,1,178.26,5,1,1,1,511,New Customers
16849,United Kingdom,2011-06-06,2011-06-06,187,1,124.57,3,1,1,1,311,About to Sleep
16675,United Kingdom,2010-08-18,2010-09-24,442,2,608.86,1,2,3,3,123,At Risk
15229,United Kingdom,2010-05-02,2010-05-02,587,1,160.50,1,1,1,1,111,Lost
12400,Australia,2010-10-21,2010-10-21,415,1,205.25,1,1,1,1,111,Lost
13607,United Kingdom,2010-11-02,2011-10-30,41,2,1058.11,4,2,3,3,423,Loyal Customers
14433,United Kingdom,2010-08-31,2010-08-31,466,1,280.70,1,1,2,2,112,Lost
12426,Germany,2010-02-15,2011-05-29,195,2,1167.41,2,2,3,3,223,At Risk
15534,United Kingdom,2009-12-14,2009-12-14,726,1,162.25,1,1,1,1,111,Lost
14950,United Kingdom,2011-11-20,2011-11-20,20,1,361.25,5,1,2,2,512,Potential Loyalists
13376,United Kingdom,2011-04-19,2011-09-01,100,3,869.76,3,3,3,3,333,Loyal Customers
15686,United Kingdom,2010-10-15,2010-10-15,421,1,90.00,1,1,1,1,111,Lost
14024,United Kingdom,2010-11-14,2011-08-10,122,3,645.74,3,3,3,3,333,Loyal Customers
17275,United Kingdom,2010-11-21,2010-11-21,384,1,114.10,2,1,1,1,211,Hibernating
17417,United Kingdom,2010-06-09,2010-06-09,549,1,164.18,1,1,1,1,111,Lost
15080,United Kingdom,2010-07-26,2010-10-08,428,2,546.25,1,2,2,2,122,Lost
16377,United Kingdom,2010-04-01,2011-03-17,268,2,1308.48,2,2,4,3,224,At Risk
17024,United Kingdom,2011-07-05,2011-10-25,46,3,95.85,4,3,1,2,431,Potential Loyalists
12387,Australia,2010-10-20,2010-10-20,416,1,143.94,1,1,1,1,111,Lost
13582,United Kingdom,2010-04-01,2010-11-15,390,2,241.68,2,2,1,2,221,Hibernating
16238,United Kingdom,2010-10-13,2010-10-13,423,1,63.66,1,1,1,1,111,Lost
15780,United Kingdom,2010-12-17,2011-06-09,184,3,475.28,3,3,2,3,332,Loyal Customers
14846,United Kingdom,2010-10-08,2010-10-08,428,1,406.80,1,1,2,2,112,Lost
15907,United Kingdom,2011-05-13,2011-12-06,4,3,881.87,5,3,3,3,533,Loyal Customers
13918,United Kingdom,2011-03-31,2011-10-21,50,2,1212.84,4,2,4,3,424,Loyal Customers
13031,United Kingdom,2010-06-03,2010-10-28,408,5,3292.84,2,4,5,5,245,Cannot Lose Them
14964,United Kingdom,2011-04-06,2011-04-06,248,1,206.21,2,1,1,1,211,Hibernating
16030,United Kingdom,2011-02-03,2011-02-03,310,1,331.24,2,1,2,2,212,Hibernating
12572,Germany,2011-10-19,2011-12-01,9,2,896.72,5,2,3,3,523,Loyal Customers
16323,United Kingdom,2010-05-11,2011-05-27,197,2,353.66,2,2,2,2,222,Hibernating
16508,United Kingdom,2010-03-19,2010-03-19,631,1,240.95,1,1,1,1,111,Lost
13364,United Kingdom,2011-09-29,2011-09-29,72,1,0.00,3,1,1,1,311,About to Sleep
15588,United Kingdom,2010-01-31,2010-01-31,678,1,579.60,1,1,2,2,112,Lost
13580,United Kingdom,2010-10-29,2010-10-29,407,1,107.75,2,1,1,1,211,Hibernating
14435,United Kingdom,2010-07-26,2010-07-26,502,1,90.42,1,1,1,1,111,Lost
14368,United Kingdom,2011-01-24,2011-01-24,320,1,155.00,2,1,1,1,211,Hibernating
14398,United Kingdom,2010-06-30,2010-11-03,402,2,707.79,2,2,3,3,223,At Risk
16921,United Kingdom,2010-04-18,2011-10-09,62,3,409.21,3,3,2,3,332,Loyal Customers
16540,United Kingdom,2010-10-21,2010-10-21,415,1,205.75,1,1,1,1,111,Lost
12538,Spain,2010-11-26,2011-11-10,30,2,640.45,4,2,3,3,423,Loyal Customers
14281,United Kingdom,2010-10-27,2010-10-27,409,1,245.15,2,1,1,1,211,Hibernating
18233,United Kingdom,2011-01-18,2011-01-18,326,1,440.00,2,1,2,2,212,Hibernating
14017,United Kingdom,2010-05-17,2010-05-17,572,1,229.75,1,1,1,1,111,Lost
13667,United Kingdom,2011-07-13,2011-07-13,150,1,299.05,3,1,2,2,312,Need Attention
12521,Germany,2011-07-20,2011-07-20,143,1,545.68,3,1,2,2,312,Need Attention
13195,United Kingdom,2010-10-21,2010-10-21,415,1,136.73,1,1,1,1,111,Lost
16268,United Kingdom,2011-09-29,2011-09-29,72,2,617.65,3,2,3,3,323,Loyal Customers
17944,United Kingdom,2010-10-12,2010-10-12,424,1,74.99,1,1,1,1,111,Lost
17970,United Kingdom,2011-05-12,2011-05-12,212,1,562.79,2,1,2,2,212,Hibernating
15263,United Kingdom,2011-08-25,2011-08-25,107,1,156.51,3,1,1,1,311,About to Sleep
17036,United Kingdom,2010-11-21,2010-11-21,384,1,176.90,2,1,1,1,211,Hibernating
16627,United Kingdom,2011-09-21,2011-09-21,80,1,322.80,3,1,2,2,312,Need Attention
12552,Italy,2011-10-31,2011-10-31,40,1,317.82,4,1,2,2,412,Potential Loyalists
15905,United Kingdom,2010-06-14,2010-06-14,544,1,114.69,1,1,1,1,111,Lost
13286,United Kingdom,2010-04-18,2010-04-18,601,1,734.91,1,1,3,2,113,Lost
18129,United Kingdom,2011-04-10,2011-04-10,244,1,112.55,2,1,1,1,211,Hibernating
15871,United Kingdom,2010-09-28,2010-09-28,438,1,33.10,1,1,1,1,111,Lost
15333,United Kingdom,2011-05-15,2011-05-15,209,1,1028.56,2,1,3,2,213,Hibernating
17925,United Kingdom,2010-12-02,2010-12-02,373,1,244.08,2,1,1,1,211,Hibernating
13539,United Kingdom,2010-04-28,2011-09-15,86,7,1531.26,3,4,4,4,344,Loyal Customers
17341,United Kingdom,2010-06-17,2011-07-06,157,5,1272.21,3,4,4,4,344,Loyal Customers
16883,United Kingdom,2009-12-04,2011-06-05,188,19,2236.11,2,5,4,5,254,Cannot Lose Them
12379,Belgium,2010-06-23,2011-09-19,82,4,1468.27,3,3,4,4,334,Loyal Customers
18081,United Kingdom,2011-07-29,2011-11-03,37,3,343.45,4,3,2,3,432,Loyal Customers
14825,United Kingdom,2010-04-06,2011-12-06,4,24,4696.28,5,5,5,5,555,Champions
13402,United Kingdom,2010-05-24,2011-08-04,128,4,1226.85,3,3,4,4,334,Loyal Customers
17306,United Kingdom,2010-11-01,2011-11-29,11,21,9751.77,5,5,5,5,555,Champions
14739,United Kingdom,2009-12-02,2011-12-05,5,25,11555.69,5,5,5,5,555,Champions
16364,United Kingdom,2011-07-25,2011-11-28,12,2,705.79,5,2,3,3,523,Loyal Customers
17218,United Kingdom,2010-01-25,2011-12-05,5,18,3889.39,5,5,5,5,555,Champions
12358,Austria,2009-12-08,2011-12-08,2,5,3447.07,5,4,5,5,545,Champions
12870,United Kingdom,2010-03-25,2010-11-29,376,3,1662.05,2,3,4,4,234,At Risk
16839,United Kingdom,2010-02-11,2011-12-01,9,44,20420.53,5,5,5,5,555,Champions
17045,United Kingdom,2010-10-06,2011-08-18,114,5,827.68,3,4,3,4,343,Loyal Customers
14553,United Kingdom,2010-07-18,2011-11-20,20,9,1793.10,5,5,4,5,554,Champions
15955,United Kingdom,2010-02-23,2011-11-15,25,22,8050.23,4,5,5,5,455,Champions
14350,United Kingdom,2010-10-05,2011-03-10,275,3,947.80,2,3,3,3,233,At Risk
16558,United Kingdom,2009-12-03,2011-12-09,1,38,13149.56,5,5,5,5,555,Champions
14132,United Kingdom,2011-06-09,2011-12-07,3,11,3580.13,5,5,5,5,555,Champions
16015,United Kingdom,2011-10-21,2011-12-06,4,3,689.41,5,3,3,3,533,Loyal Customers
14800,United Kingdom,2010-09-30,2011-10-23,48,17,6890.73,4,5,5,5,455,Champions
15719,United Kingdom,2009-12-01,2011-11-07,33,31,10117.22,4,5,5,5,455,Champions
12508,France,2011-11-10,2011-11-13,27,2,397.88,4,2,2,2,422,Potential Loyalists
16011,United Kingdom,2009-12-01,2011-12-01,9,29,5585.86,5,5,5,5,555,Champions
12533,Germany,2009-12-01,2010-03-22,628,2,1005.99,1,2,3,3,123,At Risk
15601,United Kingdom,2009-12-01,2011-11-28,12,30,14150.84,5,5,5,5,555,Champions
17389,United Kingdom,2009-12-04,2011-12-09,1,61,54945.68,5,5,5,5,555,Champions
14482,United Kingdom,2010-08-26,2011-11-21,19,12,4141.06,5,5,5,5,555,Champions
15261,United Kingdom,2010-10-01,2011-07-27,136,4,1508.00,3,3,4,4,334,Loyal Customers
15932,United Kingdom,2011-02-23,2011-12-05,5,8,2461.85,5,4,4,4,544,Champions
15530,United Kingdom,2010-07-15,2011-11-18,22,5,1808.68,4,4,4,4,444,Champions
17991,United Kingdom,2010-04-27,2011-04-28,226,3,298.65,2,3,2,3,232,At Risk
16266,United Kingdom,2010-02-04,2011-09-27,74,14,1757.95,3,5,4,5,354,Loyal Customers
16242,United Kingdom,2010-03-15,2011-12-01,9,14,7370.50,5,5,5,5,555,Champions
18231,United Kingdom,2010-01-10,2011-05-31,193,28,6815.47,2,5,5,5,255,Cannot Lose Them
14016,EIRE,2010-01-08,2011-07-01,162,11,11279.71,3,5,5,5,355,Loyal Customers
12402,Belgium,2010-02-07,2011-01-20,324,6,1124.15,2,4,3,4,243,At Risk
17157,United Kingdom,2009-12-04,2011-12-02,8,19,5139.45,5,5,5,5,555,Champions
17229,United Kingdom,2011-07-20,2011-09-04,97,2,318.76,3,2,2,2,322,Need Attention
16418,United Kingdom,2010-10-13,2011-10-26,45,5,1028.74,4,4,3,4,443,Champions
14032,United Kingdom,2009-12-14,2011-12-07,3,16,4482.21,5,5,5,5,555,Champions
15089,United Kingdom,2011-08-03,2011-11-29,11,6,2420.84,5,4,4,4,544,Champions
17429,United Kingdom,2010-10-06,2011-08-03,129,5,1342.16,3,4,4,4,344,Loyal Customers
15957,United Kingdom,2010-10-15,2011-11-08,32,3,921.25,4,3,3,3,433,Loyal Customers
12647,Germany,2010-01-13,2011-11-17,23,35,13919.74,4,5,5,5,455,Champions
16010,United Kingdom,2010-10-24,2011-04-08,246,11,1692.91,2,5,4,5,254,Cannot Lose Them
12925,United Kingdom,2010-04-26,2011-12-05,5,3,729.33,5,3,3,3,533,Loyal Customers
17222,United Kingdom,2010-01-10,2011-10-05,66,6,1563.61,3,4,4,4,344,Loyal Customers
16719,United Kingdom,2009-12-13,2011-11-25,15,14,3363.87,5,5,5,5,555,Champions
14478,United Kingdom,2009-12-01,2010-11-22,383,4,1276.66,2,3,4,4,234,At Risk
15122,United Kingdom,2010-03-30,2011-08-17,115,11,4451.22,3,5,5,5,355,Loyal Customers
16660,United Kingdom,2010-01-14,2011-11-23,17,7,1422.35,5,4,4,4,544,Champions
13639,United Kingdom,2010-09-29,2011-09-26,75,2,1346.27,3,2,4,3,324,Loyal Customers
13102,United Kingdom,2010-05-06,2011-12-08,2,37,11123.30,5,5,5,5,555,Champions
16250,United Kingdom,2010-11-18,2011-03-23,262,3,565.24,2,3,2,3,232,At Risk
17624,United Kingdom,2009-12-20,2011-11-25,15,4,1568.63,5,3,4,4,534,Champions
13278,United Kingdom,2010-04-08,2011-10-30,41,4,1425.35,4,3,4,4,434,Champions
13307,United Kingdom,2010-04-26,2011-08-11,121,3,273.34,3,3,2,3,332,Loyal Customers
13435,United Kingdom,2010-07-27,2011-12-04,6,9,4431.93,5,5,5,5,555,Champions
12619,Germany,2010-05-28,2011-11-23,17,9,3048.95,5,5,5,5,555,Champions
16394,United Kingdom,2011-02-23,2011-10-14,57,5,1412.06,4,4,4,4,444,Champions
12705,Germany,2010-06-24,2011-11-24,16,13,10906.00,5,5,5,5,555,Champions
15465,United Kingdom,2009-12-10,2011-11-20,20,32,11670.90,5,5,5,5,555,Champions
15847,United Kingdom,2010-03-08,2011-11-01,39,5,822.57,4,4,3,4,443,Champions
16299,United Kingdom,2010-08-19,2010-08-19,478,1,178.65,1,1,1,1,111,Lost
12768,Korea,2010-09-15,2010-09-15,451,1,0.00,1,1,1,1,111,Lost
15656,United Kingdom,2011-02-28,2011-10-25,46,4,748.50,4,3,3,3,433,Loyal Customers
12524,Germany,2010-02-08,2011-11-30,10,17,9759.36,5,5,5,5,555,Champions
12681,France,2009-12-13,2011-11-25,15,44,26679.24,5,5,5,5,555,Champions
17609,United Kingdom,2010-04-09,2011-10-30,41,11,1740.01,4,5,4,5,454,Champions
17422,United Kingdom,2010-06-23,2011-11-23,17,11,3341.65,5,5,5,5,555,Champions
14300,United Kingdom,2011-11-21,2011-11-21,19,1,43.20,5,1,1,1,511,New Customers
17547,United Kingdom,2010-02-12,2010-11-29,376,2,692.35,2,2,3,3,223,At Risk
16652,United Kingdom,2010-03-17,2011-10-12,59,16,17312.83,4,5,5,5,455,Champions
14455,United Kingdom,2010-08-01,2010-10-03,433,4,587.12,1,3,2,3,132,At Risk
13893,United Kingdom,2011-02-15,2011-02-15,298,1,821.10,2,1,3,2,213,Hibernating
14744,United Kingdom,2010-05-18,2011-11-23,17,14,3648.63,5,5,5,5,555,Champions
15596,United Kingdom,2010-07-28,2011-08-31,101,9,2621.27,3,5,4,5,354,Loyal Customers
15243,United Kingdom,2010-09-30,2011-09-26,75,2,927.28,3,2,3,3,323,Loyal Customers
15655,United Kingdom,2011-04-10,2011-04-10,244,1,511.32,2,1,2,2,212,Hibernating
13717,United Kingdom,2010-08-11,2011-11-07,33,8,1748.05,4,4,4,4,444,Champions
16566,United Kingdom,2011-02-20,2011-11-24,16,5,614.01,5,4,3,4,543,Champions
17552,United Kingdom,2010-03-22,2011-10-10,61,12,2744.63,3,5,4,5,354,Loyal Customers
17536,United Kingdom,2010-01-26,2011-06-15,178,3,364.83,3,3,2,3,332,Loyal Customers
18219,United Kingdom,2009-12-07,2011-12-07,3,17,3297.20,5,5,5,5,555,Champions
13824,United Kingdom,2010-03-12,2011-11-07,33,12,3273.36,4,5,5,5,455,Champions
15197,United Kingdom,2009-12-11,2011-11-29,11,6,1437.84,5,4,4,4,544,Champions
12722,France,2011-07-12,2011-09-15,86,4,886.33,3,3,3,3,333,Loyal Customers
18024,United Kingdom,2011-07-10,2011-07-10,153,2,236.78,3,2,1,2,321,Need Attention
14135,United Kingdom,2009-12-02,2011-12-08,2,24,8800.80,5,5,5,5,555,Champions
13797,United Kingdom,2010-03-02,2010-09-29,437,3,1168.45,1,3,3,3,133,At Risk
17988,United Kingdom,2009-12-07,2011-11-28,12,13,475.74,5,5,2,4,552,Champions
16764,United Kingdom,2011-07-19,2011-12-06,4,13,2749.95,5,5,4,5,554,Champions
14901,United Kingdom,2010-07-29,2011-11-28,12,12,1912.70,5,5,4,5,554,Champions
18034,United Kingdom,2010-11-29,2011-11-18,22,3,753.35,4,3,3,3,433,Loyal Customers
16402,United Kingdom,2010-12-05,2011-03-20,265,2,293.45,2,2,2,2,222,Hibernating
14497,United Kingdom,2010-02-04,2011-02-03,310,2,679.16,2,2,3,3,223,At Risk
17363,United Kingdom,2010-11-02,2010-11-09,396,3,920.46,2,3,3,3,233,At Risk
16209,United Kingdom,2010-06-11,2011-09-12,89,9,4146.78,3,5,5,5,355,Loyal Customers
14356,United Kingdom,2011-09-19,2011-09-21,80,2,666.94,3,2,3,3,323,Loyal Customers
17063,United Kingdom,2009-12-01,2011-11-18,22,13,3576.88,4,5,5,5,455,Champions
13110,United Kingdom,2009-12-01,2011-11-08,32,12,2896.17,4,5,5,5,455,Champions
16057,United Kingdom,2010-01-07,2011-11-23,17,10,3202.07,5,5,5,5,555,Champions
15712,United Kingdom,2009-12-01,2011-11-30,10,12,3467.46,5,5,5,5,555,Champions
16118,United Kingdom,2010-02-25,2010-02-25,653,1,4255.43,1,1,5,3,115,At Risk
13316,United Kingdom,2010-03-10,2011-11-02,38,10,12818.42,4,5,5,5,455,Champions
14299,United Kingdom,2009-12-02,2011-12-01,9,27,12620.28,5,5,5,5,555,Champions
13220,United Kingdom,2010-05-13,2011-09-22,79,5,1336.09,3,4,4,4,344,Loyal Customers
16197,United Kingdom,2009-12-16,2010-08-27,470,9,2016.71,1,5,4,5,154,Cannot Lose Them
16347,United Kingdom,2010-03-12,2011-11-28,12,11,3415.56,5,5,5,5,555,Champions
16625,United Kingdom,2010-06-14,2011-03-10,275,5,1651.08,2,4,4,4,244,At Risk
16017,United Kingdom,2010-01-05,2011-10-23,48,5,1545.58,4,4,4,4,444,Champions
14918,United Kingdom,2010-04-08,2011-08-16,116,9,5955.81,3,5,5,5,355,Loyal Customers
18116,United Kingdom,2010-10-24,2011-10-03,68,13,2130.89,3,5,4,5,354,Loyal Customers
16718,United Kingdom,2009-12-06,2010-12-05,370,5,3006.08,2,4,5,5,245,Cannot Lose Them
12541,Spain,2011-03-04,2011-11-10,30,3,841.18,4,3,3,3,433,Loyal Customers
13990,United Kingdom,2011-05-10,2011-05-10,214,1,311.30,2,1,2,2,212,Hibernating
14249,United Kingdom,2010-01-29,2010-10-25,411,12,5400.46,1,5,5,5,155,Cannot Lose Them
13616,United Kingdom,2010-01-17,2010-05-20,569,2,283.85,1,2,2,2,122,Lost
14083,United Kingdom,2009-12-18,2011-12-05,5,11,1082.19,5,5,3,4,553,Champions
16650,United Kingdom,2010-07-08,2011-09-29,72,7,1916.11,3,4,4,4,344,Loyal Customers
18035,United Kingdom,2010-11-19,2011-11-04,36,5,1260.23,4,4,4,4,444,Champions
17408,United Kingdom,2010-07-13,2011-06-29,164,3,164.89,3,3,1,2,331,Need Attention
17549,United Kingdom,2011-10-19,2011-11-16,24,2,148.86,4,2,1,2,421,Potential Loyalists
14540,United Kingdom,2009-12-07,2011-11-30,10,11,3699.74,5,5,5,5,555,Champions
17483,United Kingdom,2010-10-21,2011-10-05,66,4,591.73,3,3,3,3,333,Loyal Customers
17909,United Kingdom,2009-12-02,2009-12-02,738,1,110.05,1,1,1,1,111,Lost
14672,United Kingdom,2010-01-28,2011-04-19,235,4,1113.14,2,3,3,3,233,At Risk
13427,United Kingdom,2009-12-17,2011-11-20,20,6,1006.53,5,4,3,4,543,Champions
16772,United Kingdom,2009-12-18,2010-10-12,424,3,2760.10,1,3,4,4,134,At Risk
17723,United Kingdom,2010-11-29,2011-08-04,128,7,3378.40,3,4,5,5,345,Loyal Customers
12527,Germany,2010-06-28,2011-09-19,82,5,717.51,3,4,3,4,343,Loyal Customers
16276,United Kingdom,2010-04-11,2011-06-16,177,3,2629.39,3,3,4,4,334,Loyal Customers
14389,United Kingdom,2010-04-28,2011-10-05,66,5,1821.07,3,4,4,4,344,Loyal Customers
17726,United Kingdom,2010-01-26,2010-11-09,396,7,1089.56,2,4,3,4,243,At Risk
12654,Germany,2011-02-17,2011-11-29,11,5,529.98,5,4,2,3,542,Loyal Customers
17672,United Kingdom,2010-03-08,2011-10-20,51,6,5592.19,4,4,5,5,445,Champions
18229,United Kingdom,2009-12-03,2011-11-28,12,28,10150.51,5,5,5,5,555,Champions
15146,United Kingdom,2011-02-21,2011-06-28,165,2,1313.66,3,2,4,3,324,Loyal Customers
13049,United Kingdom,2010-11-03,2011-10-06,65,4,1384.14,3,3,4,4,334,Loyal Customers
12723,France,2011-10-05,2011-12-06,4,5,707.07,5,4,3,4,543,Champions
16964,United Kingdom,2009-12-06,2009-12-06,734,2,207.85,1,2,1,2,121,Lost
13452,United Kingdom,2010-08-24,2011-03-25,260,3,729.80,2,3,3,3,233,At Risk
12746,United Kingdom,2010-06-17,2010-06-17,541,1,230.85,1,1,1,1,111,Lost
12548,Spain,2011-06-26,2011-06-26,167,1,67.20,3,1,1,1,311,About to Sleep
12627,Germany,2011-07-22,2011-11-29,11,6,4082.53,5,4,5,5,545,Champions
14005,United Kingdom,2011-05-08,2011-11-30,10,5,2874.72,5,4,5,5,545,Champions
17860,United Kingdom,2009-12-11,2010-12-06,369,4,717.39,2,3,3,3,233,At Risk
15114,United Kingdom,2010-10-14,2011-11-09,31,12,3400.12,4,5,5,5,455,Champions
16228,United Kingdom,2010-11-04,2010-11-19,386,3,881.06,2,3,3,3,233,At Risk
14052,United Kingdom,2010-11-14,2011-11-20,20,2,466.66,5,2,2,2,522,Potential Loyalists
14557,United Kingdom,2011-09-15,2011-09-15,86,1,0.00,3,1,1,1,311,About to Sleep
13318,United Kingdom,2011-11-02,2011-12-08,2,3,640.76,5,3,3,3,533,Loyal Customers
17931,United Kingdom,2010-02-16,2011-07-28,135,14,3270.91,3,5,5,5,355,Loyal Customers
17559,United Kingdom,2010-07-15,2010-07-15,513,1,167.62,1,1,1,1,111,Lost
18264,United Kingdom,2010-07-29,2010-07-29,499,1,603.25,1,1,3,2,113,Lost
16833,United Kingdom,2010-03-26,2011-12-08,2,6,2409.04,5,4,4,4,544,Champions
13675,United Kingdom,2011-02-28,2011-07-11,152,2,486.82,3,2,2,2,322,Need Attention
12849,United Kingdom,2010-04-27,2011-11-08,32,6,3015.98,4,4,5,5,445,Champions
18263,United Kingdom,2011-04-01,2011-11-14,26,3,1211.08,4,3,4,4,434,Champions
13972,United Kingdom,2011-05-22,2011-09-30,71,2,190.25,3,2,1,2,321,Need Attention
14839,United Kingdom,2010-01-04,2010-10-17,419,3,915.28,1,3,3,3,133,At Risk
14777,United Kingdom,2010-11-01,2010-11-01,404,1,239.26,2,1,1,1,211,Hibernating
16346,United Kingdom,2010-11-19,2010-11-19,386,1,224.51,2,1,1,1,211,Hibernating
13575,United Kingdom,2011-06-16,2011-11-16,24,5,732.07,4,4,3,4,443,Champions
18087,United Kingdom,2009-12-01,2011-02-22,291,16,13563.62,2,5,5,5,255,Cannot Lose Them
12941,United Kingdom,2009-12-15,2009-12-15,725,1,377.49,1,1,2,2,112,Lost
12514,Italy,2010-03-08,2011-03-17,268,2,1597.76,2,2,4,3,224,At Risk
14798,United Kingdom,2010-03-01,2011-10-18,53,8,715.11,4,4,3,4,443,Champions
18279,United Kingdom,2010-07-08,2010-07-08,520,1,231.34,1,1,1,1,111,Lost
17282,United Kingdom,2010-06-09,2011-08-01,131,5,2308.54,3,4,4,4,344,Loyal Customers
15757,United Kingdom,2010-06-10,2011-10-05,66,6,2940.36,3,4,5,5,345,Loyal Customers
13165,United Kingdom,2010-10-22,2011-10-24,47,3,1451.16,4,3,4,4,434,Champions
16639,United Kingdom,2010-10-26,2011-11-08,32,4,1659.85,4,3,4,4,434,Champions
16070,United Kingdom,2011-11-07,2011-11-17,23,2,852.15,4,2,3,3,423,Loyal Customers
18127,United Kingdom,2010-11-01,2011-11-20,20,4,556.13,5,3,2,3,532,Loyal Customers
18247,United Kingdom,2010-03-18,2010-10-21,415,3,721.43,1,3,3,3,133,At Risk
18262,United Kingdom,2010-04-16,2011-07-22,141,3,577.54,3,3,2,3,332,Loyal Customers
17718,United Kingdom,2010-03-05,2011-04-21,233,2,386.98,2,2,2,2,222,Hibernating
17940,United Kingdom,2009-12-03,2011-10-21,50,14,28389.58,4,5,5,5,455,Champions
16079,United Kingdom,2011-10-30,2011-11-23,17,3,1352.00,5,3,4,4,534,Champions
13705,United Kingdom,2010-03-25,2011-12-02,8,7,1717.19,5,4,4,4,544,Champions
15414,United Kingdom,2011-04-11,2011-11-30,10,3,774.90,5,3,3,3,533,Loyal Customers
14539,United Kingdom,2011-10-26,2011-11-24,16,2,537.48,5,2,2,2,522,Potential Loyalists
16054,United Kingdom,2010-04-01,2011-07-17,146,4,2090.68,3,3,4,4,334,Loyal Customers
16333,United Kingdom,2011-02-03,2011-12-02,8,22,26626.80,5,5,5,5,555,Champions
14622,United Kingdom,2011-06-08,2011-06-08,185,1,320.58,3,1,2,2,312,Need Attention
14719,United Kingdom,2011-04-04,2011-12-08,2,5,1571.89,5,4,4,4,544,Champions
12556,Spain,2011-07-11,2011-10-20,51,2,599.56,4,2,3,3,423,Loyal Customers
16750,United Kingdom,2011-04-21,2011-10-26,45,5,623.93,4,4,3,4,443,Champions
16511,United Kingdom,2010-03-01,2011-11-18,22,6,1758.49,4,4,4,4,444,Champions
14387,United Kingdom,2011-08-22,2011-11-07,33,3,1727.60,4,3,4,4,434,Champions
13176,United Kingdom,2011-10-24,2011-10-24,47,1,481.49,4,1,2,2,412,Potential Loyalists
17764,United Kingdom,2009-12-03,2011-10-20,51,5,1513.57,4,4,4,4,444,Champions
13508,United Kingdom,2010-03-07,2011-04-10,244,2,287.05,2,2,2,2,222,Hibernating
16110,United Kingdom,2010-07-05,2011-10-25,46,4,1781.59,4,3,4,4,434,Champions
16886,United Kingdom,2010-09-09,2010-09-09,457,1,0.00,1,1,1,1,111,Lost
16495,United Kingdom,2011-03-08,2011-12-06,4,3,648.26,5,3,3,3,533,Loyal Customers
15141,United Kingdom,2010-03-28,2010-09-08,458,7,1378.31,1,4,4,4,144,At Risk
12492,Germany,2010-11-01,2011-10-07,64,3,607.21,3,3,3,3,333,Loyal Customers
16285,United Kingdom,2010-03-03,2010-03-03,647,1,176.90,1,1,1,1,111,Lost
17573,United Kingdom,2011-09-07,2011-11-10,30,3,362.90,4,3,2,3,432,Loyal Customers
14626,United Kingdom,2009-12-10,2011-11-16,24,11,5374.77,4,5,5,5,455,Champions
17768,United Kingdom,2009-12-02,2011-12-01,9,7,3287.78,5,4,5,5,545,Champions
15293,United Kingdom,2010-02-12,2010-02-12,666,1,247.50,1,1,1,1,111,Lost
15991,United Kingdom,2010-06-23,2010-06-23,535,1,150.55,1,1,1,1,111,Lost
16447,United Kingdom,2010-02-17,2011-07-27,136,3,727.10,3,3,3,3,333,Loyal Customers
17881,United Kingdom,2011-02-08,2011-02-08,305,1,133.35,2,1,1,1,211,Hibernating
12756,Japan,2011-09-14,2011-09-14,87,1,112.08,3,1,1,1,311,About to Sleep
13729,United Kingdom,2010-01-24,2010-09-30,436,3,676.43,1,3,3,3,133,At Risk
15797,United Kingdom,2010-01-27,2011-08-18,114,5,2806.08,3,4,4,4,344,Loyal Customers
13405,United Kingdom,2009-12-15,2011-05-19,205,5,1181.56,2,4,4,4,244,At Risk
15565,United Kingdom,2011-09-30,2011-10-20,51,2,173.16,4,2,1,2,421,Potential Loyalists
15403,United Kingdom,2009-12-09,2010-08-05,492,2,170.88,1,2,1,2,121,Lost
12375,Finland,2011-09-02,2011-11-29,11,2,375.42,5,2,2,2,522,Potential Loyalists
14842,United Kingdom,2011-02-04,2011-10-27,44,4,2456.80,4,3,4,4,434,Champions
14425,United Kingdom,2009-12-02,2010-10-01,435,3,635.89,1,3,3,3,133,At Risk
14321,United Kingdom,2010-08-23,2011-11-29,11,7,2198.58,5,4,4,4,544,Champions
13891,United Kingdom,2010-05-06,2010-11-26,379,3,859.21,2,3,3,3,233,At Risk
12860,United Kingdom,2010-01-15,2010-01-15,694,1,54.22,1,1,1,1,111,Lost
14610,United Kingdom,2010-07-13,2010-11-09,396,2,24.35,2,2,1,2,221,Hibernating
15666,United Kingdom,2010-08-01,2010-08-24,473,2,632.94,1,2,3,3,123,At Risk
16860,United Kingdom,2010-02-15,2010-09-13,453,3,1593.67,1,3,4,4,134,At Risk
13398,United Kingdom,2010-09-17,2011-05-31,193,2,670.34,2,2,3,3,223,At Risk
18088,United Kingdom,2011-10-09,2011-10-09,62,1,166.03,3,1,1,1,311,About to Sleep
16598,United Kingdom,2011-02-27,2011-02-27,286,1,140.70,2,1,1,1,211,Hibernating
17650,United Kingdom,2011-11-18,2011-11-18,22,1,166.08,4,1,1,1,411,Promising
16747,United Kingdom,2011-10-03,2011-11-02,38,2,826.96,4,2,3,3,423,Loyal Customers
12875,United Kingdom,2010-01-11,2011-07-19,144,5,1356.99,3,4,4,4,344,Loyal Customers
16777,United Kingdom,2010-03-17,2011-09-20,81,5,1261.43,3,4,4,4,344,Loyal Customers
14384,United Kingdom,2010-07-27,2010-07-27,501,1,58.50,1,1,1,1,111,Lost
17816,United Kingdom,2009-12-15,2011-11-03,37,6,96.11,4,4,1,3,441,Loyal Customers
16757,United Kingdom,2010-10-26,2011-01-25,319,2,270.48,2,2,1,2,221,Hibernating
13379,United Kingdom,2011-07-26,2011-11-13,27,3,572.56,4,3,2,3,432,Loyal Customers
15662,United Kingdom,2009-12-01,2010-02-16,662,2,283.73,1,2,2,2,122,Lost
16460,United Kingdom,2011-09-19,2011-11-11,29,3,811.23,4,3,3,3,433,Loyal Customers
12884,United Kingdom,2011-09-12,2011-09-12,89,1,309.05,3,1,2,2,312,Need Attention
18027,United Kingdom,2011-09-02,2011-09-02,99,1,115.31,3,1,1,1,311,About to Sleep
15238,United Kingdom,2011-06-08,2011-11-10,30,3,1056.54,4,3,3,3,433,Loyal Customers
14788,United Kingdom,2010-04-22,2011-12-02,8,3,1156.32,5,3,3,3,533,Loyal Customers
17375,United Kingdom,2010-10-04,2011-05-24,200,4,632.95,2,3,3,3,233,At Risk
16056,United Kingdom,2011-10-25,2011-10-25,46,1,650.75,4,1,3,2,413,Potential Loyalists
13566,United Kingdom,2010-03-10,2011-10-30,41,5,1684.75,4,4,4,4,444,Champions
12363,Unspecified,2011-04-11,2011-08-22,110,2,552.00,3,2,2,2,322,Need Attention
12868,United Kingdom,2010-11-12,2011-06-07,186,8,2043.76,3,4,4,4,344,Loyal Customers
16972,United Kingdom,2010-09-09,2010-11-22,383,2,749.00,2,2,3,3,223,At Risk
13595,United Kingdom,2010-03-03,2010-07-11,517,3,784.48,1,3,3,3,133,At Risk
15682,United Kingdom,2010-01-21,2010-04-19,600,2,316.99,1,2,2,2,122,Lost
12641,Sweden,2011-08-16,2011-08-16,116,1,145.90,3,1,1,1,311,About to Sleep
12511,Greece,2010-10-07,2010-10-07,429,1,3065.77,1,1,5,3,115,At Risk
15162,United Kingdom,2009-12-08,2009-12-08,732,1,241.50,1,1,1,1,111,Lost
14977,United Kingdom,2009-12-14,2009-12-14,726,1,31.93,1,1,1,1,111,Lost
14359,United Kingdom,2011-09-13,2011-11-20,20,3,882.58,5,3,3,3,533,Loyal Customers
12999,United Kingdom,2011-04-08,2011-05-27,197,3,455.88,2,3,2,3,232,At Risk
13200,United Kingdom,2011-08-05,2011-11-20,20,4,870.09,5,3,3,3,533,Loyal Customers
13248,United Kingdom,2011-06-03,2011-08-07,125,2,465.68,3,2,2,2,322,Need Attention
15126,United Kingdom,2010-01-21,2010-06-21,537,2,449.49,1,2,2,2,122,Lost
12529,France,2010-06-29,2010-06-29,529,1,311.78,1,1,2,2,112,Lost
16116,United Kingdom,2011-05-12,2011-05-12,212,1,592.88,2,1,3,2,213,Hibernating
14933,Channel Islands,2010-09-21,2010-09-22,444,4,885.00,1,3,3,3,133,At Risk
15022,United Kingdom,2010-01-31,2011-11-28,12,5,1133.44,5,4,3,4,543,Champions
17510,United Kingdom,2010-10-15,2011-11-15,25,2,514.56,4,2,2,2,422,Potential Loyalists
12684,France,2011-05-10,2011-12-02,8,6,2073.63,5,4,4,4,544,Champions
17433,United Kingdom,2010-11-19,2011-09-12,89,2,569.96,3,2,2,2,322,Need Attention
12898,United Kingdom,2010-02-18,2010-09-02,464,2,296.21,1,2,2,2,122,Lost
12543,Spain,2010-09-17,2010-09-17,449,1,840.25,1,1,3,2,113,Lost
16783,United Kingdom,2010-09-29,2010-09-29,437,1,391.95,1,1,2,2,112,Lost
14619,United Kingdom,2010-06-16,2011-04-08,246,2,1276.31,2,2,4,3,224,At Risk
14753,United Kingdom,2010-09-05,2011-09-13,88,2,869.51,3,2,3,3,323,Loyal Customers
18169,United Kingdom,2011-10-10,2011-10-10,61,1,202.65,3,1,1,1,311,About to Sleep
16649,United Kingdom,2010-07-07,2010-07-07,521,1,306.58,1,1,2,2,112,Lost
14836,United Kingdom,2011-11-09,2011-11-29,11,3,102.45,5,3,1,2,531,Potential Loyalists
15669,United Kingdom,2011-03-21,2011-10-30,41,4,677.69,4,3,3,3,433,Loyal Customers
14942,United Kingdom,2009-12-10,2010-11-03,402,4,746.56,2,3,3,3,233,At Risk
13061,United Kingdom,2011-09-28,2011-09-28,73,1,248.61,3,1,1,1,311,About to Sleep
17102,United Kingdom,2011-03-23,2011-03-23,262,1,25.50,2,1,1,1,211,Hibernating
12807,Sweden,2010-11-21,2010-11-21,384,1,229.95,2,1,1,1,211,Hibernating
15320,United Kingdom,2011-10-26,2011-10-26,45,1,267.13,4,1,1,1,411,Promising
16049,United Kingdom,2010-07-11,2011-10-30,41,6,1852.15,4,4,4,4,444,Champions
17112,United Kingdom,2010-07-25,2010-07-25,503,1,197.57,1,1,1,1,111,Lost
15692,United Kingdom,2011-11-11,2011-11-11,29,1,191.04,4,1,1,1,411,Promising
13603,United Kingdom,2011-11-13,2011-11-13,27,1,164.34,4,1,1,1,411,Promising
12812,Japan,2011-10-26,2011-10-26,45,1,229.64,4,1,1,1,411,Promising
16249,United Kingdom,2011-04-14,2011-10-18,53,5,1800.07,4,4,4,4,444,Champions
12911,United Kingdom,2010-06-06,2010-06-06,552,1,1651.72,1,1,4,3,114,At Risk
15192,United Kingdom,2010-01-29,2011-08-12,120,5,1666.39,3,4,4,4,344,Loyal Customers
18117,United Kingdom,2011-11-14,2011-11-14,26,1,314.40,4,1,2,2,412,Potential Loyalists
17274,United Kingdom,2010-11-09,2011-11-04,36,2,573.22,4,2,2,2,422,Potential Loyalists
12425,Portugal,2010-09-17,2011-09-22,79,2,1680.81,3,2,4,3,324,Loyal Customers
15948,United Kingdom,2010-10-11,2011-12-01,9,3,1509.09,5,3,4,4,534,Champions
15702,Nigeria,2010-08-20,2010-08-20,477,1,112.57,1,1,1,1,111,Lost
13216,United Kingdom,2011-03-17,2011-03-17,268,1,333.74,2,1,2,2,212,Hibernating
15018,United Kingdom,2010-12-07,2011-11-01,39,3,456.26,4,3,2,3,432,Loyal Customers
14722,United Kingdom,2010-08-10,2011-07-15,148,3,489.52,3,3,2,3,332,Loyal Customers
15749,United Kingdom,2011-01-11,2011-04-18,236,3,21535.90,2,3,5,4,235,At Risk
14697,United Kingdom,2011-05-05,2011-05-05,219,2,188.61,2,2,1,2,221,Hibernating
13839,United Kingdom,2010-08-10,2010-08-10,487,1,139.95,1,1,1,1,111,Lost
16371,United Kingdom,2010-09-17,2010-09-17,449,1,157.20,1,1,1,1,111,Lost
13033,United Kingdom,2010-10-06,2010-12-17,358,2,220.55,2,2,1,2,221,Hibernating
13444,United Kingdom,2010-07-21,2010-11-30,375,2,619.08,2,2,3,3,223,At Risk
17766,United Kingdom,2010-11-23,2010-11-23,382,2,299.61,2,2,2,2,222,Hibernating
14598,United Kingdom,2010-05-19,2011-10-26,45,2,221.97,4,2,1,2,421,Potential Loyalists
13907,United Kingdom,2010-01-17,2010-01-17,692,1,136.80,1,1,1,1,111,Lost
16112,United Kingdom,2011-01-05,2011-07-19,144,4,195.74,3,3,1,2,331,Need Attention
13088,United Kingdom,2010-10-18,2010-10-18,418,1,236.11,1,1,1,1,111,Lost
13135,United Kingdom,2010-08-05,2011-05-27,197,2,3371.45,2,2,5,4,225,At Risk
14785,United Kingdom,2011-11-24,2011-11-29,11,2,77.40,5,2,1,2,521,Potential Loyalists
14488,United Kingdom,2011-10-03,2011-10-03,68,1,1047.43,3,1,3,2,313,Need Attention
16475,United Kingdom,2011-03-11,2011-09-12,89,4,544.30,3,3,2,3,332,Loyal Customers
12487,Sweden,2009-12-09,2009-12-09,731,1,259.80,1,1,1,1,111,Lost
16659,United Kingdom,2011-06-03,2011-06-03,190,1,39.12,2,1,1,1,211,Hibernating
17217,United Kingdom,2010-03-30,2011-04-19,235,2,210.10,2,2,1,2,221,Hibernating
13775,United Kingdom,2010-04-28,2010-04-28,591,1,1049.66,1,1,3,2,113,Lost
13470,United Kingdom,2011-08-16,2011-09-01,100,2,165.00,3,2,1,2,321,Need Attention
14366,United Kingdom,2010-07-02,2010-07-02,526,1,136.00,1,1,1,1,111,Lost
18166,United Kingdom,2010-03-26,2010-03-26,624,1,175.50,1,1,1,1,111,Lost
14491,United Kingdom,2010-12-02,2011-06-17,176,2,340.93,3,2,2,2,322,Need Attention
15242,United Kingdom,2010-10-13,2010-10-13,423,1,302.04,1,1,2,2,112,Lost
15390,Canada,2010-10-26,2010-11-08,397,2,1216.66,2,2,4,3,224,At Risk
15052,United Kingdom,2011-01-24,2011-01-24,320,1,207.73,2,1,1,1,211,Hibernating
16881,United Kingdom,2011-10-04,2011-10-04,67,1,432.00,3,1,2,2,312,Need Attention
14153,United Kingdom,2010-08-13,2010-08-13,484,1,233.40,1,1,1,1,111,Lost
12447,Belgium,2011-04-10,2011-04-10,244,1,431.49,2,1,2,2,212,Hibernating
14743,United Kingdom,2010-04-26,2010-04-26,593,1,50.48,1,1,1,1,111,Lost
15195,United Kingdom,2011-12-07,2011-12-07,3,1,3861.00,5,1,5,3,515,Loyal Customers
13222,United Kingdom,2010-05-11,2010-05-11,578,1,88.50,1,1,1,1,111,Lost
12634,USA,2010-06-09,2010-06-09,549,1,360.00,1,1,2,2,112,Lost
13961,United Kingdom,2010-11-12,2010-11-12,393,1,498.70,2,1,2,2,212,Hibernating
13947,United Kingdom,2011-10-05,2011-10-05,66,1,90.60,3,1,1,1,311,About to Sleep
16302,United Kingdom,2011-08-05,2011-08-05,127,1,212.82,3,1,1,1,311,About to Sleep
14260,United Kingdom,2010-06-09,2010-08-25,472,3,824.28,1,3,3,3,133,At Risk
16382,United Kingdom,2010-06-07,2010-10-27,409,2,353.10,2,2,2,2,222,Hibernating
18132,United Kingdom,2010-07-23,2010-07-23,505,1,220.13,1,1,1,1,111,Lost
16530,United Kingdom,2010-02-09,2010-02-09,669,1,48.35,1,1,1,1,111,Lost
17986,United Kingdom,2011-10-14,2011-10-14,57,1,20.80,4,1,1,1,411,Promising
13349,United Kingdom,2011-11-29,2011-11-29,11,1,197.32,5,1,1,1,511,New Customers
17271,United Kingdom,2009-12-03,2009-12-03,737,1,204.30,1,1,1,1,111,Lost
13315,United Kingdom,2010-01-19,2010-01-19,690,1,310.26,1,1,2,2,112,Lost
16562,United Kingdom,2010-08-20,2010-08-20,477,1,223.86,1,1,1,1,111,Lost
15318,United Kingdom,2011-12-06,2011-12-06,4,1,312.62,5,1,2,2,512,Potential Loyalists
13336,United Kingdom,2011-09-23,2011-09-23,78,1,795.12,3,1,3,2,313,Need Attention
17712,United Kingdom,2011-10-26,2011-10-26,45,1,522.91,4,1,2,2,412,Potential Loyalists
12354,Spain,2011-04-21,2011-04-21,233,1,1079.40,2,1,3,2,213,Hibernating
15770,United Kingdom,2010-04-06,2010-04-06,613,1,321.45,1,1,2,2,112,Lost
13757,United Kingdom,2010-02-03,2010-02-03,675,1,195.55,1,1,1,1,111,Lost
17120,United Kingdom,2011-04-20,2011-04-20,234,1,307.46,2,1,2,2,212,Hibernating
12938,United Kingdom,2011-11-14,2011-11-14,26,1,114.14,4,1,1,1,411,Promising
17959,United Kingdom,2010-04-26,2010-04-26,593,1,140.75,1,1,1,1,111,Lost
13502,United Kingdom,2010-06-09,2011-11-23,17,5,774.60,5,4,3,4,543,Champions
13334,United Kingdom,2010-02-25,2011-09-18,83,5,6195.05,3,4,5,5,345,Loyal Customers
18072,United Kingdom,2011-06-07,2011-06-07,186,1,12.24,3,1,1,1,311,About to Sleep
17289,United Kingdom,2010-03-08,2011-11-08,32,9,2032.30,4,5,4,5,454,Champions
17368,United Kingdom,2009-12-15,2011-11-16,24,14,2145.39,4,5,4,5,454,Champions
14459,United Kingdom,2010-02-26,2011-07-07,156,2,5375.74,3,2,5,4,325,Loyal Customers
12748,United Kingdom,2009-12-04,2011-12-09,1,322,46674.18,5,5,5,5,555,Champions
13571,United Kingdom,2009-12-08,2011-11-27,13,26,4537.26,5,5,5,5,555,Champions
17001,United Kingdom,2010-03-25,2011-12-09,1,19,6640.80,5,5,5,5,555,Champions
16369,United Kingdom,2010-04-07,2011-11-21,19,7,2654.48,5,4,4,4,544,Champions
17528,United Kingdom,2011-09-29,2011-12-08,2,8,3540.10,5,4,5,5,545,Champions
15632,United Kingdom,2011-03-10,2011-11-24,16,8,3147.31,5,4,5,5,545,Champions
14701,United Kingdom,2010-01-24,2011-11-29,11,15,4423.96,5,5,5,5,555,Champions
16931,United Kingdom,2010-11-07,2011-12-04,6,23,5032.22,5,5,5,5,555,Champions
17576,United Kingdom,2009-12-03,2011-12-01,9,41,8534.45,5,5,5,5,555,Champions
17180,United Kingdom,2010-01-21,2011-10-14,57,11,2216.12,4,5,4,5,454,Champions
17657,United Kingdom,2010-10-05,2010-10-05,431,1,126.00,1,1,1,1,111,Lost
13665,United Kingdom,2010-07-23,2010-11-18,387,3,1711.66,2,3,4,4,234,At Risk
18277,United Kingdom,2010-08-02,2011-10-12,59,5,1159.35,4,4,3,4,443,Champions
13554,United Kingdom,2010-09-19,2010-11-24,381,7,1547.46,2,4,4,4,244,At Risk
13004,United Kingdom,2009-12-15,2011-11-28,12,36,11143.99,5,5,5,5,555,Champions
14332,United Kingdom,2010-10-19,2011-11-17,23,5,1917.41,4,4,4,4,444,Champions
13552,United Kingdom,2010-02-19,2011-10-04,67,22,6588.63,3,5,5,5,355,Loyal Customers
18109,United Kingdom,2010-07-01,2011-12-08,2,38,9416.41,5,5,5,5,555,Champions
14560,United Kingdom,2009-12-02,2011-12-02,8,44,6050.44,5,5,5,5,555,Champions
12475,Germany,2010-10-26,2011-10-17,54,2,1065.64,4,2,3,3,423,Loyal Customers
17470,United Kingdom,2010-07-19,2011-10-26,45,11,2626.47,4,5,4,5,454,Champions
14081,United Kingdom,2009-12-10,2011-02-10,303,10,4747.52,2,5,5,5,255,Cannot Lose Them
12920,United Kingdom,2009-12-14,2011-11-22,18,4,486.64,5,3,2,3,532,Loyal Customers
13455,United Kingdom,2009-12-09,2011-11-15,25,6,2080.88,4,4,4,4,444,Champions
17677,United Kingdom,2009-12-16,2011-12-08,2,54,34233.35,5,5,5,5,555,Champions
12371,Switzerland,2010-03-04,2011-10-11,60,4,3347.38,3,3,5,4,335,Loyal Customers
17146,United Kingdom,2010-02-02,2011-08-26,106,13,5788.39,3,5,5,5,355,Loyal Customers
16919,United Kingdom,2010-08-19,2011-07-06,157,24,4837.56,3,5,5,5,355,Loyal Customers
12819,United Kingdom,2010-09-07,2010-09-07,459,1,540.52,1,1,2,2,112,Lost
17571,United Kingdom,2010-06-15,2011-10-20,51,5,1629.66,4,4,4,4,444,Champions
13362,United Kingdom,2010-10-10,2011-11-30,10,7,5357.57,5,4,5,5,545,Champions
14064,United Kingdom,2010-01-21,2011-11-10,30,15,2967.57,4,5,5,5,455,Champions
18223,United Kingdom,2009-12-04,2011-12-05,5,26,13504.67,5,5,5,5,555,Champions
12989,United Kingdom,2009-12-10,2011-12-06,4,33,12846.80,5,5,5,5,555,Champions
16628,United Kingdom,2010-03-08,2011-11-10,30,7,2313.09,4,4,4,4,444,Champions
16832,United Kingdom,2010-09-07,2011-06-08,185,5,417.61,3,4,2,3,342,Loyal Customers
18283,United Kingdom,2010-02-19,2011-12-06,4,22,2658.95,5,5,4,5,554,Champions
17602,United Kingdom,2010-03-30,2011-12-07,3,14,7240.73,5,5,5,5,555,Champions
14145,United Kingdom,2010-04-08,2011-10-24,47,7,7006.05,4,4,5,5,445,Champions
12931,United Kingdom,2009-12-01,2011-11-18,22,57,71546.97,4,5,5,5,455,Champions
14615,United Kingdom,2010-06-09,2010-11-10,395,5,934.26,2,4,3,4,243,At Risk
14105,United Kingdom,2009-12-18,2011-04-14,240,5,5703.98,2,4,5,5,245,Cannot Lose Them
17124,United Kingdom,2011-06-07,2011-06-07,186,1,294.24,3,1,2,2,312,Need Attention
17243,United Kingdom,2009-12-01,2011-12-08,2,69,20004.03,5,5,5,5,555,Champions
14975,United Kingdom,2010-10-14,2011-10-13,58,2,472.39,4,2,2,2,422,Potential Loyalists
18178,United Kingdom,2010-02-18,2011-08-03,129,11,6054.49,3,5,5,5,355,Loyal Customers
17954,United Kingdom,2009-12-09,2011-12-04,6,19,3697.19,5,5,5,5,555,Champions
13890,United Kingdom,2009-12-06,2011-12-08,2,14,2858.73,5,5,5,5,555,Champions
15407,United Kingdom,2011-02-07,2011-11-06,34,4,1046.74,4,3,3,3,433,Loyal Customers
14493,United Kingdom,2010-03-08,2011-12-02,8,10,4993.76,5,5,5,5,555,Champions
16301,United Kingdom,2009-12-03,2009-12-03,737,1,107.33,1,1,1,1,111,Lost
16119,United Kingdom,2009-12-16,2011-12-01,9,8,1720.81,5,4,4,4,544,Champions
13764,United Kingdom,2010-03-07,2011-09-30,71,6,2908.67,3,4,5,5,345,Loyal Customers
17448,United Kingdom,2010-03-04,2010-06-28,530,41,14375.01,1,5,5,5,155,Cannot Lose Them
17666,United Kingdom,2010-06-30,2011-12-06,4,5,2047.80,5,4,4,4,544,Champions
13268,United Kingdom,2011-03-17,2011-11-22,18,10,3105.66,5,5,5,5,555,Champions
15633,United Kingdom,2009-12-08,2010-07-18,510,13,4156.91,1,5,5,5,155,Cannot Lose Them
15524,United Kingdom,2010-04-12,2011-11-15,25,2,591.40,4,2,3,3,423,Loyal Customers
13287,United Kingdom,2010-01-04,2010-04-15,604,3,519.67,1,3,2,3,132,At Risk
16256,United Kingdom,2010-04-21,2011-03-18,267,3,1559.57,2,3,4,4,234,At Risk
14999,United Kingdom,2010-04-26,2010-04-26,593,1,129.48,1,1,1,1,111,Lost
18198,United Kingdom,2011-01-07,2011-12-05,5,17,5083.06,5,5,5,5,555,Champions
16033,United Kingdom,2010-08-11,2011-12-04,6,27,10465.07,5,5,5,5,555,Champions
14771,United Kingdom,2009-12-03,2010-03-28,622,2,579.92,1,2,2,2,122,Lost
18214,United Kingdom,2010-06-03,2010-06-27,531,4,1480.99,1,3,4,4,134,At Risk
17313,United Kingdom,2011-11-08,2011-11-08,32,1,2288.13,4,1,4,3,414,Loyal Customers
12584,Italy,2011-03-04,2011-12-06,4,9,1809.95,5,5,4,5,554,Champions
12613,Germany,2009-12-14,2011-10-13,58,9,6033.82,4,5,5,5,455,Champions
13855,United Kingdom,2009-12-08,2010-07-27,501,4,1253.94,1,3,4,4,134,At Risk
15456,United Kingdom,2009-12-08,2011-03-01,284,10,2091.52,2,5,4,5,254,Cannot Lose Them
13753,United Kingdom,2009-12-03,2011-02-25,288,4,2094.57,2,3,4,4,234,At Risk
16553,United Kingdom,2010-02-11,2011-06-29,164,33,16500.12,3,5,5,5,355,Loyal Customers
12525,France,2010-03-02,2010-07-29,499,3,745.18,1,3,3,3,133,At Risk
18251,United Kingdom,2009-12-22,2011-09-13,88,9,26278.86,3,5,5,5,355,Loyal Customers
12800,Portugal,2010-02-01,2010-08-26,471,2,500.25,1,2,2,2,122,Lost
15898,United Kingdom,2009-12-11,2011-12-08,2,25,4930.75,5,5,5,5,555,Champions
14307,United Kingdom,2009-12-07,2011-09-12,89,10,4279.97,3,5,5,5,355,Loyal Customers
17005,United Kingdom,2010-04-30,2010-08-26,471,2,612.41,1,2,3,3,123,At Risk
17273,United Kingdom,2010-10-11,2010-10-11,425,1,141.12,1,1,1,1,111,Lost
15428,United Kingdom,2009-12-17,2011-11-24,16,4,762.75,5,3,3,3,533,Loyal Customers
12782,Portugal,2010-07-08,2011-12-05,5,11,3770.04,5,5,5,5,555,Champions
12987,United Kingdom,2010-01-20,2011-09-27,74,5,1298.51,3,4,4,4,344,Loyal Customers
15241,United Kingdom,2010-02-23,2011-10-04,67,11,3032.31,3,5,5,5,355,Loyal Customers
13963,United Kingdom,2010-04-21,2011-02-04,309,17,2748.32,2,5,4,5,254,Cannot Lose Them
14239,United Kingdom,2009-12-05,2011-10-27,44,21,4203.72,4,5,5,5,455,Champions
16915,United Kingdom,2010-05-19,2011-11-30,10,11,1543.18,5,5,4,5,554,Champions
15260,United Kingdom,2009-12-06,2011-08-31,101,25,8677.88,3,5,5,5,355,Loyal Customers
13755,United Kingdom,2011-10-07,2011-12-06,4,9,2101.39,5,5,4,5,554,Champions
12840,United Kingdom,2010-02-03,2011-07-19,144,7,4013.87,3,4,5,5,345,Loyal Customers
13636,United Kingdom,2011-02-27,2011-11-03,37,5,941.62,4,4,3,4,443,Champions
16979,United Kingdom,2010-09-15,2011-12-06,4,9,2787.09,5,5,4,5,554,Champions
14245,United Kingdom,2011-03-21,2011-05-04,220,2,1677.48,2,2,4,3,224,At Risk
15439,United Kingdom,2010-02-24,2010-10-31,405,4,1269.05,2,3,4,4,234,At Risk
18190,United Kingdom,2009-12-22,2011-05-31,193,5,735.67,2,4,3,4,243,At Risk
18017,United Kingdom,2010-10-04,2011-09-19,82,4,688.00,3,3,3,3,333,Loyal Customers
17159,United Kingdom,2010-03-04,2011-11-18,22,5,2095.44,4,4,4,4,444,Champions
14510,United Kingdom,2010-09-29,2010-11-29,376,3,964.55,2,3,3,3,233,At Risk
14909,United Kingdom,2010-02-14,2010-09-28,438,3,1380.98,1,3,4,4,134,At Risk
14837,United Kingdom,2010-01-24,2011-09-11,90,9,3445.82,3,5,5,5,355,Loyal Customers
14188,United Kingdom,2011-02-02,2011-11-09,31,6,2018.91,4,4,4,4,444,Champions
14198,United Kingdom,2010-01-05,2011-11-21,19,9,1527.58,5,5,4,5,554,Champions
14547,United Kingdom,2011-10-16,2011-12-06,4,8,3953.95,5,4,5,5,545,Champions
15024,United Kingdom,2010-10-11,2011-11-30,10,16,3559.39,5,5,5,5,555,Champions
12753,Japan,2010-12-12,2011-11-17,23,6,21024.01,4,4,5,5,445,Champions
16300,United Kingdom,2010-02-02,2010-10-05,431,3,1367.32,1,3,4,4,134,At Risk
14756,United Kingdom,2010-10-11,2011-11-24,16,3,2563.46,5,3,4,4,534,Champions
17190,United Kingdom,2010-03-05,2011-10-12,59,7,1529.73,4,4,4,4,444,Champions
14484,United Kingdom,2009-12-17,2011-10-20,51,4,1070.98,4,3,3,3,433,Loyal Customers
16559,United Kingdom,2010-11-07,2010-11-07,398,1,175.00,2,1,1,1,211,Hibernating
15215,United Kingdom,2010-04-06,2011-10-24,47,7,1496.46,4,4,4,4,444,Champions
16385,United Kingdom,2010-03-18,2011-10-10,61,5,881.35,3,4,3,4,343,Loyal Customers
15826,United Kingdom,2010-05-20,2011-10-14,57,4,2583.13,4,3,4,4,434,Champions
14546,United Kingdom,2009-12-06,2011-12-04,6,11,4987.97,5,5,5,5,555,Champions
13209,United Kingdom,2010-01-24,2011-11-09,31,13,8438.06,4,5,5,5,455,Champions
17309,United Kingdom,2010-02-04,2011-09-05,96,3,320.39,3,3,2,3,332,Loyal Customers
18046,United Kingdom,2010-02-28,2010-02-28,650,1,189.63,1,1,1,1,111,Lost
12645,Germany,2010-02-09,2011-11-06,34,8,3175.10,4,4,5,5,445,Champions
16175,United Kingdom,2010-05-25,2011-09-06,95,7,1836.44,3,4,4,4,344,Loyal Customers
16588,United Kingdom,2010-05-14,2010-11-18,387,4,1361.28,2,3,4,4,234,At Risk
14451,United Kingdom,2010-01-17,2011-10-10,61,12,3215.50,3,5,5,5,355,Loyal Customers
15021,United Kingdom,2010-07-29,2011-12-01,9,12,2422.35,5,5,4,5,554,Champions
16470,United Kingdom,2009-12-11,2011-10-19,52,11,2411.90,4,5,4,5,454,Champions
14857,United Kingdom,2010-03-15,2011-10-11,60,7,3578.93,3,4,5,5,345,Loyal Customers
12744,Singapore,2010-04-27,2011-10-14,57,8,13158.16,4,4,5,5,445,Champions
12843,United Kingdom,2009-12-13,2011-10-05,66,28,6219.07,3,5,5,5,355,Loyal Customers
16686,United Kingdom,2009-12-06,2011-10-23,48,16,4861.72,4,5,5,5,455,Champions
17097,Spain,2010-10-05,2011-12-07,3,9,1126.86,5,5,3,4,553,Champions
17150,United Kingdom,2009-12-06,2010-11-28,377,6,1357.95,2,4,4,4,244,At Risk
18055,United Kingdom,2010-10-22,2011-12-02,8,14,10110.59,5,5,5,5,555,Champions
13032,United Kingdom,2010-09-05,2011-10-18,53,9,2790.00,4,5,4,5,454,Champions
12853,United Kingdom,2010-02-05,2011-07-28,135,11,3728.50,3,5,5,5,355,Loyal Customers
14519,United Kingdom,2009-12-11,2010-01-25,684,2,203.14,1,2,1,2,121,Lost
12765,Netherlands,2010-03-08,2010-08-24,473,6,1299.58,1,4,4,4,144,At Risk
13590,United Kingdom,2009-12-01,2011-11-28,12,18,6284.74,5,5,5,5,555,Champions
16801,United Kingdom,2011-03-11,2011-06-29,164,4,842.33,3,3,3,3,333,Loyal Customers
14009,United Kingdom,2010-09-03,2011-05-25,199,3,1090.23,2,3,3,3,233,At Risk
18226,United Kingdom,2010-03-05,2011-10-26,45,26,11749.58,4,5,5,5,455,Champions
18005,United Kingdom,2011-10-23,2011-12-06,4,2,226.47,5,2,1,2,521,Potential Loyalists
14618,United Kingdom,2010-06-11,2011-11-30,10,7,1310.52,5,4,4,4,544,Champions
17000,United Kingdom,2010-10-27,2010-11-08,397,2,406.30,2,2,2,2,222,Hibernating
13762,United Kingdom,2010-01-10,2011-05-05,219,5,2165.76,2,4,4,4,244,At Risk
16986,United Kingdom,2010-02-04,2011-11-10,30,11,4888.75,4,5,5,5,455,Champions
13589,United Kingdom,2009-12-06,2011-11-25,15,6,1120.74,5,4,3,4,543,Champions
17794,United Kingdom,2010-01-20,2010-01-22,687,2,147.30,1,2,1,2,121,Lost
15118,United Kingdom,2011-07-28,2011-07-28,135,1,244.80,3,1,1,1,311,About to Sleep
15621,United Kingdom,2011-11-18,2011-12-05,5,4,1158.77,5,3,3,3,533,Loyal Customers
17317,United Kingdom,2011-09-11,2011-10-24,47,3,2524.02,4,3,4,4,434,Champions
17979,United Kingdom,2011-03-25,2011-11-04,36,4,709.11,4,3,3,3,433,Loyal Customers
14377,United Kingdom,2011-03-22,2011-06-01,192,2,617.05,2,2,3,3,223,At Risk
15393,United Kingdom,2009-12-15,2011-11-23,17,5,891.34,5,4,3,4,543,Champions
15179,United Kingdom,2009-12-03,2011-11-21,19,13,7426.82,5,5,5,5,555,Champions
15912,United Kingdom,2009-12-10,2011-06-14,179,9,1074.70,3,5,3,4,353,Loyal Customers
17151,United Kingdom,2009-12-04,2009-12-04,736,1,231.90,1,1,1,1,111,Lost
13440,United Kingdom,2010-09-14,2010-10-12,424,7,1213.95,1,4,4,4,144,At Risk
15649,United Kingdom,2010-11-17,2011-01-07,337,4,1660.35,2,3,4,4,234,At Risk
17800,United Kingdom,2011-01-09,2011-11-02,38,9,1186.21,4,5,4,5,454,Champions
12347,Iceland,2010-10-31,2011-12-07,3,8,4921.53,5,4,5,5,545,Champions
12735,France,2011-01-06,2011-01-28,316,2,689.57,2,2,3,3,223,At Risk
16951,United Kingdom,2011-02-08,2011-07-28,135,3,1262.75,3,3,4,4,334,Loyal Customers
18259,United Kingdom,2009-12-08,2011-11-15,25,7,3941.90,4,4,5,5,445,Champions
12910,United Kingdom,2010-03-28,2011-11-16,24,13,5747.02,4,5,5,5,455,Champions
16624,United Kingdom,2011-05-26,2011-09-20,81,2,810.57,3,2,3,3,323,Loyal Customers
16127,United Kingdom,2009-12-13,2011-10-31,40,2,801.31,4,2,3,3,423,Loyal Customers
16125,United Kingdom,2009-12-14,2010-12-07,368,14,4292.35,2,5,5,5,255,Cannot Lose Them
17241,United Kingdom,2010-02-15,2010-11-19,386,12,2736.64,2,5,4,5,254,Cannot Lose Them
15974,United Kingdom,2011-02-24,2011-10-31,40,7,3429.55,4,4,5,5,445,Champions
15207,United Kingdom,2010-06-10,2010-10-19,417,3,657.27,1,3,3,3,133,At Risk
16848,United Kingdom,2010-10-03,2011-10-18,53,4,1411.62,4,3,4,4,434,Champions
15230,United Kingdom,2011-04-13,2011-04-14,240,2,429.60,2,2,2,2,222,Hibernating
14749,United Kingdom,2010-08-17,2010-08-17,480,1,310.15,1,1,2,2,112,Lost
17055,United Kingdom,2010-09-20,2010-09-20,446,1,232.85,1,1,1,1,111,Lost
15183,United Kingdom,2010-05-04,2010-06-10,548,3,637.03,1,3,3,3,133,At Risk
14439,Greece,2010-01-21,2011-01-24,320,5,9443.04,2,4,5,5,245,Cannot Lose Them
17182,United Kingdom,2009-12-21,2010-10-13,423,2,321.30,1,2,2,2,122,Lost
17135,United Kingdom,2010-05-09,2011-11-23,17,10,1705.46,5,5,4,5,554,Champions
16935,United Kingdom,2010-10-14,2010-11-23,382,3,530.86,2,3,2,3,232,At Risk
15584,United Kingdom,2010-02-07,2011-11-16,24,6,1265.70,4,4,4,4,444,Champions
14063,United Kingdom,2009-12-08,2010-01-22,687,7,9471.50,1,4,5,5,145,Cannot Lose Them
16420,United Kingdom,2010-11-08,2010-11-08,397,1,75.00,2,1,1,1,211,Hibernating
17753,United Kingdom,2010-01-06,2010-09-01,465,4,379.56,1,3,2,3,132,At Risk
17747,United Kingdom,2011-08-19,2011-08-19,113,1,64.65,3,1,1,1,311,About to Sleep
13629,United Kingdom,2010-02-11,2011-11-16,24,19,13370.86,4,5,5,5,455,Champions
17443,Canada,2011-05-04,2011-05-04,220,1,534.24,2,1,2,2,212,Hibernating
16938,United Kingdom,2010-02-17,2011-12-01,9,9,6162.11,5,5,5,5,555,Champions
16391,United Kingdom,2010-05-27,2010-11-04,401,4,1048.86,2,3,3,3,233,At Risk
14894,United Kingdom,2009-12-02,2011-09-15,86,3,1412.21,3,3,4,4,334,Loyal Customers
14934,Channel Islands,2010-09-24,2011-09-19,82,5,2471.07,3,4,4,4,344,Loyal Customers
12696,Finland,2010-07-19,2010-10-01,435,2,731.91,1,2,3,3,123,At Risk
16643,United Kingdom,2010-10-13,2011-04-08,246,2,915.56,2,2,3,3,223,At Risk
15706,United Kingdom,2011-08-15,2011-10-07,64,4,1001.81,3,3,3,3,333,Loyal Customers
16808,United Kingdom,2011-03-10,2011-09-01,100,2,288.42,3,2,2,2,322,Need Attention
17985,United Kingdom,2011-11-17,2011-11-17,23,1,631.35,4,1,3,2,413,Potential Loyalists
17987,United Kingdom,2010-06-07,2011-06-07,186,5,889.92,3,4,3,4,343,Loyal Customers
12767,Korea,2010-11-29,2010-11-29,376,1,949.82,2,1,3,2,213,Hibernating
16574,United Kingdom,2010-02-19,2011-09-29,72,3,1301.78,3,3,4,4,334,Loyal Customers
14958,United Kingdom,2009-12-03,2011-07-15,148,6,941.99,3,4,3,4,343,Loyal Customers
14993,United Kingdom,2010-05-25,2010-05-25,564,1,36.13,1,1,1,1,111,Lost
16459,United Kingdom,2009-12-10,2009-12-10,730,1,71.79,1,1,1,1,111,Lost
16993,United Kingdom,2010-05-12,2010-09-02,464,2,1688.15,1,2,4,3,124,At Risk
17937,United Kingdom,2010-12-12,2011-12-01,9,7,4301.22,5,4,5,5,545,Champions
14967,United Kingdom,2009-12-03,2011-10-21,50,6,1982.61,4,4,4,4,444,Champions
17928,United Kingdom,2010-05-17,2011-10-25,46,3,313.16,4,3,2,3,432,Loyal Customers
13723,United Kingdom,2010-04-07,2011-05-06,218,6,1194.08,2,4,4,4,244,At Risk
15675,United Kingdom,2010-10-31,2011-09-19,82,4,542.04,3,3,2,3,332,Loyal Customers
13185,United Kingdom,2011-03-17,2011-03-17,268,1,71.40,2,1,1,1,211,Hibernating
14892,United Kingdom,2010-01-18,2010-01-18,691,1,202.35,1,1,1,1,111,Lost
14691,United Kingdom,2011-05-11,2011-11-09,31,5,2114.33,4,4,4,4,444,Champions
15816,United Kingdom,2010-06-15,2010-06-15,543,2,93.30,1,2,1,2,121,Lost
17892,United Kingdom,2011-07-07,2011-10-14,57,3,244.10,4,3,1,2,431,Potential Loyalists
15586,United Kingdom,2010-01-08,2010-04-26,593,3,1128.66,1,3,3,3,133,At Risk
14675,United Kingdom,2010-11-16,2011-11-23,17,2,1015.58,5,2,3,3,523,Loyal Customers
14681,United Kingdom,2010-02-24,2011-09-29,72,6,875.15,3,4,3,4,343,Loyal Customers
18217,United Kingdom,2010-07-01,2011-11-10,30,4,902.80,4,3,3,3,433,Loyal Customers
17028,United Kingdom,2009-12-18,2010-05-07,582,3,1593.83,1,3,4,4,134,At Risk
17212,United Kingdom,2010-08-10,2011-03-31,254,3,794.41,2,3,3,3,233,At Risk
13375,United Kingdom,2010-09-21,2011-09-12,89,2,1786.48,3,2,4,3,324,Loyal Customers
12669,France,2011-03-28,2011-07-12,151,2,1427.73,3,2,4,3,324,Loyal Customers
14873,United Kingdom,2010-03-16,2011-05-13,211,2,854.13,2,2,3,3,223,At Risk
14881,United Kingdom,2011-11-20,2011-11-20,20,1,255.40,5,1,1,1,511,New Customers
17674,United Kingdom,2010-12-06,2011-09-26,75,2,551.04,3,2,2,2,322,Need Attention
12787,Netherlands,2010-10-22,2011-11-30,10,4,799.18,5,3,3,3,533,Loyal Customers
15378,United Kingdom,2010-07-26,2010-09-03,463,2,246.50,1,2,1,2,121,Lost
18078,United Kingdom,2010-03-21,2011-05-06,218,4,725.53,2,3,3,3,233,At Risk
14643,United Kingdom,2009-12-11,2011-06-22,171,5,1654.69,3,4,4,4,344,Loyal Customers
13252,United Kingdom,2010-03-24,2010-11-10,395,2,341.30,2,2,2,2,222,Hibernating
12773,Portugal,2010-05-24,2010-05-24,565,1,0.00,1,1,1,1,111,Lost
16528,United Kingdom,2011-12-06,2011-12-06,4,1,244.41,5,1,1,1,511,New Customers
14767,United Kingdom,2010-08-22,2010-08-22,475,1,382.81,1,1,2,2,112,Lost
16090,United Kingdom,2010-03-25,2010-03-25,625,1,180.56,1,1,1,1,111,Lost
12440,Austria,2009-12-22,2010-09-03,463,2,648.15,1,2,3,3,123,At Risk
16787,United Kingdom,2010-01-10,2010-11-07,398,4,1017.53,2,3,3,3,233,At Risk
17280,United Kingdom,2010-09-27,2010-09-27,439,1,118.86,1,1,1,1,111,Lost
16913,United Kingdom,2010-02-26,2011-02-22,291,3,423.91,2,3,2,3,232,At Risk
17018,United Kingdom,2009-12-05,2011-10-30,41,6,2287.70,4,4,4,4,444,Champions
15212,United Kingdom,2010-11-28,2011-04-12,242,2,195.43,2,2,1,2,221,Hibernating
14589,United Kingdom,2010-12-03,2010-12-03,372,1,39.75,2,1,1,1,211,Hibernating
15670,United Kingdom,2010-06-01,2011-02-16,297,2,315.20,2,2,2,2,222,Hibernating
14152,United Kingdom,2010-02-18,2011-09-25,76,7,1975.44,3,4,4,4,344,Loyal Customers
14969,United Kingdom,2010-01-05,2010-01-05,704,1,906.23,1,1,3,2,113,Lost
17201,United Kingdom,2010-02-10,2011-10-17,54,4,1117.00,4,3,3,3,433,Loyal Customers
15765,United Kingdom,2010-02-11,2010-02-11,667,1,370.63,1,1,2,2,112,Lost
14720,United Kingdom,2011-08-05,2011-12-04,6,3,663.81,5,3,3,3,533,Loyal Customers
17654,United Kingdom,2011-03-07,2011-03-07,278,1,117.55,2,1,1,1,211,Hibernating
14253,United Kingdom,2010-03-26,2010-08-03,494,2,363.40,1,2,2,2,122,Lost
14423,United Kingdom,2010-01-14,2011-05-05,219,3,914.96,2,3,3,3,233,At Risk
13940,United Kingdom,2011-07-18,2011-11-22,18,4,839.14,5,3,3,3,533,Loyal Customers
17592,United Kingdom,2009-12-01,2009-12-01,739,1,0.00,1,1,1,1,111,Lost
12605,Germany,2010-09-07,2010-11-28,377,3,1117.45,2,3,3,3,233,At Risk
13537,United Kingdom,2010-09-14,2010-10-10,426,2,717.85,1,2,3,3,123,At Risk
18224,United Kingdom,2011-03-21,2011-03-21,264,1,158.95,2,1,1,1,211,Hibernating
15992,United Kingdom,2010-09-12,2011-12-06,4,3,896.60,5,3,3,3,533,Loyal Customers
13731,United Kingdom,2011-04-07,2011-05-04,220,2,610.59,2,2,3,3,223,At Risk
15778,United Kingdom,2010-10-04,2010-10-04,432,1,307.95,1,1,2,2,112,Lost
16604,United Kingdom,2010-05-20,2010-05-26,563,2,326.25,1,2,2,2,122,Lost
17658,United Kingdom,2011-05-12,2011-11-14,26,2,485.88,4,2,2,2,422,Potential Loyalists
13559,United Kingdom,2010-06-14,2010-07-15,513,2,990.00,1,2,3,3,123,At Risk
12646,USA,2011-10-21,2011-12-05,5,2,1346.97,5,2,4,3,524,Loyal Customers
15067,United Kingdom,2010-04-11,2011-09-22,79,5,3850.13,3,4,5,5,345,Loyal Customers
12505,Italy,2010-10-27,2010-10-27,409,1,744.50,2,1,3,2,213,Hibernating
17106,United Kingdom,2010-11-15,2010-11-15,390,1,481.58,2,1,2,2,212,Hibernating
14764,United Kingdom,2011-10-24,2011-10-24,47,1,250.55,4,1,1,1,411,Promising
17233,United Kingdom,2009-12-15,2011-11-04,36,3,560.86,4,3,2,3,432,Loyal Customers
15388,Canada,2011-03-14,2011-03-14,271,1,140.54,2,1,1,1,211,Hibernating
17989,United Kingdom,2010-11-25,2010-11-25,380,1,207.33,2,1,1,1,211,Hibernating
14516,United Kingdom,2010-07-11,2010-07-11,517,1,151.17,1,1,1,1,111,Lost
16882,United Kingdom,2011-01-26,2011-10-04,67,3,705.12,3,3,3,3,333,Loyal Customers
15432,United Kingdom,2010-06-16,2011-11-16,24,2,301.26,4,2,2,2,422,Potential Loyalists
17248,United Kingdom,2010-08-15,2011-08-11,121,2,500.54,3,2,2,2,322,Need Attention
14310,United Kingdom,2010-10-03,2010-10-03,433,1,492.10,1,1,2,2,112,Lost
17495,United Kingdom,2010-11-14,2011-12-02,8,3,759.07,5,3,3,3,533,Loyal Customers
14726,United Kingdom,2010-02-23,2010-02-23,655,1,116.50,1,1,1,1,111,Lost
12659,France,2011-11-10,2011-11-10,30,1,73.68,4,1,1,1,411,Promising
16698,United Kingdom,2011-03-31,2011-04-27,227,2,1998.00,2,2,4,3,224,At Risk
17118,United Kingdom,2011-01-26,2011-01-26,318,1,157.02,2,1,1,1,211,Hibernating
12784,Portugal,2010-06-28,2011-11-24,16,2,1511.15,5,2,4,3,524,Loyal Customers
15330,United Kingdom,2011-10-10,2011-11-07,33,2,714.96,4,2,3,3,423,Loyal Customers
13459,United Kingdom,2010-01-26,2010-03-25,625,2,1160.41,1,2,3,3,123,At Risk
12865,Austria,2010-08-20,2011-11-13,27,4,3303.31,4,3,5,4,435,Champions
12571,France,2011-08-10,2011-10-31,40,2,519.61,4,2,2,2,422,Potential Loyalists
17285,United Kingdom,2010-02-14,2010-03-21,629,2,400.44,1,2,2,2,122,Lost
17040,United Kingdom,2010-06-07,2011-07-25,138,2,463.25,3,2,2,2,322,Need Attention
17586,United Kingdom,2010-03-30,2010-03-30,620,1,167.40,1,1,1,1,111,Lost
17831,United Kingdom,2011-11-06,2011-11-06,34,1,35.40,4,1,1,1,411,Promising
18107,United Kingdom,2010-09-23,2010-09-23,443,1,165.88,1,1,1,1,111,Lost
13179,United Kingdom,2010-03-31,2010-03-31,619,1,572.31,1,1,2,2,112,Lost
13500,United Kingdom,2010-11-03,2011-11-16,24,4,1436.30,4,3,4,4,434,Champions
17494,United Kingdom,2010-07-26,2010-07-26,502,1,54.70,1,1,1,1,111,Lost
14989,United Kingdom,2010-02-16,2010-02-16,662,1,342.40,1,1,2,2,112,Lost
16378,United Kingdom,2011-02-02,2011-04-06,248,3,362.95,2,3,2,3,232,At Risk
14678,United Kingdom,2010-05-09,2010-05-09,580,1,386.44,1,1,2,2,112,Lost
13600,United Kingdom,2010-03-15,2011-01-31,313,2,518.42,2,2,2,2,222,Hibernating
16982,United Kingdom,2011-10-10,2011-10-10,61,1,384.06,3,1,2,2,312,Need Attention
16345,United Kingdom,2010-08-13,2011-10-26,45,2,1178.79,4,2,4,3,424,Loyal Customers
17626,United Kingdom,2010-04-16,2010-04-16,603,1,254.00,1,1,1,1,111,Lost
18265,United Kingdom,2011-07-04,2011-09-28,73,2,801.51,3,2,3,3,323,Loyal Customers
17441,United Kingdom,2009-12-07,2009-12-07,733,1,293.35,1,1,2,2,112,Lost
17810,United Kingdom,2010-01-25,2010-02-09,669,2,343.21,1,2,2,2,122,Lost
13380,United Kingdom,2010-10-03,2010-10-03,433,1,62.40,1,1,1,1,111,Lost
15139,United Kingdom,2011-01-07,2011-04-14,240,2,178.96,2,2,1,2,221,Hibernating
16219,United Kingdom,2010-07-27,2010-07-27,501,1,40.80,1,1,1,1,111,Lost
18068,United Kingdom,2011-02-23,2011-02-23,290,1,101.70,2,1,1,1,211,Hibernating
17953,United Kingdom,2010-06-17,2010-06-17,541,1,148.67,1,1,1,1,111,Lost
16789,United Kingdom,2011-12-01,2011-12-01,9,1,80.80,5,1,1,1,511,New Customers
17264,United Kingdom,2010-10-11,2010-10-11,425,1,268.28,1,1,1,1,111,Lost
14614,United Kingdom,2010-11-18,2010-11-18,387,1,295.13,2,1,2,2,212,Hibernating
14444,United Kingdom,2010-09-09,2010-09-09,457,1,120.44,1,1,1,1,111,Lost
13932,United Kingdom,2011-02-18,2011-02-18,295,1,307.40,2,1,2,2,212,Hibernating
15510,United Kingdom,2011-01-13,2011-01-13,331,1,250.00,2,1,1,1,211,Hibernating
17234,United Kingdom,2011-06-10,2011-06-10,183,1,149.89,3,1,1,1,311,About to Sleep
12661,Sweden,2010-09-29,2010-09-29,437,1,162.00,1,1,1,1,111,Lost
12890,United Kingdom,2010-11-17,2011-11-15,25,2,706.02,4,2,3,3,423,Loyal Customers
12618,Italy,2011-11-18,2011-11-18,22,1,137.31,4,1,1,1,411,Promising
15345,United Kingdom,2011-10-25,2011-10-25,46,1,367.69,4,1,2,2,412,Potential Loyalists
18098,United Kingdom,2010-11-08,2010-11-08,397,1,527.94,2,1,2,2,212,Hibernating
17761,United Kingdom,2011-11-07,2011-11-07,33,1,712.78,4,1,3,2,413,Potential Loyalists
15319,United Kingdom,2011-03-01,2011-03-01,284,1,204.50,2,1,1,1,211,Hibernating
15457,United Kingdom,2011-03-22,2011-03-22,263,1,237.07,2,1,1,1,211,Hibernating
15374,United Kingdom,2010-03-25,2011-08-03,129,2,307.32,3,2,2,2,322,Need Attention
12825,United Kingdom,2010-03-08,2010-07-06,522,2,518.63,1,2,2,2,122,Lost
15909,United Kingdom,2011-06-19,2011-06-19,174,1,191.94,3,1,1,1,311,About to Sleep
15585,United Kingdom,2011-06-16,2011-06-16,177,1,455.30,3,1,2,2,312,Need Attention
17297,United Kingdom,2011-11-22,2011-11-22,18,1,128.18,5,1,1,1,511,New Customers
18216,United Kingdom,2011-11-08,2011-11-08,32,1,481.75,4,1,2,2,412,Potential Loyalists
16937,United Kingdom,2010-07-28,2010-07-28,500,1,196.25,1,1,1,1,111,Lost
15348,United Kingdom,2011-09-28,2011-09-28,73,1,158.04,3,1,1,1,311,About to Sleep
18249,United Kingdom,2011-11-22,2011-11-22,18,1,95.34,5,1,1,1,511,New Customers
17060,United Kingdom,2011-03-18,2011-03-18,267,1,234.24,2,1,1,1,211,Hibernating
14874,United Kingdom,2010-06-22,2010-06-22,536,1,116.18,1,1,1,1,111,Lost
16664,United Kingdom,2010-05-19,2010-05-19,570,1,109.20,1,1,1,1,111,Lost
14222,United Kingdom,2011-06-15,2011-06-15,178,1,683.17,3,1,3,2,313,Need Attention
13671,United Kingdom,2010-11-10,2010-11-10,395,1,172.60,2,1,1,1,211,Hibernating
14274,United Kingdom,2010-01-22,2010-01-22,687,1,256.60,1,1,1,1,111,Lost
12777,United Kingdom,2010-09-08,2010-09-08,458,1,519.45,1,1,2,2,112,Lost
13934,United Kingdom,2011-03-21,2011-03-21,264,1,922.10,2,1,3,2,213,Hibernating
15496,United Kingdom,2010-03-18,2010-03-18,632,1,146.14,1,1,1,1,111,Lost
